budget,compression,condition,empirical_entropy,family,model,seed,selected,selected_count,style,temperature,unique_semantics
4,0.0,base,-0.0,16,qwen1.5b,11,[],0,instruction,1.0,1
16,0.265993265993266,base,1.7479662368880953,16,qwen1.5b,11,[214],1,instruction,1.0,8
64,0.4713804713804714,base,2.4201203675371974,16,qwen1.5b,11,"[214, 222]",2,instruction,1.0,25
4,0.4713804713804714,base,1.3862943611198906,16,qwen1.5b,11,"[214, 222]",2,concise,1.0,4
16,0.4713804713804714,base,1.749778989184166,16,qwen1.5b,11,"[214, 222]",2,concise,1.0,7
64,0.4713804713804714,base,2.1487844124532476,16,qwen1.5b,11,"[214, 222]",2,concise,1.0,17
4,0.0,base,0.5623351446188083,16,qwen1.5b,11,[],0,fewshot,1.0,2
16,0.265993265993266,base,2.009709181894145,16,qwen1.5b,11,[214],1,fewshot,1.0,9
64,0.4713804713804714,base,2.5224120331609288,16,qwen1.5b,11,"[214, 222]",2,fewshot,1.0,18
4,0.0,base,1.0397207708399179,16,qwen1.5b,11,[],0,instruction,1.5,3
16,0.265993265993266,base,2.3933121229745242,16,qwen1.5b,11,[214],1,instruction,1.5,12
64,0.5454545454545454,base,3.067142809326316,16,qwen1.5b,11,"[29, 214, 222]",3,instruction,1.5,32
4,0.29754601226993865,base,0.5623351446188083,17,qwen1.5b,11,"[143, 155]",2,instruction,1.0,2
16,0.29754601226993865,base,1.5366498974881577,17,qwen1.5b,11,"[143, 155]",2,instruction,1.0,8
64,0.5828220858895705,base,2.5310295017827613,17,qwen1.5b,11,"[143, 235, 249]",3,instruction,1.0,24
4,0.4110429447852761,base,0.5623351446188083,17,qwen1.5b,11,"[143, 235]",2,concise,1.0,2
16,0.5828220858895705,base,0.46341355882643,17,qwen1.5b,11,"[143, 235, 249]",3,concise,1.0,3
64,0.5828220858895705,base,0.6652273750632514,17,qwen1.5b,11,"[143, 235, 249]",3,concise,1.0,4
4,0.2607361963190184,base,1.0397207708399179,17,qwen1.5b,11,"[143, 239]",2,fewshot,1.0,3
16,0.3159509202453988,base,1.64622455382987,17,qwen1.5b,11,"[11, 143, 239]",3,fewshot,1.0,8
64,0.3987730061349693,base,2.558590576577352,17,qwen1.5b,11,"[11, 143, 249]",3,fewshot,1.0,25
4,0.3619631901840491,base,1.3862943611198906,17,qwen1.5b,11,"[143, 155, 239]",3,instruction,1.5,4
16,0.3619631901840491,base,2.252728336819822,17,qwen1.5b,11,"[143, 155, 239]",3,instruction,1.5,11
64,0.5828220858895705,base,3.1811050319225966,17,qwen1.5b,11,"[143, 235, 249]",3,instruction,1.5,32
4,0.08708708708708708,base,0.6931471805599453,18,qwen1.5b,11,[44],1,instruction,1.0,2
16,0.44744744744744747,base,1.7214023220140038,18,qwen1.5b,11,"[44, 69, 186]",3,instruction,1.0,7
64,0.6006006006006006,base,2.17366292290928,18,qwen1.5b,11,"[69, 84, 186]",3,instruction,1.0,15
4,0.3063063063063063,base,0.6931471805599453,18,qwen1.5b,11,"[44, 69]",2,concise,1.0,2
16,0.4294294294294294,base,1.5746794417481091,18,qwen1.5b,11,"[69, 84]",2,concise,1.0,7
64,0.6006006006006006,base,1.7980738464996622,18,qwen1.5b,11,"[69, 84, 186]",3,concise,1.0,11
4,0.21921921921921922,base,0.5623351446188083,18,qwen1.5b,11,[69],1,fewshot,1.0,2
16,0.4294294294294294,base,1.64622455382987,18,qwen1.5b,11,"[69, 84]",2,fewshot,1.0,8
64,0.6006006006006006,base,1.8951125869470637,18,qwen1.5b,11,"[69, 84, 186]",3,fewshot,1.0,15
4,0.08708708708708708,base,1.0397207708399179,18,qwen1.5b,11,[44],1,instruction,1.5,3
16,0.44744744744744747,base,2.1660849392498287,18,qwen1.5b,11,"[44, 69, 186]",3,instruction,1.5,10
64,0.6006006006006006,base,2.8740785690555626,18,qwen1.5b,11,"[69, 84, 186]",3,instruction,1.5,28
4,0.26578073089701,base,1.3862943611198906,19,qwen1.5b,11,"[143, 215]",2,instruction,1.0,4
16,0.43521594684385384,base,2.599301927099795,19,qwen1.5b,11,"[194, 215]",2,instruction,1.0,14
64,0.43521594684385384,base,3.1753424989487233,19,qwen1.5b,11,"[194, 215]",2,instruction,1.0,31
4,0.2591362126245847,base,0.6931471805599453,19,qwen1.5b,11,"[215, 250]",2,concise,1.0,2
16,0.43521594684385384,base,1.6347589244440106,19,qwen1.5b,11,"[194, 215]",2,concise,1.0,6
64,0.43521594684385384,base,2.3353210360410337,19,qwen1.5b,11,"[194, 215]",2,concise,1.0,19
4,0.31893687707641194,base,1.3862943611198906,19,qwen1.5b,11,"[194, 250]",2,fewshot,1.0,4
16,0.35714285714285715,base,2.1660849392498287,19,qwen1.5b,11,"[14, 194, 250]",3,fewshot,1.0,10
64,0.43521594684385384,base,2.6564644937827544,19,qwen1.5b,11,"[194, 215]",2,fewshot,1.0,23
4,0.26578073089701,base,1.3862943611198906,19,qwen1.5b,11,"[143, 215]",2,instruction,1.5,4
16,0.43521594684385384,base,2.685945324669788,19,qwen1.5b,11,"[194, 215]",2,instruction,1.5,15
64,0.43521594684385384,base,3.283849885620346,19,qwen1.5b,11,"[194, 215]",2,instruction,1.5,34
4,0.3413654618473896,base,1.3862943611198906,20,qwen1.5b,11,"[42, 140]",2,instruction,1.0,4
16,0.3413654618473896,base,2.0963525794641384,20,qwen1.5b,11,"[42, 140]",2,instruction,1.0,10
64,0.4036144578313253,base,2.8555005262947244,20,qwen1.5b,11,"[6, 140]",2,instruction,1.0,24
4,0.3413654618473896,base,1.3862943611198906,20,qwen1.5b,11,"[42, 140]",2,concise,1.0,4
16,0.3413654618473896,base,1.7170759801988815,20,qwen1.5b,11,"[42, 140]",2,concise,1.0,7
64,0.4036144578313253,base,2.2537239766498756,20,qwen1.5b,11,"[6, 140]",2,concise,1.0,16
4,0.26506024096385544,base,1.3862943611198906,20,qwen1.5b,11,[140],1,fewshot,1.0,4
16,0.3373493975903614,base,2.1333819302645445,20,qwen1.5b,11,"[73, 140]",2,fewshot,1.0,10
64,0.4036144578313253,base,3.0608504613417264,20,qwen1.5b,11,"[6, 140]",2,fewshot,1.0,26
4,0.26506024096385544,base,1.3862943611198906,20,qwen1.5b,11,[140],1,instruction,1.5,4
16,0.3373493975903614,base,2.1873223188492537,20,qwen1.5b,11,"[73, 140]",2,instruction,1.5,10
64,0.4036144578313253,base,3.368330112282778,20,qwen1.5b,11,"[6, 140]",2,instruction,1.5,36
4,0.2450229709035222,base,1.0397207708399179,21,qwen1.5b,11,[131],1,instruction,1.0,3
16,0.4655436447166922,base,1.8080457195839967,21,qwen1.5b,11,"[131, 217]",2,instruction,1.0,8
64,0.4655436447166922,base,2.3878284792808726,21,qwen1.5b,11,"[131, 217]",2,instruction,1.0,22
4,0.2450229709035222,base,1.0397207708399179,21,qwen1.5b,11,[131],1,concise,1.0,3
16,0.4655436447166922,base,1.6674619334292948,21,qwen1.5b,11,"[131, 217]",2,concise,1.0,7
64,0.5696784073506891,base,1.7657500017407421,21,qwen1.5b,11,"[30, 131, 217]",3,concise,1.0,14
4,0.2450229709035222,base,0.6931471805599453,21,qwen1.5b,11,[131],1,fewshot,1.0,2
16,0.4655436447166922,base,1.5977295736436044,21,qwen1.5b,11,"[131, 217]",2,fewshot,1.0,7
64,0.5696784073506891,base,2.3442270138500443,21,qwen1.5b,11,"[30, 131, 217]",3,fewshot,1.0,19
4,0.2450229709035222,base,1.0397207708399179,21,qwen1.5b,11,[131],1,instruction,1.5,3
16,0.4655436447166922,base,2.252728336819822,21,qwen1.5b,11,"[131, 217]",2,instruction,1.5,11
64,0.4655436447166922,base,2.999233794409725,21,qwen1.5b,11,"[131, 217]",2,instruction,1.5,29
4,0.26548672566371684,base,1.3862943611198906,22,qwen1.5b,11,[178],1,instruction,1.0,4
16,0.5380530973451327,base,2.269639374604125,22,qwen1.5b,11,"[23, 178, 191]",3,instruction,1.0,12
64,0.5380530973451327,base,2.511070836627223,22,qwen1.5b,11,"[23, 178, 191]",3,instruction,1.0,24
4,0.431858407079646,base,1.0397207708399179,22,qwen1.5b,11,"[178, 191]",2,concise,1.0,3
16,0.431858407079646,base,1.331660286822432,22,qwen1.5b,11,"[178, 191]",2,concise,1.0,5
64,0.431858407079646,base,1.249930581652956,22,qwen1.5b,11,"[178, 191]",2,concise,1.0,8
4,0.431858407079646,base,1.0397207708399179,22,qwen1.5b,11,"[178, 191]",2,fewshot,1.0,3
16,0.431858407079646,base,1.977006172908861,22,qwen1.5b,11,"[178, 191]",2,fewshot,1.0,9
64,0.431858407079646,base,2.111579165602361,22,qwen1.5b,11,"[178, 191]",2,fewshot,1.0,17
4,0.26548672566371684,base,1.3862943611198906,22,qwen1.5b,11,[178],1,instruction,1.5,4
16,0.5380530973451327,base,2.5665989181145106,22,qwen1.5b,11,"[23, 178, 191]",3,instruction,1.5,14
64,0.5380530973451327,base,3.404399002513555,22,qwen1.5b,11,"[23, 178, 191]",3,instruction,1.5,40
4,0.37978560490045943,base,0.6931471805599453,23,qwen1.5b,11,"[210, 236]",2,instruction,1.0,2
16,0.37978560490045943,base,1.923065784324152,23,qwen1.5b,11,"[210, 236]",2,instruction,1.0,9
64,0.5880551301684533,base,2.8440982642695003,23,qwen1.5b,11,"[203, 210, 236]",3,instruction,1.0,27
4,0.37978560490045943,base,0.6931471805599453,23,qwen1.5b,11,"[210, 236]",2,concise,1.0,2
16,0.37978560490045943,base,1.4183036843924253,23,qwen1.5b,11,"[210, 236]",2,concise,1.0,6
64,0.37978560490045943,base,1.8231440050722287,23,qwen1.5b,11,"[210, 236]",2,concise,1.0,17
4,0.37978560490045943,base,1.3862943611198906,23,qwen1.5b,11,"[210, 236]",2,fewshot,1.0,4
16,0.37978560490045943,base,2.3933121229745242,23,qwen1.5b,11,"[210, 236]",2,fewshot,1.0,12
64,0.5880551301684533,base,2.767793789853389,23,qwen1.5b,11,"[203, 210, 236]",3,fewshot,1.0,26
4,0.37978560490045943,base,1.0397207708399179,23,qwen1.5b,11,"[210, 236]",2,instruction,1.5,3
16,0.37978560490045943,base,2.252728336819822,23,qwen1.5b,11,"[210, 236]",2,instruction,1.5,11
64,0.5880551301684533,base,3.152803203811575,23,qwen1.5b,11,"[203, 210, 236]",3,instruction,1.5,32
4,0.17364341085271318,base,1.0397207708399179,24,qwen1.5b,11,"[61, 130]",2,instruction,1.0,3
16,0.40310077519379844,base,1.749778989184166,24,qwen1.5b,11,"[61, 130, 181]",3,instruction,1.0,7
64,0.40310077519379844,base,2.3936181075525536,24,qwen1.5b,11,"[61, 130, 181]",3,instruction,1.0,21
4,0.17364341085271318,base,1.0397207708399179,24,qwen1.5b,11,"[61, 130]",2,concise,1.0,3
16,0.40310077519379844,base,1.4402347497045995,24,qwen1.5b,11,"[61, 130, 181]",3,concise,1.0,6
64,0.40310077519379844,base,1.8723607909589757,24,qwen1.5b,11,"[61, 130, 181]",3,concise,1.0,15
4,0.17364341085271318,base,0.6931471805599453,24,qwen1.5b,11,"[61, 130]",2,fewshot,1.0,2
16,0.40310077519379844,base,1.5746794417481091,24,qwen1.5b,11,"[61, 130, 181]",3,fewshot,1.0,7
64,0.5922480620155038,base,2.0731587444214004,24,qwen1.5b,11,"[61, 169, 181]",3,fewshot,1.0,17
4,0.17364341085271318,base,1.0397207708399179,24,qwen1.5b,11,"[61, 130]",2,instruction,1.5,3
16,0.40310077519379844,base,2.220025327834538,24,qwen1.5b,11,"[61, 130, 181]",3,instruction,1.5,11
64,0.49612403100775193,base,2.8438184976236696,24,qwen1.5b,11,"[25, 61, 181]",3,instruction,1.5,26
4,0.25,base,1.3862943611198906,25,qwen1.5b,11,"[47, 131]",2,instruction,1.0,4
16,0.4486301369863014,base,1.6462245538298699,25,qwen1.5b,11,"[47, 176]",2,instruction,1.0,8
64,0.4486301369863014,base,2.016236175746369,25,qwen1.5b,11,"[47, 176]",2,instruction,1.0,16
4,0.25,base,1.0397207708399179,25,qwen1.5b,11,"[47, 131]",2,concise,1.0,3
16,0.4486301369863014,base,1.3633631023481716,25,qwen1.5b,11,"[47, 176]",2,concise,1.0,6
64,0.4486301369863014,base,1.6054367353186547,25,qwen1.5b,11,"[47, 176]",2,concise,1.0,13
4,0.20205479452054795,base,0.6931471805599453,25,qwen1.5b,11,[47],1,fewshot,1.0,2
16,0.4486301369863014,base,1.229918603764207,25,qwen1.5b,11,"[47, 176]",2,fewshot,1.0,5
64,0.4486301369863014,base,1.9741772466919365,25,qwen1.5b,11,"[47, 176]",2,fewshot,1.0,15
4,0.125,base,1.3862943611198906,25,qwen1.5b,11,"[1, 15]",2,instruction,1.5,4
16,0.4486301369863014,base,2.599301927099795,25,qwen1.5b,11,"[47, 176]",2,instruction,1.5,14
64,0.4486301369863014,base,3.0028987125961377,25,qwen1.5b,11,"[47, 176]",2,instruction,1.5,30
4,0.13031161473087818,base,1.3862943611198906,26,qwen1.5b,11,[24],1,instruction,1.0,4
16,0.42776203966005666,base,2.306668725404531,26,qwen1.5b,11,"[123, 181, 240]",3,instruction,1.0,11
64,0.6005665722379604,base,2.6613509917202807,26,qwen1.5b,11,"[46, 123, 240]",3,instruction,1.0,26
4,0.20396600566572237,base,0.5623351446188083,26,qwen1.5b,11,[46],1,concise,1.0,2
16,0.6005665722379604,base,1.5268781472745927,26,qwen1.5b,11,"[46, 123, 240]",3,concise,1.0,7
64,0.6005665722379604,base,1.7191259178041647,26,qwen1.5b,11,"[46, 123, 240]",3,concise,1.0,12
4,0.036827195467422094,base,1.0397207708399179,26,qwen1.5b,11,[181],1,fewshot,1.0,3
16,0.6005665722379604,base,2.220025327834538,26,qwen1.5b,11,"[46, 123, 240]",3,fewshot,1.0,10
64,0.6005665722379604,base,2.597194692405376,26,qwen1.5b,11,"[46, 123, 240]",3,fewshot,1.0,22
4,0.0,base,1.3862943611198906,26,qwen1.5b,11,[],0,instruction,1.5,4
16,0.42776203966005666,base,2.599301927099795,26,qwen1.5b,11,"[123, 181, 240]",3,instruction,1.5,14
64,0.6005665722379604,base,3.3011095541385815,26,qwen1.5b,11,"[46, 123, 240]",3,instruction,1.5,36
4,0.1947449768160742,base,1.3862943611198906,27,qwen1.5b,11,[198],1,instruction,1.0,4
16,0.3678516228748068,base,2.0963525794641384,27,qwen1.5b,11,"[83, 198]",2,instruction,1.0,10
64,0.5935085007727975,base,2.5825269528140797,27,qwen1.5b,11,"[83, 198, 250]",3,instruction,1.0,26
4,0.42040185471406494,base,0.6931471805599453,27,qwen1.5b,11,"[198, 250]",2,concise,1.0,2
16,0.5935085007727975,base,1.3535913521346064,27,qwen1.5b,11,"[83, 198, 250]",3,concise,1.0,5
64,0.5935085007727975,base,1.5190718262380263,27,qwen1.5b,11,"[83, 198, 250]",3,concise,1.0,14
4,0.3678516228748068,base,1.0397207708399179,27,qwen1.5b,11,"[83, 198]",2,fewshot,1.0,3
16,0.3678516228748068,base,1.8346096344580887,27,qwen1.5b,11,"[83, 198]",2,fewshot,1.0,9
64,0.5935085007727975,base,1.9579253306672275,27,qwen1.5b,11,"[83, 198, 250]",3,fewshot,1.0,19
4,0.11591962905718702,base,1.3862943611198906,27,qwen1.5b,11,[35],1,instruction,1.5,4
16,0.3956723338485317,base,2.599301927099795,27,qwen1.5b,11,"[7, 35, 198]",3,instruction,1.5,14
64,0.5935085007727975,base,3.1538847892653568,27,qwen1.5b,11,"[83, 198, 250]",3,instruction,1.5,31
4,0.4307178631051753,base,1.3862943611198906,28,qwen1.5b,11,"[42, 78]",2,instruction,1.0,4
16,0.4307178631051753,base,2.4260151319598084,28,qwen1.5b,11,"[42, 78]",2,instruction,1.0,12
64,0.46410684474123537,base,3.071469151141439,28,qwen1.5b,11,"[42, 78, 171]",3,instruction,1.0,27
4,0.4307178631051753,base,0.5623351446188083,28,qwen1.5b,11,"[42, 78]",2,concise,1.0,2
16,0.4307178631051753,base,1.1246702892376168,28,qwen1.5b,11,"[42, 78]",2,concise,1.0,4
64,0.4307178631051753,base,1.1841166094962186,28,qwen1.5b,11,"[42, 78]",2,concise,1.0,6
4,0.4307178631051753,base,0.6931471805599453,28,qwen1.5b,11,"[42, 78]",2,fewshot,1.0,2
16,0.46410684474123537,base,1.8946891171539901,28,qwen1.5b,11,"[42, 78, 171]",3,fewshot,1.0,9
64,0.46410684474123537,base,2.0702157101382364,28,qwen1.5b,11,"[42, 78, 171]",3,fewshot,1.0,16
4,0.4307178631051753,base,1.3862943611198906,28,qwen1.5b,11,"[42, 78]",2,instruction,1.5,4
16,0.4307178631051753,base,2.599301927099795,28,qwen1.5b,11,"[42, 78]",2,instruction,1.5,14
64,0.46410684474123537,base,3.443901631979042,28,qwen1.5b,11,"[42, 78, 171]",3,instruction,1.5,38
4,0.0,base,1.0397207708399179,29,qwen1.5b,11,[],0,instruction,1.0,3
16,0.24273504273504273,base,1.9770061729088613,29,qwen1.5b,11,[155],1,instruction,1.0,9
64,0.28376068376068375,base,2.5565397616064596,29,qwen1.5b,11,"[107, 155]",2,instruction,1.0,20
4,0.0,base,1.0397207708399179,29,qwen1.5b,11,[],0,concise,1.0,3
16,0.19145299145299147,base,1.803719377768875,29,qwen1.5b,11,"[19, 107]",2,concise,1.0,7
64,0.28376068376068375,base,1.9115722245349063,29,qwen1.5b,11,"[107, 155]",2,concise,1.0,14
4,0.0,base,1.3862943611198906,29,qwen1.5b,11,[],0,fewshot,1.0,4
16,0.28376068376068375,base,2.0467385326945515,29,qwen1.5b,11,"[107, 155]",2,fewshot,1.0,9
64,0.28376068376068375,base,2.83166503429616,29,qwen1.5b,11,"[107, 155]",2,fewshot,1.0,23
4,0.0,base,1.3862943611198906,29,qwen1.5b,11,[],0,instruction,1.5,4
16,0.28376068376068375,base,2.3933121229745242,29,qwen1.5b,11,"[107, 155]",2,instruction,1.5,12
64,0.28376068376068375,base,2.8536056503344875,29,qwen1.5b,11,"[107, 155]",2,instruction,1.5,24
4,0.2740157480314961,base,1.0397207708399179,30,qwen1.5b,11,[101],1,instruction,1.0,3
16,0.2740157480314961,base,2.0140355237092673,30,qwen1.5b,11,[101],1,instruction,1.0,9
64,0.3984251968503937,base,2.915865494312761,30,qwen1.5b,11,"[10, 101, 153]",3,instruction,1.0,25
4,0.2740157480314961,base,0.5623351446188083,30,qwen1.5b,11,[101],1,concise,1.0,2
16,0.2740157480314961,base,1.2468296415485096,30,qwen1.5b,11,[101],1,concise,1.0,6
64,0.49133858267716535,base,1.5601164984792348,30,qwen1.5b,11,"[101, 153, 226]",3,concise,1.0,13
4,0.2740157480314961,base,0.5623351446188083,30,qwen1.5b,11,[101],1,fewshot,1.0,2
16,0.3669291338582677,base,1.6462245538298699,30,qwen1.5b,11,"[10, 101]",2,fewshot,1.0,8
64,0.49133858267716535,base,2.2903929704829786,30,qwen1.5b,11,"[101, 153, 226]",3,fewshot,1.0,18
4,0.0,base,1.3862943611198906,30,qwen1.5b,11,[],0,instruction,1.5,4
16,0.2740157480314961,base,2.685945324669788,30,qwen1.5b,11,[101],1,instruction,1.5,15
64,0.3984251968503937,base,3.5793494946620745,30,qwen1.5b,11,"[10, 101, 153]",3,instruction,1.5,41
4,0.3935860058309038,base,1.0397207708399179,31,qwen1.5b,11,"[132, 145]",2,instruction,1.0,3
16,0.3935860058309038,base,1.4740568252732047,31,qwen1.5b,11,"[132, 145]",2,instruction,1.0,5
64,0.6064139941690962,base,2.35469507927154,31,qwen1.5b,11,"[132, 145, 220]",3,instruction,1.0,17
4,0.3935860058309038,base,1.0397207708399179,31,qwen1.5b,11,"[132, 145]",2,concise,1.0,3
16,0.6064139941690962,base,1.2996509635498974,31,qwen1.5b,11,"[132, 145, 220]",3,concise,1.0,5
64,0.6064139941690962,base,1.6825602189175268,31,qwen1.5b,11,"[132, 145, 220]",3,concise,1.0,9
4,0.3935860058309038,base,1.0397207708399179,31,qwen1.5b,11,"[132, 145]",2,fewshot,1.0,3
16,0.3935860058309038,base,1.4614721293040243,31,qwen1.5b,11,"[132, 145]",2,fewshot,1.0,5
64,0.6064139941690962,base,2.1811794778182687,31,qwen1.5b,11,"[132, 145, 220]",3,fewshot,1.0,16
4,0.3935860058309038,base,1.3862943611198906,31,qwen1.5b,11,"[132, 145]",2,instruction,1.5,4
16,0.3935860058309038,base,1.8576597663535837,31,qwen1.5b,11,"[132, 145]",2,instruction,1.5,8
64,0.6064139941690962,base,2.9842139237357497,31,qwen1.5b,11,"[132, 145, 220]",3,instruction,1.5,29
4,0.2053872053872054,base,1.3862943611198906,16,qwen1.5b,22,[222],1,instruction,1.0,4
16,0.4713804713804714,base,2.220025327834538,16,qwen1.5b,22,"[214, 222]",2,instruction,1.0,11
64,0.5454545454545454,base,2.595290566938915,16,qwen1.5b,22,"[29, 214, 222]",3,instruction,1.0,23
4,0.2053872053872054,base,1.3862943611198906,16,qwen1.5b,22,[222],1,concise,1.0,4
16,0.4713804713804714,base,1.6286198303328179,16,qwen1.5b,22,"[214, 222]",2,concise,1.0,7
64,0.4713804713804714,base,2.2515796751554977,16,qwen1.5b,22,"[214, 222]",2,concise,1.0,18
4,0.2053872053872054,base,1.3862943611198906,16,qwen1.5b,22,[222],1,fewshot,1.0,4
16,0.4713804713804714,base,1.977006172908861,16,qwen1.5b,22,"[214, 222]",2,fewshot,1.0,9
64,0.4713804713804714,base,2.5192135626245977,16,qwen1.5b,22,"[214, 222]",2,fewshot,1.0,19
4,0.07407407407407407,base,1.3862943611198906,16,qwen1.5b,22,[76],1,instruction,1.5,4
16,0.4713804713804714,base,2.3933121229745242,16,qwen1.5b,22,"[214, 222]",2,instruction,1.5,12
64,0.5454545454545454,base,3.271696422292835,16,qwen1.5b,22,"[29, 214, 222]",3,instruction,1.5,34
4,0.0,base,1.3862943611198906,17,qwen1.5b,22,[],0,instruction,1.0,4
16,0.19631901840490798,base,2.1829959770341314,17,qwen1.5b,22,[143],1,instruction,1.0,11
64,0.4110429447852761,base,2.82005554281513,17,qwen1.5b,22,"[143, 235]",2,instruction,1.0,31
4,0.19631901840490798,base,0.5623351446188083,17,qwen1.5b,22,[143],1,concise,1.0,2
16,0.4110429447852761,base,0.8222653373287878,17,qwen1.5b,22,"[143, 235]",2,concise,1.0,4
64,0.5828220858895705,base,1.1499243310294753,17,qwen1.5b,22,"[143, 235, 249]",3,concise,1.0,9
4,0.0,base,1.3862943611198906,17,qwen1.5b,22,[],0,fewshot,1.0,4
16,0.39723926380368096,base,2.1660849392498287,17,qwen1.5b,22,"[17, 143, 249]",3,fewshot,1.0,10
64,0.5828220858895705,base,2.6602538448213204,17,qwen1.5b,22,"[143, 235, 249]",3,fewshot,1.0,26
4,0.0,base,1.3862943611198906,17,qwen1.5b,22,[],0,instruction,1.5,4
16,0.19631901840490798,base,2.6859453246697877,17,qwen1.5b,22,[143],1,instruction,1.5,15
64,0.4110429447852761,base,3.492706097092081,17,qwen1.5b,22,"[143, 235]",2,instruction,1.5,40
4,0.3813813813813814,base,1.3862943611198906,18,qwen1.5b,22,"[84, 186]",2,instruction,1.0,4
16,0.6006006006006006,base,2.1873223188492537,18,qwen1.5b,22,"[69, 84, 186]",3,instruction,1.0,10
64,0.6006006006006006,base,2.45374449890421,18,qwen1.5b,22,"[69, 84, 186]",3,instruction,1.0,20
4,0.21021021021021022,base,0.6931471805599453,18,qwen1.5b,22,[84],1,concise,1.0,2
16,0.6006006006006006,base,1.7479662368880953,18,qwen1.5b,22,"[69, 84, 186]",3,concise,1.0,8
64,0.6006006006006006,base,2.094394336143267,18,qwen1.5b,22,"[69, 84, 186]",3,concise,1.0,13
4,0.21921921921921922,base,1.3862943611198906,18,qwen1.5b,22,[69],1,fewshot,1.0,4
16,0.3033033033033033,base,1.7479662368880953,18,qwen1.5b,22,"[61, 69]",2,fewshot,1.0,8
64,0.6006006006006006,base,2.0431106314981062,18,qwen1.5b,22,"[69, 84, 186]",3,fewshot,1.0,18
4,0.3813813813813814,base,1.3862943611198906,18,qwen1.5b,22,"[84, 186]",2,instruction,1.5,4
16,0.6006006006006006,base,2.479955520544517,18,qwen1.5b,22,"[69, 84, 186]",3,instruction,1.5,13
64,0.6006006006006006,base,3.0326252601674044,18,qwen1.5b,22,"[69, 84, 186]",3,instruction,1.5,28
4,0.053156146179401995,base,1.3862943611198906,19,qwen1.5b,22,[16],1,instruction,1.0,4
16,0.31727574750830567,base,2.1829959770341314,19,qwen1.5b,22,"[14, 215]",2,instruction,1.0,11
64,0.553156146179402,base,2.9669394755510057,19,qwen1.5b,22,"[35, 194, 215]",3,instruction,1.0,28
4,0.22591362126245848,base,1.0397207708399179,19,qwen1.5b,22,"[16, 250]",2,concise,1.0,3
16,0.2591362126245847,base,1.5977295736436044,19,qwen1.5b,22,"[215, 250]",2,concise,1.0,7
64,0.553156146179402,base,2.308309844149972,19,qwen1.5b,22,"[35, 194, 215]",3,concise,1.0,19
4,0.22591362126245848,base,1.3862943611198906,19,qwen1.5b,22,"[16, 250]",2,fewshot,1.0,4
16,0.3289036544850498,base,2.1333819302645445,19,qwen1.5b,22,"[125, 194, 250]",3,fewshot,1.0,10
64,0.43521594684385384,base,2.5173186866643618,19,qwen1.5b,22,"[194, 215]",2,fewshot,1.0,22
4,0.053156146179401995,base,1.3862943611198906,19,qwen1.5b,22,[16],1,instruction,1.5,4
16,0.23255813953488372,base,2.4260151319598084,19,qwen1.5b,22,"[17, 215]",2,instruction,1.5,13
64,0.43521594684385384,base,3.350617255690525,19,qwen1.5b,22,"[194, 215]",2,instruction,1.5,36
4,0.060240963855421686,base,1.3862943611198906,20,qwen1.5b,22,[228],1,instruction,1.0,4
16,0.26506024096385544,base,2.479955520544517,20,qwen1.5b,22,[140],1,instruction,1.0,13
64,0.3413654618473896,base,2.952825981025065,20,qwen1.5b,22,"[42, 140]",2,instruction,1.0,26
4,0.07228915662650602,base,1.0397207708399179,20,qwen1.5b,22,[73],1,concise,1.0,3
16,0.3654618473895582,base,1.7710163687835907,20,qwen1.5b,22,"[37, 73, 140]",3,concise,1.0,7
64,0.3413654618473896,base,1.9808366804940611,20,qwen1.5b,22,"[42, 140]",2,concise,1.0,13
4,0.07228915662650602,base,1.3862943611198906,20,qwen1.5b,22,"[72, 89]",2,fewshot,1.0,4
16,0.30120481927710846,base,2.599301927099795,20,qwen1.5b,22,"[72, 140]",2,fewshot,1.0,14
64,0.3413654618473896,base,3.006486602963944,20,qwen1.5b,22,"[42, 140]",2,fewshot,1.0,26
4,0.03614457831325301,base,1.3862943611198906,20,qwen1.5b,22,[89],1,instruction,1.5,4
16,0.26506024096385544,base,2.599301927099795,20,qwen1.5b,22,[140],1,instruction,1.5,14
64,0.4036144578313253,base,3.451827335860476,20,qwen1.5b,22,"[6, 140]",2,instruction,1.5,37
4,0.22358346094946402,base,1.0397207708399179,21,qwen1.5b,22,[217],1,instruction,1.0,3
16,0.4655436447166922,base,2.36060911398924,21,qwen1.5b,22,"[131, 217]",2,instruction,1.0,12
64,0.48545176110260335,base,2.7887648462620014,21,qwen1.5b,22,"[5, 131, 217]",3,instruction,1.0,25
4,0.22358346094946402,base,1.0397207708399179,21,qwen1.5b,22,[217],1,concise,1.0,3
16,0.4655436447166922,base,1.511086176073611,21,qwen1.5b,22,"[131, 217]",2,concise,1.0,6
64,0.4655436447166922,base,2.0989133339336785,21,qwen1.5b,22,"[131, 217]",2,concise,1.0,17
4,0.22358346094946402,base,1.0397207708399179,21,qwen1.5b,22,[217],1,fewshot,1.0,3
16,0.4655436447166922,base,2.1333819302645445,21,qwen1.5b,22,"[131, 217]",2,fewshot,1.0,10
64,0.48545176110260335,base,2.862409799960572,21,qwen1.5b,22,"[5, 131, 217]",3,fewshot,1.0,25
4,0.0,base,1.3862943611198906,21,qwen1.5b,22,[],0,instruction,1.5,4
16,0.3552833078101072,base,2.599301927099795,21,qwen1.5b,22,"[1, 131]",2,instruction,1.5,14
64,0.48545176110260335,base,3.2827683001665653,21,qwen1.5b,22,"[5, 131, 217]",3,instruction,1.5,32
4,0.2176991150442478,base,1.3862943611198906,22,qwen1.5b,22,[23],1,instruction,1.0,4
16,0.5380530973451327,base,2.2739657164192466,22,qwen1.5b,22,"[23, 178, 191]",3,instruction,1.0,11
64,0.5380530973451327,base,2.9066378748936046,22,qwen1.5b,22,"[23, 178, 191]",3,instruction,1.0,29
4,0.2831858407079646,base,0.5623351446188083,22,qwen1.5b,22,"[177, 191]",2,concise,1.0,2
16,0.431858407079646,base,0.9002560512685369,22,qwen1.5b,22,"[178, 191]",2,concise,1.0,3
64,0.5380530973451327,base,1.2980782092617544,22,qwen1.5b,22,"[23, 178, 191]",3,concise,1.0,7
4,0.06725663716814159,base,0.6931471805599453,22,qwen1.5b,22,[177],1,fewshot,1.0,2
16,0.431858407079646,base,1.9061547465398494,22,qwen1.5b,22,"[178, 191]",2,fewshot,1.0,8
64,0.431858407079646,base,2.0840268597552543,22,qwen1.5b,22,"[178, 191]",2,fewshot,1.0,15
4,0.0,base,1.0397207708399179,22,qwen1.5b,22,[],0,instruction,1.5,3
16,0.30796460176991153,base,2.599301927099795,22,qwen1.5b,22,"[191, 203]",2,instruction,1.5,14
64,0.5380530973451327,base,3.3543918270625834,22,qwen1.5b,22,"[23, 178, 191]",3,instruction,1.5,35
4,0.2113323124042879,base,1.0397207708399179,23,qwen1.5b,22,"[161, 210]",2,instruction,1.0,3
16,0.37978560490045943,base,2.3933121229745242,23,qwen1.5b,22,"[210, 236]",2,instruction,1.0,12
64,0.37978560490045943,base,2.926075493985909,23,qwen1.5b,22,"[210, 236]",2,instruction,1.0,28
4,0.37978560490045943,base,1.3862943611198906,23,qwen1.5b,22,"[210, 236]",2,concise,1.0,4
16,0.37978560490045943,base,1.4500064999181645,23,qwen1.5b,22,"[210, 236]",2,concise,1.0,7
64,0.37978560490045943,base,1.682645919558707,23,qwen1.5b,22,"[210, 236]",2,concise,1.0,14
4,0.25114854517611024,base,1.3862943611198906,23,qwen1.5b,22,"[160, 161, 210]",3,fewshot,1.0,4
16,0.37978560490045943,base,2.306668725404531,23,qwen1.5b,22,"[210, 236]",2,fewshot,1.0,11
64,0.37978560490045943,base,2.6822319777371764,23,qwen1.5b,22,"[210, 236]",2,fewshot,1.0,25
4,0.39509954058192953,base,1.3862943611198906,23,qwen1.5b,22,"[203, 210]",2,instruction,1.5,4
16,0.5880551301684533,base,2.5126585295298014,23,qwen1.5b,22,"[203, 210, 236]",3,instruction,1.5,13
64,0.5880551301684533,base,3.2096099997427494,23,qwen1.5b,22,"[203, 210, 236]",3,instruction,1.5,34
4,0.17364341085271318,base,1.0397207708399179,24,qwen1.5b,22,[61],1,instruction,1.0,3
16,0.5922480620155038,base,1.5481155268740174,24,qwen1.5b,22,"[61, 169, 181]",3,instruction,1.0,6
64,0.5922480620155038,base,2.410191483435649,24,qwen1.5b,22,"[61, 169, 181]",3,instruction,1.0,20
4,0.17364341085271318,base,0.5623351446188083,24,qwen1.5b,22,[61],1,concise,1.0,2
16,0.5922480620155038,base,1.1900763072081852,24,qwen1.5b,22,"[61, 169, 181]",3,concise,1.0,5
64,0.5922480620155038,base,1.778693812177697,24,qwen1.5b,22,"[61, 169, 181]",3,concise,1.0,17
4,0.17364341085271318,base,1.0397207708399179,24,qwen1.5b,22,[61],1,fewshot,1.0,3
16,0.5922480620155038,base,1.488036044178116,24,qwen1.5b,22,"[61, 169, 181]",3,fewshot,1.0,6
64,0.5922480620155038,base,2.198228538143393,24,qwen1.5b,22,"[61, 169, 181]",3,fewshot,1.0,16
4,0.0,base,1.0397207708399179,24,qwen1.5b,22,[],0,instruction,1.5,3
16,0.40310077519379844,base,2.2739657164192466,24,qwen1.5b,22,"[61, 181]",2,instruction,1.5,11
64,0.49612403100775193,base,3.0434173713953037,24,qwen1.5b,22,"[22, 61, 181]",3,instruction,1.5,27
4,0.4486301369863014,base,1.3862943611198906,25,qwen1.5b,22,"[47, 176]",2,instruction,1.0,4
16,0.4486301369863014,base,1.8734517375545652,25,qwen1.5b,22,"[47, 176]",2,instruction,1.0,8
64,0.4486301369863014,base,2.350890789618538,25,qwen1.5b,22,"[47, 176]",2,instruction,1.0,20
4,0.4486301369863014,base,1.3862943611198906,25,qwen1.5b,22,"[47, 176]",2,concise,1.0,4
16,0.4486301369863014,base,1.4183036843924253,25,qwen1.5b,22,"[47, 176]",2,concise,1.0,6
64,0.5428082191780822,base,1.7483476361741501,25,qwen1.5b,22,"[34, 47, 176]",3,concise,1.0,16
4,0.4486301369863014,base,1.3862943611198906,25,qwen1.5b,22,"[47, 176]",2,fewshot,1.0,4
16,0.4486301369863014,base,1.4614721293040243,25,qwen1.5b,22,"[47, 176]",2,fewshot,1.0,5
64,0.4486301369863014,base,1.9389304516630852,25,qwen1.5b,22,"[47, 176]",2,fewshot,1.0,15
4,0.25,base,1.3862943611198906,25,qwen1.5b,22,"[47, 131]",2,instruction,1.5,4
16,0.4486301369863014,base,2.220025327834538,25,qwen1.5b,22,"[47, 176]",2,instruction,1.5,11
64,0.5428082191780822,base,3.23219379282735,25,qwen1.5b,22,"[34, 47, 176]",3,instruction,1.5,36
4,0.3385269121813031,base,1.0397207708399179,26,qwen1.5b,22,"[14, 181, 240]",3,instruction,1.0,3
16,0.42776203966005666,base,2.1006789212792603,26,qwen1.5b,22,"[123, 181, 240]",3,instruction,1.0,9
64,0.6005665722379604,base,2.775498107443254,26,qwen1.5b,22,"[46, 123, 240]",3,instruction,1.0,25
4,0.3385269121813031,base,1.0397207708399179,26,qwen1.5b,22,"[14, 181, 240]",3,concise,1.0,3
16,0.6005665722379604,base,1.3686896376228386,26,qwen1.5b,22,"[46, 123, 240]",3,concise,1.0,5
64,0.6005665722379604,base,2.046652599785103,26,qwen1.5b,22,"[46, 123, 240]",3,concise,1.0,14
4,0.39660056657223797,base,1.0397207708399179,26,qwen1.5b,22,"[123, 240]",2,fewshot,1.0,3
16,0.6005665722379604,base,1.9770061729088613,26,qwen1.5b,22,"[46, 123, 240]",3,fewshot,1.0,9
64,0.6005665722379604,base,2.610481938068726,26,qwen1.5b,22,"[46, 123, 240]",3,fewshot,1.0,24
4,0.3073654390934844,base,1.3862943611198906,26,qwen1.5b,22,"[14, 240]",2,instruction,1.5,4
16,0.42776203966005666,base,2.5126585295298014,26,qwen1.5b,22,"[123, 181, 240]",3,instruction,1.5,13
64,0.6005665722379604,base,3.2052235985349946,26,qwen1.5b,22,"[46, 123, 240]",3,instruction,1.5,33
4,0.42040185471406494,base,1.3862943611198906,27,qwen1.5b,22,"[198, 250]",2,instruction,1.0,4
16,0.42040185471406494,base,2.4260151319598084,27,qwen1.5b,22,"[198, 250]",2,instruction,1.0,13
64,0.5935085007727975,base,2.892449541308523,27,qwen1.5b,22,"[83, 198, 250]",3,instruction,1.0,30
4,0.42040185471406494,base,0.6931471805599453,27,qwen1.5b,22,"[198, 250]",2,concise,1.0,2
16,0.5935085007727975,base,1.559581156259877,27,qwen1.5b,22,"[83, 198, 250]",3,concise,1.0,7
64,0.5935085007727975,base,2.379917968548737,27,qwen1.5b,22,"[83, 198, 250]",3,concise,1.0,25
4,0.1947449768160742,base,0.5623351446188083,27,qwen1.5b,22,[198],1,fewshot,1.0,2
16,0.3678516228748068,base,1.4729377586898837,27,qwen1.5b,22,"[83, 198]",2,fewshot,1.0,6
64,0.3678516228748068,base,2.3365962697637412,27,qwen1.5b,22,"[83, 198]",2,fewshot,1.0,22
4,0.1947449768160742,base,1.3862943611198906,27,qwen1.5b,22,[198],1,instruction,1.5,4
16,0.1947449768160742,base,2.599301927099795,27,qwen1.5b,22,[198],1,instruction,1.5,14
64,0.5935085007727975,base,3.4449832174328225,27,qwen1.5b,22,"[83, 198, 250]",3,instruction,1.5,38
4,0.21035058430717862,base,1.3862943611198906,28,qwen1.5b,22,[78],1,instruction,1.0,4
16,0.4307178631051753,base,2.5126585295298014,28,qwen1.5b,22,"[42, 78]",2,instruction,1.0,13
64,0.46410684474123537,base,3.0579840539952614,28,qwen1.5b,22,"[42, 78, 171]",3,instruction,1.0,28
4,0.21035058430717862,base,-0.0,28,qwen1.5b,22,[78],1,concise,1.0,1
16,0.4307178631051753,base,0.908908734898781,28,qwen1.5b,22,"[42, 78]",2,concise,1.0,5
64,0.4307178631051753,base,1.4495295685342413,28,qwen1.5b,22,"[42, 78]",2,concise,1.0,13
4,0.4307178631051753,base,0.5623351446188083,28,qwen1.5b,22,"[42, 78]",2,fewshot,1.0,2
16,0.4307178631051753,base,1.6800466293984755,28,qwen1.5b,22,"[42, 78]",2,fewshot,1.0,7
64,0.46410684474123537,base,2.1692320237540734,28,qwen1.5b,22,"[42, 78, 171]",3,fewshot,1.0,18
4,0.21035058430717862,base,1.3862943611198906,28,qwen1.5b,22,[78],1,instruction,1.5,4
16,0.35225375626043404,base,2.685945324669788,28,qwen1.5b,22,"[6, 78, 171]",3,instruction,1.5,15
64,0.46410684474123537,base,3.3353473366516635,28,qwen1.5b,22,"[42, 78, 171]",3,instruction,1.5,36
4,0.10256410256410256,base,1.0397207708399179,29,qwen1.5b,22,[107],1,instruction,1.0,3
16,0.28376068376068375,base,2.0963525794641384,29,qwen1.5b,22,"[107, 155]",2,instruction,1.0,10
64,0.4478632478632479,base,2.472135539049982,29,qwen1.5b,22,"[155, 251]",2,instruction,1.0,20
4,0.10256410256410256,base,0.5623351446188083,29,qwen1.5b,22,[107],1,concise,1.0,2
16,0.28376068376068375,base,0.9868994488385301,29,qwen1.5b,22,"[107, 155]",2,concise,1.0,4
64,0.4478632478632479,base,1.5510373098991967,29,qwen1.5b,22,"[155, 251]",2,concise,1.0,13
4,0.10256410256410256,base,1.0397207708399179,29,qwen1.5b,22,[107],1,fewshot,1.0,3
16,0.28376068376068375,base,1.6462245538298699,29,qwen1.5b,22,"[107, 155]",2,fewshot,1.0,8
64,0.5452991452991452,base,2.6909375449942137,29,qwen1.5b,22,"[11, 155, 251]",3,fewshot,1.0,26
4,0.22735042735042735,base,1.3862943611198906,29,qwen1.5b,22,[11],1,instruction,1.5,4
16,0.3452991452991453,base,2.512658529529802,29,qwen1.5b,22,"[11, 155]",2,instruction,1.5,13
64,0.5452991452991452,base,3.105080324152316,29,qwen1.5b,22,"[11, 155, 251]",3,instruction,1.5,29
4,0.3669291338582677,base,1.3862943611198906,30,qwen1.5b,22,"[10, 101]",2,instruction,1.0,4
16,0.3669291338582677,base,1.9273921261392741,30,qwen1.5b,22,"[10, 101]",2,instruction,1.0,9
64,0.3984251968503937,base,3.0240408177945177,30,qwen1.5b,22,"[10, 101, 153]",3,instruction,1.0,30
4,0.2740157480314961,base,0.5623351446188083,30,qwen1.5b,22,[101],1,concise,1.0,2
16,0.2740157480314961,base,0.6885673693022827,30,qwen1.5b,22,[101],1,concise,1.0,4
64,0.45984251968503936,base,1.4275695731543219,30,qwen1.5b,22,"[101, 226]",2,concise,1.0,14
4,0.3669291338582677,base,1.3862943611198906,30,qwen1.5b,22,"[10, 101]",2,fewshot,1.0,4
16,0.3669291338582677,base,1.8346096344580884,30,qwen1.5b,22,"[10, 101]",2,fewshot,1.0,9
64,0.3984251968503937,base,2.3720373854455,30,qwen1.5b,22,"[10, 101, 153]",3,fewshot,1.0,19
4,0.3669291338582677,base,1.3862943611198906,30,qwen1.5b,22,"[10, 101]",2,instruction,1.5,4
16,0.3669291338582677,base,2.339371734389815,30,qwen1.5b,22,"[10, 101]",2,instruction,1.5,11
64,0.47244094488188976,base,3.2869960596126413,30,qwen1.5b,22,"[10, 19, 101]",3,instruction,1.5,33
4,0.21574344023323616,base,1.0397207708399179,31,qwen1.5b,22,[145],1,instruction,1.0,3
16,0.3935860058309038,base,1.9273921261392741,31,qwen1.5b,22,"[132, 145]",2,instruction,1.0,9
64,0.3935860058309038,base,2.4050256578040816,31,qwen1.5b,22,"[132, 145]",2,instruction,1.0,20
4,0.17784256559766765,base,0.5623351446188083,31,qwen1.5b,22,[132],1,concise,1.0,2
16,0.6064139941690962,base,1.2468296415485096,31,qwen1.5b,22,"[132, 145, 220]",3,concise,1.0,6
64,0.6064139941690962,base,1.4794196317639101,31,qwen1.5b,22,"[132, 145, 220]",3,concise,1.0,10
4,0.3935860058309038,base,1.0397207708399179,31,qwen1.5b,22,"[132, 145]",2,fewshot,1.0,3
16,0.3935860058309038,base,1.9927981441098426,31,qwen1.5b,22,"[132, 145]",2,fewshot,1.0,9
64,0.3935860058309038,base,2.278721331833805,31,qwen1.5b,22,"[132, 145]",2,fewshot,1.0,18
4,0.21574344023323616,base,1.0397207708399179,31,qwen1.5b,22,[145],1,instruction,1.5,3
16,0.6064139941690962,base,2.269639374604125,31,qwen1.5b,22,"[132, 145, 220]",3,instruction,1.5,12
64,0.6064139941690962,base,3.000095672610308,31,qwen1.5b,22,"[132, 145, 220]",3,instruction,1.5,28
4,0.265993265993266,base,1.0397207708399179,16,qwen1.5b,33,[214],1,instruction,1.0,3
16,0.4713804713804714,base,1.8364223867541591,16,qwen1.5b,33,"[214, 222]",2,instruction,1.0,8
64,0.4713804713804714,base,2.294901373940494,16,qwen1.5b,33,"[214, 222]",2,instruction,1.0,19
4,0.265993265993266,base,0.5623351446188083,16,qwen1.5b,33,[214],1,concise,1.0,2
16,0.4713804713804714,base,1.541976432762825,16,qwen1.5b,33,"[214, 222]",2,concise,1.0,6
64,0.4713804713804714,base,1.8336641125028945,16,qwen1.5b,33,"[214, 222]",2,concise,1.0,13
4,0.265993265993266,base,1.3862943611198906,16,qwen1.5b,33,[214],1,fewshot,1.0,4
16,0.4713804713804714,base,2.133381930264545,16,qwen1.5b,33,"[214, 222]",2,fewshot,1.0,10
64,0.4713804713804714,base,2.44670074111617,16,qwen1.5b,33,"[214, 222]",2,fewshot,1.0,21
4,0.265993265993266,base,1.0397207708399179,16,qwen1.5b,33,[214],1,instruction,1.5,3
16,0.4713804713804714,base,2.220025327834538,16,qwen1.5b,33,"[214, 222]",2,instruction,1.5,11
64,0.5454545454545454,base,3.127194361618832,16,qwen1.5b,33,"[29, 214, 222]",3,instruction,1.5,33
4,0.19631901840490798,base,1.3862943611198906,17,qwen1.5b,33,[143],1,instruction,1.0,4
16,0.19631901840490798,base,1.9212530320280816,17,qwen1.5b,33,[143],1,instruction,1.0,10
64,0.4110429447852761,base,2.638592995428822,17,qwen1.5b,33,"[143, 235]",2,instruction,1.0,25
4,0.19631901840490798,base,0.5623351446188083,17,qwen1.5b,33,[143],1,concise,1.0,2
16,0.2852760736196319,base,0.46341355882643,17,qwen1.5b,33,"[35, 143]",2,concise,1.0,3
64,0.5828220858895705,base,1.2627576762480779,17,qwen1.5b,33,"[143, 235, 249]",3,concise,1.0,9
4,0.3773006134969325,base,1.3862943611198906,17,qwen1.5b,33,"[143, 249]",2,fewshot,1.0,4
16,0.39723926380368096,base,1.8346096344580884,17,qwen1.5b,33,"[17, 143, 249]",3,fewshot,1.0,9
64,0.5828220858895705,base,2.6186576903150467,17,qwen1.5b,33,"[143, 235, 249]",3,fewshot,1.0,24
4,0.19631901840490798,base,1.3862943611198906,17,qwen1.5b,33,[143],1,instruction,1.5,4
16,0.30214723926380366,base,2.4260151319598084,17,qwen1.5b,33,"[19, 143]",2,instruction,1.5,13
64,0.495398773006135,base,3.3477508483440603,17,qwen1.5b,33,"[33, 143, 235]",3,instruction,1.5,34
4,0.21021021021021022,base,1.0397207708399179,18,qwen1.5b,33,[84],1,instruction,1.0,3
16,0.6006006006006006,base,2.0794415416798357,18,qwen1.5b,33,"[69, 84, 186]",3,instruction,1.0,9
64,0.6006006006006006,base,2.3982746250180056,18,qwen1.5b,33,"[69, 84, 186]",3,instruction,1.0,16
4,0.21021021021021022,base,1.0397207708399179,18,qwen1.5b,33,[84],1,concise,1.0,3
16,0.4294294294294294,base,1.9600951351245584,18,qwen1.5b,33,"[69, 84]",2,concise,1.0,8
64,0.6006006006006006,base,2.040220466737738,18,qwen1.5b,33,"[69, 84, 186]",3,concise,1.0,11
4,0.4294294294294294,base,1.0397207708399179,18,qwen1.5b,33,"[69, 84]",2,fewshot,1.0,3
16,0.4294294294294294,base,1.5366498974881577,18,qwen1.5b,33,"[69, 84]",2,fewshot,1.0,8
64,0.6006006006006006,base,2.0624242818778304,18,qwen1.5b,33,"[69, 84, 186]",3,fewshot,1.0,17
4,0.21021021021021022,base,1.0397207708399179,18,qwen1.5b,33,[84],1,instruction,1.5,3
16,0.6006006006006006,base,2.220025327834538,18,qwen1.5b,33,"[69, 84, 186]",3,instruction,1.5,10
64,0.6006006006006006,base,3.0933800488988235,18,qwen1.5b,33,"[69, 84, 186]",3,instruction,1.5,29
4,-0.0033222591362126247,base,1.3862943611198906,19,qwen1.5b,33,[173],1,instruction,1.0,4
16,0.2591362126245847,base,2.479955520544517,19,qwen1.5b,33,"[215, 250]",2,instruction,1.0,13
64,0.43521594684385384,base,2.907719460347384,19,qwen1.5b,33,"[194, 215]",2,instruction,1.0,25
4,0.17275747508305647,base,1.3862943611198906,19,qwen1.5b,33,[250],1,concise,1.0,4
16,0.2591362126245847,base,2.0636495704788542,19,qwen1.5b,33,"[215, 250]",2,concise,1.0,10
64,0.43521594684385384,base,2.1445601533559175,19,qwen1.5b,33,"[194, 215]",2,concise,1.0,16
4,-0.0033222591362126247,base,1.3862943611198906,19,qwen1.5b,33,[173],1,fewshot,1.0,4
16,0.31893687707641194,base,2.339371734389815,19,qwen1.5b,33,"[194, 250]",2,fewshot,1.0,12
64,0.43521594684385384,base,2.6595364515466526,19,qwen1.5b,33,"[194, 215]",2,fewshot,1.0,22
4,-0.0033222591362126247,base,1.3862943611198906,19,qwen1.5b,33,[173],1,instruction,1.5,4
16,0.2026578073089701,base,2.685945324669788,19,qwen1.5b,33,[215],1,instruction,1.5,15
64,0.43521594684385384,base,3.3101619642519937,19,qwen1.5b,33,"[194, 215]",2,instruction,1.5,35
4,0.040160642570281124,base,1.3862943611198906,20,qwen1.5b,33,[53],1,instruction,1.0,4
16,0.3373493975903614,base,2.0140355237092673,20,qwen1.5b,33,"[73, 140]",2,instruction,1.0,10
64,0.3413654618473896,base,2.734229525498267,20,qwen1.5b,33,"[42, 140]",2,instruction,1.0,23
4,0.10040160642570281,base,1.3862943611198906,20,qwen1.5b,33,"[37, 73]",2,concise,1.0,4
16,0.3413654618473896,base,1.7868083399845722,20,qwen1.5b,33,"[42, 140]",2,concise,1.0,7
64,0.3413654618473896,base,1.9706930345387368,20,qwen1.5b,33,"[42, 140]",2,concise,1.0,13
4,0.020080321285140562,base,1.3862943611198906,20,qwen1.5b,33,[2],1,fewshot,1.0,4
16,0.3373493975903614,base,2.3933121229745242,20,qwen1.5b,33,"[73, 140]",2,fewshot,1.0,12
64,0.3413654618473896,base,3.010434595764189,20,qwen1.5b,33,"[42, 140]",2,fewshot,1.0,26
4,0.0,base,1.3862943611198906,20,qwen1.5b,33,[],0,instruction,1.5,4
16,0.3373493975903614,base,2.685945324669788,20,qwen1.5b,33,"[73, 140]",2,instruction,1.5,15
64,0.3413654618473896,base,3.37758744998288,20,qwen1.5b,33,"[42, 140]",2,instruction,1.5,37
4,0.15007656967840735,base,1.3862943611198906,21,qwen1.5b,33,"[47, 51]",2,instruction,1.0,4
16,0.3460949464012251,base,2.0963525794641384,21,qwen1.5b,33,"[47, 131, 210]",3,instruction,1.0,10
64,0.5696784073506891,base,2.447419922268396,21,qwen1.5b,33,"[30, 131, 217]",3,instruction,1.0,21
4,0.15007656967840735,base,1.3862943611198906,21,qwen1.5b,33,"[47, 51]",2,concise,1.0,4
16,0.4655436447166922,base,1.8903627753388679,21,qwen1.5b,33,"[131, 217]",2,concise,1.0,8
64,0.5696784073506891,base,1.844670835138432,21,qwen1.5b,33,"[30, 131, 217]",3,concise,1.0,16
4,0.0,base,1.3862943611198906,21,qwen1.5b,33,[],0,fewshot,1.0,4
16,0.4655436447166922,base,2.2739657164192466,21,qwen1.5b,33,"[131, 217]",2,fewshot,1.0,11
64,0.5696784073506891,base,2.804241651929787,21,qwen1.5b,33,"[30, 131, 217]",3,fewshot,1.0,24
4,0.10413476263399694,base,1.3862943611198906,21,qwen1.5b,33,[47],1,instruction,1.5,4
16,0.3460949464012251,base,2.4260151319598084,21,qwen1.5b,33,"[47, 131, 210]",3,instruction,1.5,12
64,0.5696784073506891,base,3.0566227018956513,21,qwen1.5b,33,"[30, 131, 217]",3,instruction,1.5,31
4,0.2831858407079646,base,1.3862943611198906,22,qwen1.5b,33,"[177, 191]",2,instruction,1.0,4
16,0.2831858407079646,base,2.1829959770341314,22,qwen1.5b,33,"[177, 191]",2,instruction,1.0,11
64,0.431858407079646,base,2.8640194125475107,22,qwen1.5b,33,"[178, 191]",2,instruction,1.0,32
4,0.2831858407079646,base,0.5623351446188083,22,qwen1.5b,33,"[177, 191]",2,concise,1.0,2
16,0.2831858407079646,base,1.2468296415485096,22,qwen1.5b,33,"[177, 191]",2,concise,1.0,6
64,0.431858407079646,base,1.5093222838868208,22,qwen1.5b,33,"[178, 191]",2,concise,1.0,13
4,0.2831858407079646,base,1.3862943611198906,22,qwen1.5b,33,"[177, 191]",2,fewshot,1.0,4
16,0.431858407079646,base,1.9273921261392741,22,qwen1.5b,33,"[178, 191]",2,fewshot,1.0,9
64,0.431858407079646,base,2.327290967200257,22,qwen1.5b,33,"[178, 191]",2,fewshot,1.0,16
4,0.06725663716814159,base,1.3862943611198906,22,qwen1.5b,33,[177],1,instruction,1.5,4
16,0.2831858407079646,base,2.599301927099795,22,qwen1.5b,33,"[177, 191]",2,instruction,1.5,14
64,0.2831858407079646,base,3.3338125631238658,22,qwen1.5b,33,"[177, 191]",2,instruction,1.5,35
4,0.37978560490045943,base,1.3862943611198906,23,qwen1.5b,33,"[210, 236]",2,instruction,1.0,4
16,0.37978560490045943,base,2.0794415416798357,23,qwen1.5b,33,"[210, 236]",2,instruction,1.0,9
64,0.37978560490045943,base,2.992345178034618,23,qwen1.5b,33,"[210, 236]",2,instruction,1.0,30
4,0.37978560490045943,base,1.3862943611198906,23,qwen1.5b,33,"[210, 236]",2,concise,1.0,4
16,0.37978560490045943,base,1.3862943611198906,23,qwen1.5b,33,"[210, 236]",2,concise,1.0,6
64,0.37978560490045943,base,1.7283248552559145,23,qwen1.5b,33,"[210, 236]",2,concise,1.0,14
4,0.37978560490045943,base,1.3862943611198906,23,qwen1.5b,33,"[210, 236]",2,fewshot,1.0,4
16,0.37978560490045943,base,2.1333819302645445,23,qwen1.5b,33,"[210, 236]",2,fewshot,1.0,10
64,0.37978560490045943,base,2.9726089228833006,23,qwen1.5b,33,"[210, 236]",2,fewshot,1.0,28
4,0.19295558958652373,base,1.3862943611198906,23,qwen1.5b,33,[236],1,instruction,1.5,4
16,0.19295558958652373,base,2.479955520544517,23,qwen1.5b,33,[236],1,instruction,1.5,13
64,0.48238897396630936,base,3.3844018501295903,23,qwen1.5b,33,"[27, 210, 236]",3,instruction,1.5,36
4,0.17364341085271318,base,1.0397207708399179,24,qwen1.5b,33,[61],1,instruction,1.0,3
16,0.40310077519379844,base,1.628619830332818,24,qwen1.5b,33,"[61, 181]",2,instruction,1.0,7
64,0.5922480620155038,base,2.4654648420505145,24,qwen1.5b,33,"[61, 169, 181]",3,instruction,1.0,19
4,0.17364341085271318,base,1.0397207708399179,24,qwen1.5b,33,[61],1,concise,1.0,3
16,0.40310077519379844,base,1.1900763072081852,24,qwen1.5b,33,"[61, 181]",2,concise,1.0,5
64,0.40310077519379844,base,2.191453283803841,24,qwen1.5b,33,"[61, 130, 181]",3,concise,1.0,16
4,0.3627906976744186,base,1.0397207708399179,24,qwen1.5b,33,"[61, 169]",2,fewshot,1.0,3
16,0.5922480620155038,base,1.5366498974881577,24,qwen1.5b,33,"[61, 169, 181]",3,fewshot,1.0,8
64,0.5922480620155038,base,2.192290795863774,24,qwen1.5b,33,"[61, 169, 181]",3,fewshot,1.0,17
4,0.0,base,1.3862943611198906,24,qwen1.5b,33,[],0,instruction,1.5,4
16,0.40310077519379844,base,2.1829959770341314,24,qwen1.5b,33,"[61, 181]",2,instruction,1.5,11
64,0.5922480620155038,base,2.9654047020232066,24,qwen1.5b,33,"[61, 169, 181]",3,instruction,1.5,24
4,0.4486301369863014,base,1.3862943611198906,25,qwen1.5b,33,"[47, 176]",2,instruction,1.0,4
16,0.4486301369863014,base,1.559581156259877,25,qwen1.5b,33,"[47, 176]",2,instruction,1.0,7
64,0.4486301369863014,base,2.079359062972039,25,qwen1.5b,33,"[47, 176]",2,instruction,1.0,18
4,0.4486301369863014,base,1.3862943611198906,25,qwen1.5b,33,"[47, 176]",2,concise,1.0,4
16,0.4486301369863014,base,1.3633631023481716,25,qwen1.5b,33,"[47, 176]",2,concise,1.0,6
64,0.5428082191780822,base,1.8366420940073567,25,qwen1.5b,33,"[34, 47, 176]",3,concise,1.0,17
4,0.4486301369863014,base,1.0397207708399179,25,qwen1.5b,33,"[47, 176]",2,fewshot,1.0,3
16,0.4486301369863014,base,1.488036044178116,25,qwen1.5b,33,"[47, 176]",2,fewshot,1.0,6
64,0.4486301369863014,base,2.0715698149693087,25,qwen1.5b,33,"[47, 176]",2,fewshot,1.0,14
4,0.125,base,1.3862943611198906,25,qwen1.5b,33,[23],1,instruction,1.5,4
16,0.4486301369863014,base,2.3393717343898155,25,qwen1.5b,33,"[47, 176]",2,instruction,1.5,12
64,0.4486301369863014,base,3.245116048713864,25,qwen1.5b,33,"[47, 176]",2,instruction,1.5,37
4,0.2521246458923513,base,1.0397207708399179,26,qwen1.5b,33,"[70, 123, 181]",3,instruction,1.0,3
16,0.6005665722379604,base,1.803719377768875,26,qwen1.5b,33,"[46, 123, 240]",3,instruction,1.0,7
64,0.6005665722379604,base,2.509368652390264,26,qwen1.5b,33,"[46, 123, 240]",3,instruction,1.0,19
4,0.21246458923512748,base,1.0397207708399179,26,qwen1.5b,33,"[123, 181]",2,concise,1.0,3
16,0.6005665722379604,base,1.4614721293040243,26,qwen1.5b,33,"[46, 123, 240]",3,concise,1.0,5
64,0.6005665722379604,base,1.9950991663935485,26,qwen1.5b,33,"[46, 123, 240]",3,concise,1.0,14
4,0.37960339943342775,base,1.3862943611198906,26,qwen1.5b,33,"[46, 123]",2,fewshot,1.0,4
16,0.6005665722379604,base,1.7868083399845722,26,qwen1.5b,33,"[46, 123, 240]",3,fewshot,1.0,7
64,0.6005665722379604,base,2.231292998486884,26,qwen1.5b,33,"[46, 123, 240]",3,fewshot,1.0,15
4,0.2521246458923513,base,1.3862943611198906,26,qwen1.5b,33,"[70, 123, 181]",3,instruction,1.5,4
16,0.6005665722379604,base,2.512658529529802,26,qwen1.5b,33,"[46, 123, 240]",3,instruction,1.5,13
64,0.6005665722379604,base,3.2389934133075506,26,qwen1.5b,33,"[46, 123, 240]",3,instruction,1.5,32
4,0.1947449768160742,base,0.5623351446188083,27,qwen1.5b,33,[198],1,instruction,1.0,2
16,0.1947449768160742,base,2.269639374604125,27,qwen1.5b,33,[198],1,instruction,1.0,12
64,0.5935085007727975,base,3.173662234396124,27,qwen1.5b,33,"[83, 198, 250]",3,instruction,1.0,36
4,0.1947449768160742,base,0.5623351446188083,27,qwen1.5b,33,[198],1,concise,1.0,2
16,0.42040185471406494,base,1.3862943611198906,27,qwen1.5b,33,"[198, 250]",2,concise,1.0,6
64,0.5935085007727975,base,2.126981638769099,27,qwen1.5b,33,"[83, 198, 250]",3,concise,1.0,19
4,0.1947449768160742,base,0.5623351446188083,27,qwen1.5b,33,[198],1,fewshot,1.0,2
16,0.1947449768160742,base,1.4402347497045995,27,qwen1.5b,33,[198],1,fewshot,1.0,6
64,0.3678516228748068,base,2.3740636154888644,27,qwen1.5b,33,"[83, 198]",2,fewshot,1.0,22
4,0.1947449768160742,base,0.5623351446188083,27,qwen1.5b,33,[198],1,instruction,1.5,2
16,0.1947449768160742,base,2.3933121229745242,27,qwen1.5b,33,[198],1,instruction,1.5,12
64,0.3910355486862442,base,3.3486737920361627,27,qwen1.5b,33,"[29, 83, 198]",3,instruction,1.5,38
4,0.0333889816360601,base,1.3862943611198906,28,qwen1.5b,33,[171],1,instruction,1.0,4
16,0.46410684474123537,base,2.252728336819822,28,qwen1.5b,33,"[42, 78, 171]",3,instruction,1.0,11
64,0.46410684474123537,base,2.7443298719857685,28,qwen1.5b,33,"[42, 78, 171]",3,instruction,1.0,22
4,0.21035058430717862,base,1.0397207708399179,28,qwen1.5b,33,[78],1,concise,1.0,3
16,0.4307178631051753,base,1.4729377586898837,28,qwen1.5b,33,"[42, 78]",2,concise,1.0,6
64,0.4307178631051753,base,1.2000594238622955,28,qwen1.5b,33,"[42, 78]",2,concise,1.0,6
4,0.21035058430717862,base,1.3862943611198906,28,qwen1.5b,33,[78],1,fewshot,1.0,4
16,0.46410684474123537,base,2.0963525794641384,28,qwen1.5b,33,"[42, 78, 171]",3,fewshot,1.0,10
64,0.46410684474123537,base,2.0021292723387987,28,qwen1.5b,33,"[42, 78, 171]",3,fewshot,1.0,16
4,0.0333889816360601,base,1.3862943611198906,28,qwen1.5b,33,[171],1,instruction,1.5,4
16,0.14691151919866444,base,2.3933121229745242,28,qwen1.5b,33,"[76, 171]",2,instruction,1.5,12
64,0.46410684474123537,base,3.1998994739686313,28,qwen1.5b,33,"[42, 78, 171]",3,instruction,1.5,31
4,0.0,base,1.0397207708399179,29,qwen1.5b,33,[],0,instruction,1.0,3
16,0.10256410256410256,base,2.36060911398924,29,qwen1.5b,33,[107],1,instruction,1.0,12
64,0.28376068376068375,base,2.8935780354180585,29,qwen1.5b,33,"[107, 155]",2,instruction,1.0,29
4,0.0,base,-0.0,29,qwen1.5b,33,[],0,concise,1.0,1
16,0.27521367521367524,base,1.4500064999181648,29,qwen1.5b,33,"[11, 107]",2,concise,1.0,7
64,0.3452991452991453,base,1.767431786383786,29,qwen1.5b,33,"[11, 155]",2,concise,1.0,14
4,0.0,base,1.3862943611198906,29,qwen1.5b,33,[],0,fewshot,1.0,4
16,0.24273504273504273,base,2.3933121229745242,29,qwen1.5b,33,[155],1,fewshot,1.0,12
64,0.28376068376068375,base,2.820354579756049,29,qwen1.5b,33,"[107, 155]",2,fewshot,1.0,26
4,0.0,base,1.3862943611198906,29,qwen1.5b,33,[],0,instruction,1.5,4
16,0.22735042735042735,base,2.685945324669788,29,qwen1.5b,33,[11],1,instruction,1.5,15
64,0.46495726495726497,base,3.418042741421412,29,qwen1.5b,33,"[11, 35, 155]",3,instruction,1.5,39
4,0.0,base,1.3862943611198906,30,qwen1.5b,33,[],0,instruction,1.0,4
16,0.2740157480314961,base,2.273965716419247,30,qwen1.5b,33,[101],1,instruction,1.0,11
64,0.30551181102362207,base,3.086035833741397,30,qwen1.5b,33,"[101, 153]",2,instruction,1.0,29
4,0.2740157480314961,base,1.0397207708399179,30,qwen1.5b,33,[101],1,concise,1.0,3
16,0.2740157480314961,base,1.0373923246209082,30,qwen1.5b,33,[101],1,concise,1.0,5
64,0.49133858267716535,base,1.7592508051971112,30,qwen1.5b,33,"[101, 153, 226]",3,concise,1.0,16
4,0.23307086614173228,base,1.0397207708399179,30,qwen1.5b,33,[10],1,fewshot,1.0,3
16,0.3669291338582677,base,1.5481155268740174,30,qwen1.5b,33,"[10, 101]",2,fewshot,1.0,6
64,0.3984251968503937,base,2.2242530872806143,30,qwen1.5b,33,"[10, 101, 153]",3,fewshot,1.0,15
4,0.02204724409448819,base,1.3862943611198906,30,qwen1.5b,33,[9],1,instruction,1.5,4
16,0.29606299212598425,base,2.479955520544517,30,qwen1.5b,33,"[9, 101]",2,instruction,1.5,13
64,0.30551181102362207,base,3.303347564105283,30,qwen1.5b,33,"[101, 153]",2,instruction,1.5,33
4,0.17784256559766765,base,1.0397207708399179,31,qwen1.5b,33,[132],1,instruction,1.0,3
16,0.6064139941690962,base,2.1873223188492537,31,qwen1.5b,33,"[132, 145, 220]",3,instruction,1.0,10
64,0.6064139941690962,base,2.406373750327628,31,qwen1.5b,33,"[132, 145, 220]",3,instruction,1.0,18
4,0.17784256559766765,base,-0.0,31,qwen1.5b,33,[132],1,concise,1.0,1
16,0.6064139941690962,base,1.6020559154587264,31,qwen1.5b,33,"[132, 145, 220]",3,concise,1.0,6
64,0.6064139941690962,base,1.6169408519329413,31,qwen1.5b,33,"[132, 145, 220]",3,concise,1.0,10
4,0.17784256559766765,base,0.5623351446188083,31,qwen1.5b,33,[132],1,fewshot,1.0,2
16,0.3935860058309038,base,1.7328679513998633,31,qwen1.5b,33,"[132, 145]",2,fewshot,1.0,7
64,0.6064139941690962,base,1.9690785099851915,31,qwen1.5b,33,"[132, 145, 220]",3,fewshot,1.0,14
4,0.17784256559766765,base,1.0397207708399179,31,qwen1.5b,33,[132],1,instruction,1.5,3
16,0.6064139941690962,base,2.5126585295298014,31,qwen1.5b,33,"[132, 145, 220]",3,instruction,1.5,13
64,0.6064139941690962,base,2.9619902330835877,31,qwen1.5b,33,"[132, 145, 220]",3,instruction,1.5,30
4,0.0,flat,0.5623351446188083,16,qwen1.5b,11,[],0,instruction,1.0,2
16,0.0,flat,0.7774621319109288,16,qwen1.5b,11,[],0,instruction,1.0,3
64,0.0,flat,0.8505872177800938,16,qwen1.5b,11,[],0,instruction,1.0,4
4,0.0,flat,-0.0,16,qwen1.5b,11,[],0,concise,1.0,1
16,0.0,flat,0.6885673693022827,16,qwen1.5b,11,[],0,concise,1.0,4
64,0.0,flat,0.7142818885411775,16,qwen1.5b,11,[],0,concise,1.0,5
4,0.0,flat,1.0397207708399179,16,qwen1.5b,11,[],0,fewshot,1.0,3
16,0.0,flat,1.3633631023481716,16,qwen1.5b,11,[],0,fewshot,1.0,6
64,0.0,flat,1.6854948816253474,16,qwen1.5b,11,[],0,fewshot,1.0,11
4,0.0,flat,0.5623351446188083,16,qwen1.5b,11,[],0,instruction,1.5,2
16,0.0,flat,0.918045918065631,16,qwen1.5b,11,[],0,instruction,1.5,4
64,0.0,flat,1.3596449650024174,16,qwen1.5b,11,[],0,instruction,1.5,8
4,0.0,flat,-0.0,17,qwen1.5b,11,[],0,instruction,1.0,1
16,0.0,flat,-0.0,17,qwen1.5b,11,[],0,instruction,1.0,1
64,0.0,flat,0.08048483706800685,17,qwen1.5b,11,[],0,instruction,1.0,2
4,0.0,flat,-0.0,17,qwen1.5b,11,[],0,concise,1.0,1
16,0.0,flat,0.6210863745552451,17,qwen1.5b,11,[],0,concise,1.0,2
64,0.19631901840490798,flat,0.7592312038567283,17,qwen1.5b,11,[143],1,concise,1.0,3
4,0.09815950920245399,flat,1.0397207708399179,17,qwen1.5b,11,[17],1,fewshot,1.0,3
16,0.09815950920245399,flat,1.2820462400528454,17,qwen1.5b,11,[17],1,fewshot,1.0,4
64,0.09815950920245399,flat,1.2243002804056589,17,qwen1.5b,11,[17],1,fewshot,1.0,4
4,0.0,flat,0.5623351446188083,17,qwen1.5b,11,[],0,instruction,1.5,2
16,0.0,flat,0.2337916587064593,17,qwen1.5b,11,[],0,instruction,1.5,2
64,0.0,flat,0.6422528534777716,17,qwen1.5b,11,[],0,instruction,1.5,4
4,0.0,flat,0.5623351446188083,18,qwen1.5b,11,[],0,instruction,1.0,2
16,0.12912912912912913,flat,1.3535913521346064,18,qwen1.5b,11,"[12, 109]",2,instruction,1.0,5
64,0.12912912912912913,flat,1.2531975294994808,18,qwen1.5b,11,"[12, 109]",2,instruction,1.0,5
4,0.12912912912912913,flat,1.0397207708399179,18,qwen1.5b,11,"[12, 109]",2,concise,1.0,3
16,0.12912912912912913,flat,0.9743147528693494,18,qwen1.5b,11,"[12, 109]",2,concise,1.0,3
64,0.12912912912912913,flat,0.8421935125149992,18,qwen1.5b,11,"[12, 109]",2,concise,1.0,4
4,0.10510510510510511,flat,0.5623351446188083,18,qwen1.5b,11,[12],1,fewshot,1.0,2
16,0.10510510510510511,flat,1.0337005498525014,18,qwen1.5b,11,[12],1,fewshot,1.0,4
64,0.21021021021021022,flat,0.9080992764421741,18,qwen1.5b,11,[84],1,fewshot,1.0,5
4,0.0,flat,1.0397207708399179,18,qwen1.5b,11,[],0,instruction,1.5,3
16,0.12912912912912913,flat,1.7868083399845722,18,qwen1.5b,11,"[12, 109]",2,instruction,1.5,7
64,0.21021021021021022,flat,1.644265433143389,18,qwen1.5b,11,[84],1,instruction,1.5,8
4,0.0,flat,-0.0,19,qwen1.5b,11,[],0,instruction,1.0,1
16,0.11461794019933555,flat,0.46341355882643,19,qwen1.5b,11,[14],1,instruction,1.0,3
64,0.11461794019933555,flat,0.40594830462816345,19,qwen1.5b,11,[14],1,instruction,1.0,4
4,0.0,flat,-0.0,19,qwen1.5b,11,[],0,concise,1.0,1
16,0.11461794019933555,flat,0.2337916587064593,19,qwen1.5b,11,[14],1,concise,1.0,2
64,0.11461794019933555,flat,0.13906079845474112,19,qwen1.5b,11,[14],1,concise,1.0,2
4,0.11461794019933555,flat,1.0397207708399179,19,qwen1.5b,11,[14],1,fewshot,1.0,3
16,0.11461794019933555,flat,1.331660286822432,19,qwen1.5b,11,[14],1,fewshot,1.0,5
64,0.11461794019933555,flat,1.0356870621331753,19,qwen1.5b,11,[14],1,fewshot,1.0,5
4,0.0,flat,0.5623351446188083,19,qwen1.5b,11,[],0,instruction,1.5,2
16,0.11461794019933555,flat,0.8222653373287878,19,qwen1.5b,11,[14],1,instruction,1.5,4
64,0.11461794019933555,flat,0.8010993757108498,19,qwen1.5b,11,[14],1,instruction,1.5,8
4,0.0,flat,-0.0,20,qwen1.5b,11,[],0,instruction,1.0,1
16,0.0,flat,-0.0,20,qwen1.5b,11,[],0,instruction,1.0,1
64,0.04819277108433735,flat,0.7463293409941874,20,qwen1.5b,11,[109],1,instruction,1.0,7
4,0.26506024096385544,flat,1.0397207708399179,20,qwen1.5b,11,[140],1,concise,1.0,3
16,0.26506024096385544,flat,0.9840865030829146,20,qwen1.5b,11,[140],1,concise,1.0,3
64,0.26506024096385544,flat,1.1921741897827594,20,qwen1.5b,11,[140],1,concise,1.0,5
4,0.0,flat,0.5623351446188083,20,qwen1.5b,11,[],0,fewshot,1.0,2
16,0.07228915662650602,flat,1.0609581504393426,20,qwen1.5b,11,[73],1,fewshot,1.0,4
64,0.1285140562248996,flat,1.012788057677104,20,qwen1.5b,11,"[12, 73, 74]",3,fewshot,1.0,5
4,0.0,flat,0.5623351446188083,20,qwen1.5b,11,[],0,instruction,1.5,2
16,0.07228915662650602,flat,1.0373923246209082,20,qwen1.5b,11,[73],1,instruction,1.5,5
64,0.12048192771084337,flat,1.4876614344943226,20,qwen1.5b,11,"[73, 109]",2,instruction,1.5,12
4,0.0,flat,0.5623351446188083,21,qwen1.5b,11,[],0,instruction,1.0,2
16,0.0,flat,0.6853142072764582,21,qwen1.5b,11,[],0,instruction,1.0,2
64,0.0,flat,0.8317038593056731,21,qwen1.5b,11,[],0,instruction,1.0,4
4,0.0,flat,0.6931471805599453,21,qwen1.5b,11,[],0,concise,1.0,2
16,0.0,flat,0.6019239717322894,21,qwen1.5b,11,[],0,concise,1.0,3
64,0.0,flat,0.4470620543337879,21,qwen1.5b,11,[],0,concise,1.0,3
4,0.0,flat,0.6931471805599453,21,qwen1.5b,11,[],0,fewshot,1.0,2
16,0.12098009188361408,flat,0.9840865030829147,21,qwen1.5b,11,[15],1,fewshot,1.0,3
64,0.12098009188361408,flat,1.114163935747006,21,qwen1.5b,11,[15],1,fewshot,1.0,4
4,0.0,flat,1.3862943611198906,21,qwen1.5b,11,[],0,instruction,1.5,4
16,0.0,flat,1.103432909638192,21,qwen1.5b,11,[],0,instruction,1.5,4
64,0.12098009188361408,flat,1.4942354853631448,21,qwen1.5b,11,[15],1,instruction,1.5,11
4,0.0,flat,0.5623351446188083,22,qwen1.5b,11,[],0,instruction,1.0,2
16,0.0,flat,0.7029189307735104,22,qwen1.5b,11,[],0,instruction,1.0,3
64,0.0,flat,0.9035232954037378,22,qwen1.5b,11,[],0,instruction,1.0,6
4,0.0,flat,-0.0,22,qwen1.5b,11,[],0,concise,1.0,1
16,0.0,flat,0.7029189307735104,22,qwen1.5b,11,[],0,concise,1.0,3
64,0.0,flat,0.8189096987197632,22,qwen1.5b,11,[],0,concise,1.0,5
4,0.0,flat,1.0397207708399179,22,qwen1.5b,11,[],0,fewshot,1.0,3
16,0.0,flat,1.5481155268740174,22,qwen1.5b,11,[],0,fewshot,1.0,6
64,0.0,flat,1.5477764468662392,22,qwen1.5b,11,[],0,fewshot,1.0,9
4,0.0,flat,0.6931471805599453,22,qwen1.5b,11,[],0,instruction,1.5,2
16,0.0,flat,0.9868994488385301,22,qwen1.5b,11,[],0,instruction,1.5,4
64,0.0,flat,1.3167515264236365,22,qwen1.5b,11,[],0,instruction,1.5,8
4,0.0,flat,0.5623351446188083,23,qwen1.5b,11,[],0,instruction,1.0,2
16,0.0,flat,1.0735428464085233,23,qwen1.5b,11,[],0,instruction,1.0,4
64,0.0,flat,1.2436640882146235,23,qwen1.5b,11,[],0,instruction,1.0,8
4,0.0,flat,-0.0,23,qwen1.5b,11,[],0,concise,1.0,1
16,0.0,flat,0.6853142072764582,23,qwen1.5b,11,[],0,concise,1.0,2
64,0.0,flat,0.7922869466305903,23,qwen1.5b,11,[],0,concise,1.0,3
4,0.0,flat,-0.0,23,qwen1.5b,11,[],0,fewshot,1.0,1
16,0.0,flat,0.9840865030829147,23,qwen1.5b,11,[],0,fewshot,1.0,3
64,0.045941807044410414,flat,1.1969291945833225,23,qwen1.5b,11,[16],1,fewshot,1.0,6
4,0.0,flat,1.0397207708399179,23,qwen1.5b,11,[],0,instruction,1.5,3
16,0.0,flat,1.2767197047781784,23,qwen1.5b,11,[],0,instruction,1.5,5
64,0.0,flat,1.7214932647343937,23,qwen1.5b,11,[],0,instruction,1.5,9
4,0.0,flat,0.5623351446188083,24,qwen1.5b,11,[],0,instruction,1.0,2
16,0.0,flat,1.2281058514681364,24,qwen1.5b,11,[],0,instruction,1.0,4
64,0.0,flat,1.2801562520933296,24,qwen1.5b,11,[],0,instruction,1.0,5
4,0.0,flat,1.0397207708399179,24,qwen1.5b,11,[],0,concise,1.0,3
16,0.0,flat,1.5481155268740174,24,qwen1.5b,11,[],0,concise,1.0,6
64,0.0,flat,1.3531122905437718,24,qwen1.5b,11,[],0,concise,1.0,7
4,0.0,flat,0.6931471805599453,24,qwen1.5b,11,[],0,fewshot,1.0,2
16,0.0,flat,0.7774621319109288,24,qwen1.5b,11,[],0,fewshot,1.0,3
64,0.0,flat,0.7297512257249833,24,qwen1.5b,11,[],0,fewshot,1.0,4
4,0.0,flat,0.5623351446188083,24,qwen1.5b,11,[],0,instruction,1.5,2
16,0.0,flat,1.3917397695183338,24,qwen1.5b,11,[],0,instruction,1.5,5
64,0.0,flat,1.5291457043575618,24,qwen1.5b,11,[],0,instruction,1.5,7
4,0.0,flat,1.3862943611198906,25,qwen1.5b,11,[],0,instruction,1.0,4
16,0.0,flat,1.331660286822432,25,qwen1.5b,11,[],0,instruction,1.0,5
64,0.0,flat,1.2623911487670332,25,qwen1.5b,11,[],0,instruction,1.0,7
4,0.0,flat,1.0397207708399179,25,qwen1.5b,11,[],0,concise,1.0,3
16,0.0,flat,0.7356219397587946,25,qwen1.5b,11,[],0,concise,1.0,3
64,0.0,flat,0.6547827748632178,25,qwen1.5b,11,[],0,concise,1.0,4
4,0.0,flat,0.5623351446188083,25,qwen1.5b,11,[],0,fewshot,1.0,2
16,0.0,flat,1.2996509635498974,25,qwen1.5b,11,[],0,fewshot,1.0,5
64,0.0,flat,1.3672334424852648,25,qwen1.5b,11,[],0,fewshot,1.0,8
4,0.0,flat,1.3862943611198906,25,qwen1.5b,11,[],0,instruction,1.5,4
16,0.0,flat,1.5092734237775405,25,qwen1.5b,11,[],0,instruction,1.5,6
64,0.0,flat,1.7332855694218383,25,qwen1.5b,11,[],0,instruction,1.5,10
4,0.17563739376770537,flat,-0.0,26,qwen1.5b,11,[123],1,instruction,1.0,1
16,0.17563739376770537,flat,-0.0,26,qwen1.5b,11,[123],1,instruction,1.0,1
64,0.17563739376770537,flat,0.1607216478472394,26,qwen1.5b,11,[123],1,instruction,1.0,3
4,0.17563739376770537,flat,-0.0,26,qwen1.5b,11,[123],1,concise,1.0,1
16,0.17563739376770537,flat,-0.0,26,qwen1.5b,11,[123],1,concise,1.0,1
64,0.17563739376770537,flat,-0.0,26,qwen1.5b,11,[123],1,concise,1.0,1
4,0.17563739376770537,flat,-0.0,26,qwen1.5b,11,[123],1,fewshot,1.0,1
16,0.17563739376770537,flat,0.37677016125643675,26,qwen1.5b,11,[123],1,fewshot,1.0,2
64,0.17563739376770537,flat,0.5332476013610858,26,qwen1.5b,11,[123],1,fewshot,1.0,4
4,0.17563739376770537,flat,0.5623351446188083,26,qwen1.5b,11,[123],1,instruction,1.5,2
16,0.17563739376770537,flat,0.8222653373287878,26,qwen1.5b,11,[123],1,instruction,1.5,4
64,0.17563739376770537,flat,1.0821955300387673,26,qwen1.5b,11,[123],1,instruction,1.5,10
4,0.0,flat,0.5623351446188083,27,qwen1.5b,11,[],0,instruction,1.0,2
16,0.0,flat,0.908908734898781,27,qwen1.5b,11,[],0,instruction,1.0,5
64,0.0,flat,1.1019653355208783,27,qwen1.5b,11,[],0,instruction,1.0,8
4,0.0,flat,1.0397207708399179,27,qwen1.5b,11,[],0,concise,1.0,3
16,0.0,flat,1.4402347497045995,27,qwen1.5b,11,[],0,concise,1.0,6
64,0.0,flat,1.305109644238682,27,qwen1.5b,11,[],0,concise,1.0,7
4,0.0,flat,-0.0,27,qwen1.5b,11,[],0,fewshot,1.0,1
16,0.0,flat,0.6019239717322894,27,qwen1.5b,11,[],0,fewshot,1.0,3
64,0.0,flat,0.6938767142021388,27,qwen1.5b,11,[],0,fewshot,1.0,5
4,0.0,flat,1.0397207708399179,27,qwen1.5b,11,[],0,instruction,1.5,3
16,0.0,flat,2.009709181894145,27,qwen1.5b,11,[],0,instruction,1.5,9
64,0.0,flat,1.9170030952008206,27,qwen1.5b,11,[],0,instruction,1.5,11
4,0.0,flat,0.5623351446188083,28,qwen1.5b,11,[],0,instruction,1.0,2
16,0.0,flat,0.48257756517701206,28,qwen1.5b,11,[],0,instruction,1.0,2
64,0.0,flat,0.9695685170162693,28,qwen1.5b,11,[],0,instruction,1.0,6
4,0.21035058430717862,flat,1.0397207708399179,28,qwen1.5b,11,[78],1,concise,1.0,3
16,0.21035058430717862,flat,0.46341355882643,28,qwen1.5b,11,[78],1,concise,1.0,3
64,0.21035058430717862,flat,0.7380648773121858,28,qwen1.5b,11,[78],1,concise,1.0,4
4,0.21035058430717862,flat,1.0397207708399179,28,qwen1.5b,11,[78],1,fewshot,1.0,3
16,0.31886477462437396,flat,1.981332514723983,28,qwen1.5b,11,"[6, 78]",2,fewshot,1.0,8
64,0.31886477462437396,flat,1.8446819059550308,28,qwen1.5b,11,"[6, 78]",2,fewshot,1.0,10
4,0.0,flat,1.0397207708399179,28,qwen1.5b,11,[],0,instruction,1.5,3
16,0.21035058430717862,flat,1.488036044178116,28,qwen1.5b,11,[78],1,instruction,1.5,6
64,0.21035058430717862,flat,1.5907138216653205,28,qwen1.5b,11,[78],1,instruction,1.5,8
4,0.0,flat,0.5623351446188083,29,qwen1.5b,11,[],0,instruction,1.0,2
16,0.0,flat,0.37677016125643675,29,qwen1.5b,11,[],0,instruction,1.0,2
64,0.0,flat,0.32674495183527086,29,qwen1.5b,11,[],0,instruction,1.0,3
4,0.0,flat,-0.0,29,qwen1.5b,11,[],0,concise,1.0,1
16,0.0,flat,0.9868994488385301,29,qwen1.5b,11,[],0,concise,1.0,4
64,0.0,flat,0.932783679783399,29,qwen1.5b,11,[],0,concise,1.0,4
4,0.0,flat,0.6931471805599453,29,qwen1.5b,11,[],0,fewshot,1.0,2
16,0.0,flat,1.4614721293040243,29,qwen1.5b,11,[],0,fewshot,1.0,5
64,0.0,flat,1.636412679934771,29,qwen1.5b,11,[],0,fewshot,1.0,9
4,0.0,flat,0.5623351446188083,29,qwen1.5b,11,[],0,instruction,1.5,2
16,0.0,flat,0.8222653373287878,29,qwen1.5b,11,[],0,instruction,1.5,4
64,0.0,flat,0.8865749659234596,29,qwen1.5b,11,[],0,instruction,1.5,6
4,0.0,flat,0.5623351446188083,30,qwen1.5b,11,[],0,instruction,1.0,2
16,0.0,flat,0.2337916587064593,30,qwen1.5b,11,[],0,instruction,1.0,2
64,0.0,flat,0.3761117029893441,30,qwen1.5b,11,[],0,instruction,1.0,3
4,0.0,flat,0.5623351446188083,30,qwen1.5b,11,[],0,concise,1.0,2
16,0.0,flat,0.46341355882643,30,qwen1.5b,11,[],0,concise,1.0,3
64,0.0,flat,0.21904558217698628,30,qwen1.5b,11,[],0,concise,1.0,3
4,0.0,flat,0.6931471805599453,30,qwen1.5b,11,[],0,fewshot,1.0,2
16,0.0,flat,0.8815322611881637,30,qwen1.5b,11,[],0,fewshot,1.0,3
64,0.0,flat,0.8795734091405454,30,qwen1.5b,11,[],0,fewshot,1.0,4
4,0.0,flat,1.0397207708399179,30,qwen1.5b,11,[],0,instruction,1.5,3
16,0.0,flat,0.7774621319109288,30,qwen1.5b,11,[],0,instruction,1.5,3
64,0.0,flat,0.9698820989829235,30,qwen1.5b,11,[],0,instruction,1.5,6
4,0.17784256559766765,flat,1.0397207708399179,31,qwen1.5b,11,[132],1,instruction,1.0,3
16,0.17784256559766765,flat,0.8222653373287878,31,qwen1.5b,11,[132],1,instruction,1.0,4
64,0.17784256559766765,flat,0.6685220426159317,31,qwen1.5b,11,[132],1,instruction,1.0,6
4,0.17784256559766765,flat,-0.0,31,qwen1.5b,11,[132],1,concise,1.0,1
16,0.17784256559766765,flat,-0.0,31,qwen1.5b,11,[132],1,concise,1.0,1
64,0.17784256559766765,flat,0.41064236164311324,31,qwen1.5b,11,[132],1,concise,1.0,3
4,0.17784256559766765,flat,0.5623351446188083,31,qwen1.5b,11,[132],1,fewshot,1.0,2
16,0.17784256559766765,flat,1.0433534269422904,31,qwen1.5b,11,[132],1,fewshot,1.0,3
64,0.17784256559766765,flat,1.3173595973006829,31,qwen1.5b,11,[132],1,fewshot,1.0,6
4,0.17784256559766765,flat,1.3862943611198906,31,qwen1.5b,11,[132],1,instruction,1.5,4
16,0.17784256559766765,flat,1.9273921261392744,31,qwen1.5b,11,[132],1,instruction,1.5,9
64,0.17784256559766765,flat,1.844214994165376,31,qwen1.5b,11,[132],1,instruction,1.5,14
4,0.0,flat,0.6931471805599453,16,qwen1.5b,22,[],0,instruction,1.0,2
16,0.0,flat,0.5623351446188083,16,qwen1.5b,22,[],0,instruction,1.0,2
64,0.0,flat,0.8930054802313738,16,qwen1.5b,22,[],0,instruction,1.0,4
4,0.0,flat,0.5623351446188083,16,qwen1.5b,22,[],0,concise,1.0,2
16,0.0,flat,0.6615632381579821,16,qwen1.5b,22,[],0,concise,1.0,2
64,0.0,flat,0.8421935125149992,16,qwen1.5b,22,[],0,concise,1.0,4
4,0.0,flat,0.5623351446188083,16,qwen1.5b,22,[],0,fewshot,1.0,2
16,0.0,flat,0.7774621319109288,16,qwen1.5b,22,[],0,fewshot,1.0,3
64,0.0,flat,0.9873151889293462,16,qwen1.5b,22,[],0,fewshot,1.0,6
4,0.0,flat,1.3862943611198906,16,qwen1.5b,22,[],0,instruction,1.5,4
16,0.0,flat,1.1432752061942137,16,qwen1.5b,22,[],0,instruction,1.5,4
64,0.0,flat,1.2756927908287492,16,qwen1.5b,22,[],0,instruction,1.5,8
4,0.0,flat,-0.0,17,qwen1.5b,22,[],0,instruction,1.0,1
16,0.0,flat,-0.0,17,qwen1.5b,22,[],0,instruction,1.0,1
64,0.0,flat,0.08048483706800685,17,qwen1.5b,22,[],0,instruction,1.0,2
4,0.0,flat,1.0397207708399179,17,qwen1.5b,22,[],0,concise,1.0,3
16,0.09815950920245399,flat,1.1246702892376168,17,qwen1.5b,22,[17],1,concise,1.0,4
64,0.09815950920245399,flat,1.1998432670086083,17,qwen1.5b,22,[17],1,concise,1.0,5
4,0.09815950920245399,flat,-0.0,17,qwen1.5b,22,[17],1,fewshot,1.0,1
16,0.09815950920245399,flat,0.46341355882643,17,qwen1.5b,22,[17],1,fewshot,1.0,3
64,0.09815950920245399,flat,0.8282333964644877,17,qwen1.5b,22,[17],1,fewshot,1.0,5
4,0.0,flat,-0.0,17,qwen1.5b,22,[],0,instruction,1.5,1
16,0.0,flat,0.37677016125643675,17,qwen1.5b,22,[],0,instruction,1.5,2
64,0.0,flat,0.6284377297305239,17,qwen1.5b,22,[],0,instruction,1.5,6
4,0.0,flat,-0.0,18,qwen1.5b,22,[],0,instruction,1.0,1
16,0.0,flat,0.8314025204956377,18,qwen1.5b,22,[],0,instruction,1.0,3
64,0.0,flat,0.8269313793807846,18,qwen1.5b,22,[],0,instruction,1.0,4
4,0.05405405405405406,flat,0.6931471805599453,18,qwen1.5b,22,[109],1,concise,1.0,2
16,0.12912912912912913,flat,1.0821955300387673,18,qwen1.5b,22,"[12, 109]",2,concise,1.0,3
64,0.12912912912912913,flat,1.241340022883818,18,qwen1.5b,22,"[12, 109]",2,concise,1.0,5
4,0.10510510510510511,flat,-0.0,18,qwen1.5b,22,[12],1,fewshot,1.0,1
16,0.10510510510510511,flat,-0.0,18,qwen1.5b,22,[12],1,fewshot,1.0,1
64,0.10510510510510511,flat,0.21904558217698628,18,qwen1.5b,22,[12],1,fewshot,1.0,3
4,0.0,flat,0.5623351446188083,18,qwen1.5b,22,[],0,instruction,1.5,2
16,0.05405405405405406,flat,1.18030455699462,18,qwen1.5b,22,[109],1,instruction,1.5,4
64,0.21021021021021022,flat,1.5144478843296212,18,qwen1.5b,22,[84],1,instruction,1.5,9
4,0.11461794019933555,flat,0.5623351446188083,19,qwen1.5b,22,[14],1,instruction,1.0,2
16,0.11461794019933555,flat,0.46341355882643,19,qwen1.5b,22,[14],1,instruction,1.0,3
64,0.11461794019933555,flat,0.4497363009820342,19,qwen1.5b,22,[14],1,instruction,1.0,4
4,0.11461794019933555,flat,0.5623351446188083,19,qwen1.5b,22,[14],1,concise,1.0,2
16,0.11461794019933555,flat,0.6019239717322894,19,qwen1.5b,22,[14],1,concise,1.0,3
64,0.11461794019933555,flat,0.4841930878831595,19,qwen1.5b,22,[14],1,concise,1.0,3
4,0.11461794019933555,flat,1.3862943611198906,19,qwen1.5b,22,[14],1,fewshot,1.0,4
16,0.11461794019933555,flat,1.2440166957928942,19,qwen1.5b,22,[14],1,fewshot,1.0,5
64,0.11461794019933555,flat,0.9134086213420304,19,qwen1.5b,22,[14],1,fewshot,1.0,5
4,0.11461794019933555,flat,0.5623351446188083,19,qwen1.5b,22,[14],1,instruction,1.5,2
16,0.11461794019933555,flat,0.8314025204956377,19,qwen1.5b,22,[14],1,instruction,1.5,3
64,0.11461794019933555,flat,0.891747771949532,19,qwen1.5b,22,[14],1,instruction,1.5,4
4,0.0,flat,-0.0,20,qwen1.5b,22,[],0,instruction,1.0,1
16,0.0,flat,0.2337916587064593,20,qwen1.5b,22,[],0,instruction,1.0,2
64,0.04819277108433735,flat,0.48488224752070974,20,qwen1.5b,22,[109],1,instruction,1.0,5
4,0.0,flat,1.0397207708399179,20,qwen1.5b,22,[],0,concise,1.0,3
16,0.0,flat,1.0609581504393426,20,qwen1.5b,22,[],0,concise,1.0,4
64,0.0,flat,0.9619965414741964,20,qwen1.5b,22,[],0,concise,1.0,4
4,0.0,flat,0.5623351446188083,20,qwen1.5b,22,[],0,fewshot,1.0,2
16,0.0,flat,0.6019239717322895,20,qwen1.5b,22,[],0,fewshot,1.0,3
64,0.030120481927710843,flat,0.7197653230407126,20,qwen1.5b,22,[12],1,fewshot,1.0,5
4,0.0,flat,-0.0,20,qwen1.5b,22,[],0,instruction,1.5,1
16,0.04819277108433735,flat,0.7356219397587946,20,qwen1.5b,22,[109],1,instruction,1.5,3
64,0.04819277108433735,flat,1.0036517901199082,20,qwen1.5b,22,[109],1,instruction,1.5,6
4,0.0,flat,0.5623351446188083,21,qwen1.5b,22,[],0,instruction,1.0,2
16,0.0,flat,0.37677016125643675,21,qwen1.5b,22,[],0,instruction,1.0,2
64,0.12098009188361408,flat,0.791846624135216,21,qwen1.5b,22,[15],1,instruction,1.0,5
4,0.0,flat,0.6931471805599453,21,qwen1.5b,22,[],0,concise,1.0,2
16,0.12098009188361408,flat,1.0337005498525014,21,qwen1.5b,22,[15],1,concise,1.0,4
64,0.12098009188361408,flat,0.977137009788517,21,qwen1.5b,22,[15],1,concise,1.0,6
4,0.12098009188361408,flat,1.3862943611198906,21,qwen1.5b,22,[15],1,fewshot,1.0,4
16,0.12098009188361408,flat,1.18030455699462,21,qwen1.5b,22,[15],1,fewshot,1.0,4
64,0.12098009188361408,flat,1.4523526429800673,21,qwen1.5b,22,[15],1,fewshot,1.0,6
4,0.0,flat,0.6931471805599453,21,qwen1.5b,22,[],0,instruction,1.5,2
16,0.12098009188361408,flat,1.4402347497045995,21,qwen1.5b,22,[15],1,instruction,1.5,6
64,0.12098009188361408,flat,1.6035705214317348,21,qwen1.5b,22,[15],1,instruction,1.5,10
4,0.0,flat,0.5623351446188083,22,qwen1.5b,22,[],0,instruction,1.0,2
16,0.0,flat,0.7029189307735104,22,qwen1.5b,22,[],0,instruction,1.0,3
64,0.0,flat,0.6099263025504231,22,qwen1.5b,22,[],0,instruction,1.0,3
4,0.0,flat,0.5623351446188083,22,qwen1.5b,22,[],0,concise,1.0,2
16,0.0,flat,1.1626998334975678,22,qwen1.5b,22,[],0,concise,1.0,4
64,0.0,flat,0.9897416651126921,22,qwen1.5b,22,[],0,concise,1.0,5
4,0.0,flat,1.0397207708399179,22,qwen1.5b,22,[],0,fewshot,1.0,3
16,0.0,flat,1.42876912031874,22,qwen1.5b,22,[],0,fewshot,1.0,6
64,0.0,flat,1.5642945204504208,22,qwen1.5b,22,[],0,fewshot,1.0,8
4,0.0,flat,0.5623351446188083,22,qwen1.5b,22,[],0,instruction,1.5,2
16,0.0,flat,0.9840865030829147,22,qwen1.5b,22,[],0,instruction,1.5,3
64,0.0,flat,0.9830284662431256,22,qwen1.5b,22,[],0,instruction,1.5,6
4,0.0,flat,0.6931471805599453,23,qwen1.5b,22,[],0,instruction,1.0,2
16,0.0,flat,1.0609581504393426,23,qwen1.5b,22,[],0,instruction,1.0,4
64,0.0,flat,1.3223963654245456,23,qwen1.5b,22,[],0,instruction,1.0,6
4,0.0,flat,0.6931471805599453,23,qwen1.5b,22,[],0,concise,1.0,2
16,0.0,flat,0.6853142072764582,23,qwen1.5b,22,[],0,concise,1.0,2
64,0.0,flat,0.6690268361602776,23,qwen1.5b,22,[],0,concise,1.0,2
4,0.0,flat,1.3862943611198906,23,qwen1.5b,22,[],0,fewshot,1.0,4
16,0.013782542113323124,flat,1.4226300262075475,23,qwen1.5b,22,[17],1,fewshot,1.0,5
64,0.05972434915773354,flat,1.3608302300605248,23,qwen1.5b,22,"[16, 17]",2,fewshot,1.0,7
4,0.0,flat,1.0397207708399179,23,qwen1.5b,22,[],0,instruction,1.5,3
16,0.0,flat,1.5607002228431979,23,qwen1.5b,22,[],0,instruction,1.5,6
64,0.0,flat,1.856354350467115,23,qwen1.5b,22,[],0,instruction,1.5,9
4,0.0,flat,0.5623351446188083,24,qwen1.5b,22,[],0,instruction,1.0,2
16,0.0,flat,0.6019239717322894,24,qwen1.5b,22,[],0,instruction,1.0,3
64,0.0,flat,1.0551840009724744,24,qwen1.5b,22,[],0,instruction,1.0,6
4,0.0,flat,1.0397207708399179,24,qwen1.5b,22,[],0,concise,1.0,3
16,0.0,flat,1.1432752061942137,24,qwen1.5b,22,[],0,concise,1.0,4
64,0.0,flat,1.459927994634417,24,qwen1.5b,22,[],0,concise,1.0,8
4,0.0,flat,0.5623351446188083,24,qwen1.5b,22,[],0,fewshot,1.0,2
16,0.0,flat,0.48257756517701206,24,qwen1.5b,22,[],0,fewshot,1.0,2
64,0.0,flat,0.6298493417853749,24,qwen1.5b,22,[],0,fewshot,1.0,4
4,0.0,flat,0.6931471805599453,24,qwen1.5b,22,[],0,instruction,1.5,2
16,0.0,flat,0.7029189307735104,24,qwen1.5b,22,[],0,instruction,1.5,3
64,0.0,flat,1.598648344346223,24,qwen1.5b,22,[],0,instruction,1.5,10
4,0.0,flat,1.0397207708399179,25,qwen1.5b,22,[],0,instruction,1.0,3
16,0.0,flat,1.190076307208185,25,qwen1.5b,22,[],0,instruction,1.0,5
64,0.0,flat,1.2023361157533385,25,qwen1.5b,22,[],0,instruction,1.0,5
4,0.0,flat,0.5623351446188083,25,qwen1.5b,22,[],0,concise,1.0,2
16,0.0,flat,0.46341355882643,25,qwen1.5b,22,[],0,concise,1.0,3
64,0.0,flat,0.6625053390355212,25,qwen1.5b,22,[],0,concise,1.0,4
4,0.0,flat,0.5623351446188083,25,qwen1.5b,22,[],0,fewshot,1.0,2
16,0.0,flat,0.46341355882643,25,qwen1.5b,22,[],0,fewshot,1.0,3
64,0.023972602739726026,flat,0.8633793430031631,25,qwen1.5b,22,[15],1,fewshot,1.0,6
4,0.0,flat,1.3862943611198906,25,qwen1.5b,22,[],0,instruction,1.5,4
16,0.0,flat,1.3917397695183338,25,qwen1.5b,22,[],0,instruction,1.5,5
64,0.023972602739726026,flat,1.7427223035211656,25,qwen1.5b,22,[15],1,instruction,1.5,10
4,0.17563739376770537,flat,0.5623351446188083,26,qwen1.5b,22,[123],1,instruction,1.0,2
16,0.17563739376770537,flat,0.37677016125643675,26,qwen1.5b,22,[123],1,instruction,1.0,2
64,0.17563739376770537,flat,0.7140027900668389,26,qwen1.5b,22,[123],1,instruction,1.0,6
4,0.17563739376770537,flat,0.5623351446188083,26,qwen1.5b,22,[123],1,concise,1.0,2
16,0.17563739376770537,flat,0.5623351446188083,26,qwen1.5b,22,[123],1,concise,1.0,2
64,0.17563739376770537,flat,0.6110548997393415,26,qwen1.5b,22,[123],1,concise,1.0,5
4,0.17563739376770537,flat,0.6931471805599453,26,qwen1.5b,22,[123],1,fewshot,1.0,2
16,0.17563739376770537,flat,0.8305236914828464,26,qwen1.5b,22,[123],1,fewshot,1.0,3
64,0.17563739376770537,flat,1.0935719058328968,26,qwen1.5b,22,[123],1,fewshot,1.0,5
4,0.17563739376770537,flat,0.5623351446188083,26,qwen1.5b,22,[123],1,instruction,1.5,2
16,0.17563739376770537,flat,0.7356219397587946,26,qwen1.5b,22,[123],1,instruction,1.5,3
64,0.17563739376770537,flat,1.0977375760748027,26,qwen1.5b,22,[123],1,instruction,1.5,8
4,0.0,flat,-0.0,27,qwen1.5b,22,[],0,instruction,1.0,1
16,0.0,flat,0.2337916587064593,27,qwen1.5b,22,[],0,instruction,1.0,2
64,0.0,flat,1.018174412781801,27,qwen1.5b,22,[],0,instruction,1.0,7
4,0.0,flat,-0.0,27,qwen1.5b,22,[],0,concise,1.0,1
16,0.0,flat,0.6019239717322894,27,qwen1.5b,22,[],0,concise,1.0,3
64,0.0,flat,1.2020496250077368,27,qwen1.5b,22,[],0,concise,1.0,7
4,0.0,flat,0.5623351446188083,27,qwen1.5b,22,[],0,fewshot,1.0,2
16,0.0,flat,0.46341355882643,27,qwen1.5b,22,[],0,fewshot,1.0,3
64,0.0,flat,0.7237482188215069,27,qwen1.5b,22,[],0,fewshot,1.0,4
4,0.0,flat,0.5623351446188083,27,qwen1.5b,22,[],0,instruction,1.5,2
16,0.0,flat,0.6019239717322894,27,qwen1.5b,22,[],0,instruction,1.5,3
64,0.0,flat,1.7563059830363894,27,qwen1.5b,22,[],0,instruction,1.5,12
4,0.0,flat,0.5623351446188083,28,qwen1.5b,22,[],0,instruction,1.0,2
16,0.0,flat,0.48257756517701206,28,qwen1.5b,22,[],0,instruction,1.0,2
64,0.0,flat,0.5112061716690013,28,qwen1.5b,22,[],0,instruction,1.0,3
4,0.0,flat,0.6931471805599453,28,qwen1.5b,22,[],0,concise,1.0,2
16,0.0,flat,0.6853142072764582,28,qwen1.5b,22,[],0,concise,1.0,2
64,0.0,flat,0.7431098912098039,28,qwen1.5b,22,[],0,concise,1.0,3
4,0.0,flat,1.0397207708399179,28,qwen1.5b,22,[],0,fewshot,1.0,3
16,0.0,flat,1.1900763072081852,28,qwen1.5b,22,[],0,fewshot,1.0,5
64,0.21702838063439064,flat,1.3393157747841913,28,qwen1.5b,22,[6],1,fewshot,1.0,7
4,0.0,flat,-0.0,28,qwen1.5b,22,[],0,instruction,1.5,1
16,0.0,flat,0.918045918065631,28,qwen1.5b,22,[],0,instruction,1.5,4
64,0.0,flat,1.2843270059277174,28,qwen1.5b,22,[],0,instruction,1.5,8
4,0.0,flat,0.5623351446188083,29,qwen1.5b,22,[],0,instruction,1.0,2
16,0.0,flat,0.8314025204956377,29,qwen1.5b,22,[],0,instruction,1.0,3
64,0.0,flat,0.5715077723264029,29,qwen1.5b,22,[],0,instruction,1.0,3
4,0.0,flat,1.0397207708399179,29,qwen1.5b,22,[],0,concise,1.0,3
16,0.0,flat,0.7774621319109288,29,qwen1.5b,22,[],0,concise,1.0,3
64,0.0,flat,0.7609808567865921,29,qwen1.5b,22,[],0,concise,1.0,3
4,0.0,flat,1.0397207708399179,29,qwen1.5b,22,[],0,fewshot,1.0,3
16,0.0,flat,1.2996509635498974,29,qwen1.5b,22,[],0,fewshot,1.0,5
64,0.0,flat,1.179777659160288,29,qwen1.5b,22,[],0,fewshot,1.0,6
4,0.0,flat,1.0397207708399179,29,qwen1.5b,22,[],0,instruction,1.5,3
16,0.0,flat,1.2996509635498974,29,qwen1.5b,22,[],0,instruction,1.5,5
64,0.0,flat,1.2373988824202207,29,qwen1.5b,22,[],0,instruction,1.5,8
4,0.0,flat,-0.0,30,qwen1.5b,22,[],0,instruction,1.0,1
16,0.0,flat,-0.0,30,qwen1.5b,22,[],0,instruction,1.0,1
64,0.0,flat,0.1607216478472394,30,qwen1.5b,22,[],0,instruction,1.0,3
4,0.0,flat,-0.0,30,qwen1.5b,22,[],0,concise,1.0,1
16,0.0,flat,0.2337916587064593,30,qwen1.5b,22,[],0,concise,1.0,2
64,0.0,flat,0.08048483706800685,30,qwen1.5b,22,[],0,concise,1.0,2
4,0.0,flat,0.5623351446188083,30,qwen1.5b,22,[],0,fewshot,1.0,2
16,0.0,flat,0.6615632381579821,30,qwen1.5b,22,[],0,fewshot,1.0,2
64,0.0,flat,0.5623351446188083,30,qwen1.5b,22,[],0,fewshot,1.0,2
4,0.0,flat,0.5623351446188083,30,qwen1.5b,22,[],0,instruction,1.5,2
16,0.0,flat,0.2337916587064593,30,qwen1.5b,22,[],0,instruction,1.5,2
64,0.0,flat,0.6720894551165909,30,qwen1.5b,22,[],0,instruction,1.5,5
4,0.0,flat,0.5623351446188083,31,qwen1.5b,22,[],0,instruction,1.0,2
16,0.17784256559766765,flat,0.9868994488385301,31,qwen1.5b,22,[132],1,instruction,1.0,4
64,0.17784256559766765,flat,0.960504891499085,31,qwen1.5b,22,[132],1,instruction,1.0,6
4,0.17784256559766765,flat,0.5623351446188083,31,qwen1.5b,22,[132],1,concise,1.0,2
16,0.17784256559766765,flat,0.8314025204956377,31,qwen1.5b,22,[132],1,concise,1.0,3
64,0.17784256559766765,flat,0.5288464204868228,31,qwen1.5b,22,[132],1,concise,1.0,3
4,0.17784256559766765,flat,1.0397207708399179,31,qwen1.5b,22,[132],1,fewshot,1.0,3
16,0.17784256559766765,flat,0.6885673693022827,31,qwen1.5b,22,[132],1,fewshot,1.0,4
64,0.17784256559766765,flat,0.6913387385572954,31,qwen1.5b,22,[132],1,fewshot,1.0,4
4,0.17784256559766765,flat,1.0397207708399179,31,qwen1.5b,22,[132],1,instruction,1.5,3
16,0.17784256559766765,flat,1.2996509635498974,31,qwen1.5b,22,[132],1,instruction,1.5,5
64,0.17784256559766765,flat,1.3756019615598638,31,qwen1.5b,22,[132],1,instruction,1.5,8
4,0.0,flat,-0.0,16,qwen1.5b,33,[],0,instruction,1.0,1
16,0.0,flat,0.2337916587064593,16,qwen1.5b,33,[],0,instruction,1.0,2
64,0.0,flat,0.2689376052451348,16,qwen1.5b,33,[],0,instruction,1.0,3
4,0.0,flat,-0.0,16,qwen1.5b,33,[],0,concise,1.0,1
16,0.0,flat,0.2337916587064593,16,qwen1.5b,33,[],0,concise,1.0,2
64,0.0,flat,0.42760915402066174,16,qwen1.5b,33,[],0,concise,1.0,5
4,0.0,flat,1.0397207708399179,16,qwen1.5b,33,[],0,fewshot,1.0,3
16,0.0,flat,1.4402347497045995,16,qwen1.5b,33,[],0,fewshot,1.0,6
64,0.0,flat,1.6519217984707573,16,qwen1.5b,33,[],0,fewshot,1.0,8
4,0.0,flat,-0.0,16,qwen1.5b,33,[],0,instruction,1.5,1
16,0.0,flat,0.6019239717322895,16,qwen1.5b,33,[],0,instruction,1.5,3
64,0.0,flat,0.9164115675622788,16,qwen1.5b,33,[],0,instruction,1.5,7
4,0.0,flat,0.5623351446188083,17,qwen1.5b,33,[],0,instruction,1.0,2
16,0.0,flat,0.6019239717322895,17,qwen1.5b,33,[],0,instruction,1.0,3
64,0.0,flat,0.35336926814306524,17,qwen1.5b,33,[],0,instruction,1.0,3
4,0.0,flat,1.0397207708399179,17,qwen1.5b,33,[],0,concise,1.0,3
16,0.0,flat,0.8647400965276372,17,qwen1.5b,33,[],0,concise,1.0,3
64,0.09815950920245399,flat,0.8795734091405454,17,qwen1.5b,33,[17],1,concise,1.0,4
4,0.09815950920245399,flat,1.0397207708399179,17,qwen1.5b,33,[17],1,fewshot,1.0,3
16,0.09815950920245399,flat,1.157373298222901,17,qwen1.5b,33,[17],1,fewshot,1.0,4
64,0.09815950920245399,flat,1.2471896108861544,17,qwen1.5b,33,[17],1,fewshot,1.0,5
4,0.0,flat,0.5623351446188083,17,qwen1.5b,33,[],0,instruction,1.5,2
16,0.0,flat,0.8222653373287878,17,qwen1.5b,33,[],0,instruction,1.5,4
64,0.0,flat,0.6669065199097843,17,qwen1.5b,33,[],0,instruction,1.5,5
4,0.21021021021021022,flat,1.0397207708399179,18,qwen1.5b,33,[84],1,instruction,1.0,3
16,0.21021021021021022,flat,1.069917341816382,18,qwen1.5b,33,[84],1,instruction,1.0,4
64,0.21021021021021022,flat,1.1169086456425603,18,qwen1.5b,33,[84],1,instruction,1.0,6
4,0.21021021021021022,flat,0.5623351446188083,18,qwen1.5b,33,[84],1,concise,1.0,2
16,0.21021021021021022,flat,0.9180459180656309,18,qwen1.5b,33,[84],1,concise,1.0,4
64,0.21021021021021022,flat,0.6688160109642144,18,qwen1.5b,33,[84],1,concise,1.0,4
4,0.1036036036036036,flat,1.0397207708399179,18,qwen1.5b,33,[8],1,fewshot,1.0,3
16,0.1036036036036036,flat,0.8815322611881637,18,qwen1.5b,33,[8],1,fewshot,1.0,3
64,0.1036036036036036,flat,0.7265151906889236,18,qwen1.5b,33,[8],1,fewshot,1.0,3
4,0.21021021021021022,flat,1.0397207708399179,18,qwen1.5b,33,[84],1,instruction,1.5,3
16,0.21021021021021022,flat,1.0609581504393426,18,qwen1.5b,33,[84],1,instruction,1.5,4
64,0.21021021021021022,flat,1.3143756957172081,18,qwen1.5b,33,[84],1,instruction,1.5,7
4,0.0,flat,-0.0,19,qwen1.5b,33,[],0,instruction,1.0,1
16,0.0,flat,0.2337916587064593,19,qwen1.5b,33,[],0,instruction,1.0,2
64,0.0,flat,0.1607216478472394,19,qwen1.5b,33,[],0,instruction,1.0,3
4,0.0,flat,-0.0,19,qwen1.5b,33,[],0,concise,1.0,1
16,0.10631229235880399,flat,0.2337916587064593,19,qwen1.5b,33,[124],1,concise,1.0,2
64,0.11461794019933555,flat,0.2771133574914559,19,qwen1.5b,33,[14],1,concise,1.0,3
4,0.0,flat,-0.0,19,qwen1.5b,33,[],0,fewshot,1.0,1
16,0.11461794019933555,flat,0.6931471805599453,19,qwen1.5b,33,[14],1,fewshot,1.0,2
64,0.11461794019933555,flat,0.8276645814556842,19,qwen1.5b,33,[14],1,fewshot,1.0,4
4,0.0,flat,-0.0,19,qwen1.5b,33,[],0,instruction,1.5,1
16,0.0,flat,0.37677016125643675,19,qwen1.5b,33,[],0,instruction,1.5,2
64,0.11461794019933555,flat,0.40594830462816345,19,qwen1.5b,33,[14],1,instruction,1.5,4
4,0.0,flat,-0.0,20,qwen1.5b,33,[],0,instruction,1.0,1
16,0.0,flat,0.6615632381579821,20,qwen1.5b,33,[],0,instruction,1.0,2
64,0.04819277108433735,flat,0.8998860430663127,20,qwen1.5b,33,[109],1,instruction,1.0,4
4,0.0,flat,-0.0,20,qwen1.5b,33,[],0,concise,1.0,1
16,0.0,flat,0.37677016125643675,20,qwen1.5b,33,[],0,concise,1.0,2
64,0.26506024096385544,flat,0.5597895354472247,20,qwen1.5b,33,[140],1,concise,1.0,3
4,0.030120481927710843,flat,0.6931471805599453,20,qwen1.5b,33,[12],1,fewshot,1.0,2
16,0.030120481927710843,flat,0.9470571522825083,20,qwen1.5b,33,[12],1,fewshot,1.0,3
64,0.030120481927710843,flat,1.3349759641584453,20,qwen1.5b,33,[12],1,fewshot,1.0,7
4,0.0,flat,1.0397207708399179,20,qwen1.5b,33,[],0,instruction,1.5,3
16,0.0,flat,0.8815322611881636,20,qwen1.5b,33,[],0,instruction,1.5,3
64,0.04819277108433735,flat,1.097778509759519,20,qwen1.5b,33,[109],1,instruction,1.5,5
4,0.0,flat,0.5623351446188083,21,qwen1.5b,33,[],0,instruction,1.0,2
16,0.0,flat,0.7774621319109288,21,qwen1.5b,33,[],0,instruction,1.0,3
64,0.0,flat,0.89798749484076,21,qwen1.5b,33,[],0,instruction,1.0,4
4,0.0,flat,-0.0,21,qwen1.5b,33,[],0,concise,1.0,1
16,0.0,flat,0.2337916587064593,21,qwen1.5b,33,[],0,concise,1.0,2
64,0.2450229709035222,flat,0.37824240286658845,21,qwen1.5b,33,[131],1,concise,1.0,5
4,0.0,flat,0.5623351446188083,21,qwen1.5b,33,[],0,fewshot,1.0,2
16,0.0,flat,0.6019239717322895,21,qwen1.5b,33,[],0,fewshot,1.0,3
64,0.2450229709035222,flat,0.9844487815828813,21,qwen1.5b,33,[131],1,fewshot,1.0,6
4,0.0,flat,0.5623351446188083,21,qwen1.5b,33,[],0,instruction,1.5,2
16,0.0,flat,1.0373923246209082,21,qwen1.5b,33,[],0,instruction,1.5,5
64,0.2450229709035222,flat,1.3906042747113063,21,qwen1.5b,33,[131],1,instruction,1.5,9
4,0.0,flat,-0.0,22,qwen1.5b,33,[],0,instruction,1.0,1
16,0.0,flat,0.48257756517701206,22,qwen1.5b,33,[],0,instruction,1.0,2
64,0.0,flat,0.767931795807086,22,qwen1.5b,33,[],0,instruction,1.0,5
4,0.0,flat,0.5623351446188083,22,qwen1.5b,33,[],0,concise,1.0,2
16,0.0,flat,0.2337916587064593,22,qwen1.5b,33,[],0,concise,1.0,2
64,0.0,flat,0.43230321103561153,22,qwen1.5b,33,[],0,concise,1.0,4
4,0.0,flat,1.3862943611198906,22,qwen1.5b,33,[],0,fewshot,1.0,4
16,0.0,flat,1.923065784324152,22,qwen1.5b,33,[],0,fewshot,1.0,8
64,0.0,flat,2.0868914792241613,22,qwen1.5b,33,[],0,fewshot,1.0,12
4,0.0,flat,1.0397207708399179,22,qwen1.5b,33,[],0,instruction,1.5,3
16,0.0,flat,1.2996509635498974,22,qwen1.5b,33,[],0,instruction,1.5,5
64,0.0,flat,1.4413929620950787,22,qwen1.5b,33,[],0,instruction,1.5,8
4,0.0,flat,0.5623351446188083,23,qwen1.5b,33,[],0,instruction,1.0,2
16,0.0,flat,0.7774621319109288,23,qwen1.5b,33,[],0,instruction,1.0,3
64,0.0,flat,0.8516784691745336,23,qwen1.5b,33,[],0,instruction,1.0,5
4,0.0,flat,-0.0,23,qwen1.5b,33,[],0,concise,1.0,1
16,0.0,flat,-0.0,23,qwen1.5b,33,[],0,concise,1.0,1
64,0.0,flat,0.08048483706800685,23,qwen1.5b,33,[],0,concise,1.0,2
4,0.0,flat,0.5623351446188083,23,qwen1.5b,33,[],0,fewshot,1.0,2
16,0.05972434915773354,flat,1.5481155268740174,23,qwen1.5b,33,"[16, 17]",2,fewshot,1.0,6
64,0.05972434915773354,flat,1.6158951043183165,23,qwen1.5b,33,"[16, 17]",2,fewshot,1.0,7
4,0.0,flat,0.5623351446188083,23,qwen1.5b,33,[],0,instruction,1.5,2
16,0.0,flat,1.4402347497045995,23,qwen1.5b,33,[],0,instruction,1.5,6
64,0.0,flat,1.3574212991853791,23,qwen1.5b,33,[],0,instruction,1.5,7
4,0.0,flat,1.3862943611198906,24,qwen1.5b,33,[],0,instruction,1.0,4
16,0.0,flat,2.220025327834538,24,qwen1.5b,33,[],0,instruction,1.0,10
64,0.0,flat,2.010956219014853,24,qwen1.5b,33,[],0,instruction,1.0,11
4,0.0,flat,-0.0,24,qwen1.5b,33,[],0,concise,1.0,1
16,0.0,flat,1.0373923246209082,24,qwen1.5b,33,[],0,concise,1.0,5
64,0.0,flat,0.997745620232416,24,qwen1.5b,33,[],0,concise,1.0,9
4,0.0,flat,0.6931471805599453,24,qwen1.5b,33,[],0,fewshot,1.0,2
16,0.0,flat,1.3917397695183338,24,qwen1.5b,33,[],0,fewshot,1.0,5
64,0.0,flat,1.40469006464742,24,qwen1.5b,33,[],0,fewshot,1.0,6
4,0.0,flat,1.3862943611198906,24,qwen1.5b,33,[],0,instruction,1.5,4
16,0.0,flat,2.2739657164192466,24,qwen1.5b,33,[],0,instruction,1.5,11
64,0.0,flat,2.150574522572236,24,qwen1.5b,33,[],0,instruction,1.5,12
4,0.0,flat,0.5623351446188083,25,qwen1.5b,33,[],0,instruction,1.0,2
16,0.0,flat,0.48257756517701206,25,qwen1.5b,33,[],0,instruction,1.0,2
64,0.0,flat,0.6625053390355212,25,qwen1.5b,33,[],0,instruction,1.0,4
4,0.0,flat,0.6931471805599453,25,qwen1.5b,33,[],0,concise,1.0,2
16,0.0,flat,0.6853142072764582,25,qwen1.5b,33,[],0,concise,1.0,2
64,0.0,flat,0.8578901293392516,25,qwen1.5b,33,[],0,concise,1.0,4
4,0.0,flat,1.0397207708399179,25,qwen1.5b,33,[],0,fewshot,1.0,3
16,0.0,flat,1.0239287996389363,25,qwen1.5b,33,[],0,fewshot,1.0,3
64,0.0,flat,1.2388579395232684,25,qwen1.5b,33,[],0,fewshot,1.0,6
4,0.0,flat,0.6931471805599453,25,qwen1.5b,33,[],0,instruction,1.5,2
16,0.0,flat,1.1432752061942137,25,qwen1.5b,33,[],0,instruction,1.5,4
64,0.0,flat,1.2644509784279034,25,qwen1.5b,33,[],0,instruction,1.5,6
4,0.17563739376770537,flat,-0.0,26,qwen1.5b,33,[123],1,instruction,1.0,1
16,0.17563739376770537,flat,0.2337916587064593,26,qwen1.5b,33,[123],1,instruction,1.0,2
64,0.17563739376770537,flat,0.13906079845474112,26,qwen1.5b,33,[123],1,instruction,1.0,2
4,0.17563739376770537,flat,-0.0,26,qwen1.5b,33,[123],1,concise,1.0,1
16,0.17563739376770537,flat,0.2337916587064593,26,qwen1.5b,33,[123],1,concise,1.0,2
64,0.17563739376770537,flat,0.21904558217698628,26,qwen1.5b,33,[123],1,concise,1.0,3
4,0.17563739376770537,flat,0.5623351446188083,26,qwen1.5b,33,[123],1,fewshot,1.0,2
16,0.17563739376770537,flat,0.9002560512685369,26,qwen1.5b,33,[123],1,fewshot,1.0,3
64,0.17563739376770537,flat,0.8842924330692514,26,qwen1.5b,33,[123],1,fewshot,1.0,3
4,0.17563739376770537,flat,-0.0,26,qwen1.5b,33,[123],1,instruction,1.5,1
16,0.17563739376770537,flat,0.48257756517701206,26,qwen1.5b,33,[123],1,instruction,1.5,2
64,0.17563739376770537,flat,0.5803438715181404,26,qwen1.5b,33,[123],1,instruction,1.5,5
4,0.0,flat,0.6931471805599453,27,qwen1.5b,33,[],0,instruction,1.0,2
16,0.0,flat,1.2440166957928942,27,qwen1.5b,33,[],0,instruction,1.0,5
64,0.0,flat,1.0747493114346398,27,qwen1.5b,33,[],0,instruction,1.0,5
4,0.0,flat,0.5623351446188083,27,qwen1.5b,33,[],0,concise,1.0,2
16,0.0,flat,1.1601862439785164,27,qwen1.5b,33,[],0,concise,1.0,5
64,0.0,flat,0.9734066219900954,27,qwen1.5b,33,[],0,concise,1.0,6
4,0.0,flat,-0.0,27,qwen1.5b,33,[],0,fewshot,1.0,1
16,0.0,flat,0.7356219397587946,27,qwen1.5b,33,[],0,fewshot,1.0,3
64,0.0,flat,0.9091273102515043,27,qwen1.5b,33,[],0,fewshot,1.0,5
4,0.0,flat,1.0397207708399179,27,qwen1.5b,33,[],0,instruction,1.5,3
16,0.0,flat,1.6886993130287196,27,qwen1.5b,33,[],0,instruction,1.5,7
64,0.0,flat,1.5429179457165039,27,qwen1.5b,33,[],0,instruction,1.5,10
4,0.0,flat,-0.0,28,qwen1.5b,33,[],0,instruction,1.0,1
16,0.0,flat,-0.0,28,qwen1.5b,33,[],0,instruction,1.0,1
64,0.0,flat,0.4238664314134914,28,qwen1.5b,33,[],0,instruction,1.0,3
4,0.0,flat,-0.0,28,qwen1.5b,33,[],0,concise,1.0,1
16,0.0,flat,0.8647400965276372,28,qwen1.5b,33,[],0,concise,1.0,3
64,0.0,flat,0.9872684367115978,28,qwen1.5b,33,[],0,concise,1.0,5
4,0.0,flat,0.5623351446188083,28,qwen1.5b,33,[],0,fewshot,1.0,2
16,0.0,flat,1.6347589244440106,28,qwen1.5b,33,[],0,fewshot,1.0,6
64,0.0,flat,1.7778305977656244,28,qwen1.5b,33,[],0,fewshot,1.0,7
4,0.0,flat,0.5623351446188083,28,qwen1.5b,33,[],0,instruction,1.5,2
16,0.0,flat,0.7029189307735104,28,qwen1.5b,33,[],0,instruction,1.5,3
64,0.0,flat,1.0801941640663992,28,qwen1.5b,33,[],0,instruction,1.5,7
4,0.0,flat,-0.0,29,qwen1.5b,33,[],0,instruction,1.0,1
16,0.0,flat,0.7356219397587946,29,qwen1.5b,33,[],0,instruction,1.0,3
64,0.0,flat,0.5417943321605307,29,qwen1.5b,33,[],0,instruction,1.0,4
4,0.0,flat,-0.0,29,qwen1.5b,33,[],0,concise,1.0,1
16,0.0,flat,0.2337916587064593,29,qwen1.5b,33,[],0,concise,1.0,2
64,0.0,flat,0.37824240286658845,29,qwen1.5b,33,[],0,concise,1.0,5
4,0.0,flat,1.0397207708399179,29,qwen1.5b,33,[],0,fewshot,1.0,3
16,0.0,flat,1.6886993130287196,29,qwen1.5b,33,[],0,fewshot,1.0,7
64,0.0,flat,1.7918005603089977,29,qwen1.5b,33,[],0,fewshot,1.0,10
4,0.0,flat,0.5623351446188083,29,qwen1.5b,33,[],0,instruction,1.5,2
16,0.0,flat,1.040839837423239,29,qwen1.5b,33,[],0,instruction,1.5,4
64,0.0,flat,1.0121176421377605,29,qwen1.5b,33,[],0,instruction,1.5,6
4,0.0,flat,0.5623351446188083,30,qwen1.5b,33,[],0,instruction,1.0,2
16,0.0,flat,0.7029189307735104,30,qwen1.5b,33,[],0,instruction,1.0,3
64,0.0,flat,0.5887186412319425,30,qwen1.5b,33,[],0,instruction,1.0,4
4,0.0,flat,-0.0,30,qwen1.5b,33,[],0,concise,1.0,1
16,0.0,flat,0.2337916587064593,30,qwen1.5b,33,[],0,concise,1.0,2
64,0.0,flat,0.2337916587064593,30,qwen1.5b,33,[],0,concise,1.0,2
4,0.0,flat,0.5623351446188083,30,qwen1.5b,33,[],0,fewshot,1.0,2
16,0.0,flat,0.6931471805599453,30,qwen1.5b,33,[],0,fewshot,1.0,2
64,0.0,flat,0.7527225026325336,30,qwen1.5b,33,[],0,fewshot,1.0,3
4,0.0,flat,1.3862943611198906,30,qwen1.5b,33,[],0,instruction,1.5,4
16,0.0,flat,1.4402347497045995,30,qwen1.5b,33,[],0,instruction,1.5,6
64,0.0,flat,1.1207297912915393,30,qwen1.5b,33,[],0,instruction,1.5,7
4,0.17784256559766765,flat,1.0397207708399179,31,qwen1.5b,33,[132],1,instruction,1.0,3
16,0.17784256559766765,flat,0.9832739442463889,31,qwen1.5b,33,[132],1,instruction,1.0,3
64,0.17784256559766765,flat,0.9794296314206191,31,qwen1.5b,33,[132],1,instruction,1.0,4
4,0.17784256559766765,flat,-0.0,31,qwen1.5b,33,[132],1,concise,1.0,1
16,0.17784256559766765,flat,-0.0,31,qwen1.5b,33,[132],1,concise,1.0,1
64,0.17784256559766765,flat,0.3761117029893441,31,qwen1.5b,33,[132],1,concise,1.0,3
4,0.17784256559766765,flat,0.5623351446188083,31,qwen1.5b,33,[132],1,fewshot,1.0,2
16,0.17784256559766765,flat,0.6615632381579821,31,qwen1.5b,33,[132],1,fewshot,1.0,2
64,0.17784256559766765,flat,0.6754645824509031,31,qwen1.5b,33,[132],1,fewshot,1.0,2
4,0.17784256559766765,flat,1.0397207708399179,31,qwen1.5b,33,[132],1,instruction,1.5,3
16,0.17784256559766765,flat,1.4898487964741864,31,qwen1.5b,33,[132],1,instruction,1.5,5
64,0.17784256559766765,flat,1.6257422739669862,31,qwen1.5b,33,[132],1,instruction,1.5,10
4,0.07407407407407407,macro,1.3862943611198906,16,qwen1.5b,11,[76],1,instruction,1.0,4
16,0.07407407407407407,macro,1.6800466293984755,16,qwen1.5b,11,[76],1,instruction,1.0,7
64,0.07407407407407407,macro,2.014531702354571,16,qwen1.5b,11,[76],1,instruction,1.0,14
4,0.07407407407407407,macro,0.5623351446188083,16,qwen1.5b,11,[76],1,concise,1.0,2
16,0.07407407407407407,macro,1.0373923246209082,16,qwen1.5b,11,[76],1,concise,1.0,5
64,0.08754208754208755,macro,1.2491810593890418,16,qwen1.5b,11,[65],1,concise,1.0,8
4,0.07407407407407407,macro,1.0397207708399179,16,qwen1.5b,11,[76],1,fewshot,1.0,3
16,0.07407407407407407,macro,1.040839837423239,16,qwen1.5b,11,[76],1,fewshot,1.0,4
64,0.14983164983164984,macro,1.3934612367646608,16,qwen1.5b,11,"[6, 65]",2,fewshot,1.0,9
4,0.07407407407407407,macro,1.3862943611198906,16,qwen1.5b,11,[76],1,instruction,1.5,4
16,0.07407407407407407,macro,2.067975912293976,16,qwen1.5b,11,[76],1,instruction,1.5,9
64,0.13468013468013468,macro,2.5246159931660337,16,qwen1.5b,11,"[6, 76]",2,instruction,1.5,18
4,0.03987730061349693,macro,0.5623351446188083,17,qwen1.5b,11,[89],1,instruction,1.0,2
16,0.03987730061349693,macro,1.4402347497045995,17,qwen1.5b,11,[89],1,instruction,1.0,6
64,0.03987730061349693,macro,1.5330717417254598,17,qwen1.5b,11,[89],1,instruction,1.0,7
4,0.19631901840490798,macro,-0.0,17,qwen1.5b,11,[143],1,concise,1.0,1
16,0.19631901840490798,macro,-0.0,17,qwen1.5b,11,[143],1,concise,1.0,1
64,0.19631901840490798,macro,0.21904558217698628,17,qwen1.5b,11,[143],1,concise,1.0,3
4,0.19631901840490798,macro,0.5623351446188083,17,qwen1.5b,11,[143],1,fewshot,1.0,2
16,0.19631901840490798,macro,1.2227793161934692,17,qwen1.5b,11,[143],1,fewshot,1.0,4
64,0.19631901840490798,macro,1.3807350910550882,17,qwen1.5b,11,[143],1,fewshot,1.0,6
4,0.03987730061349693,macro,0.5623351446188083,17,qwen1.5b,11,[89],1,instruction,1.5,2
16,0.03987730061349693,macro,1.559581156259877,17,qwen1.5b,11,[89],1,instruction,1.5,7
64,0.03987730061349693,macro,1.8706916754257432,17,qwen1.5b,11,[89],1,instruction,1.5,10
4,0.21021021021021022,macro,0.6931471805599453,18,qwen1.5b,11,[84],1,instruction,1.0,2
16,0.21021021021021022,macro,0.8305236914828464,18,qwen1.5b,11,[84],1,instruction,1.0,3
64,0.21021021021021022,macro,0.6544747851182025,18,qwen1.5b,11,[84],1,instruction,1.0,3
4,0.05405405405405406,macro,-0.0,18,qwen1.5b,11,[109],1,concise,1.0,1
16,0.21021021021021022,macro,0.7029189307735104,18,qwen1.5b,11,[84],1,concise,1.0,3
64,0.21021021021021022,macro,0.6694064633316195,18,qwen1.5b,11,[84],1,concise,1.0,3
4,0.10510510510510511,macro,0.5623351446188083,18,qwen1.5b,11,[12],1,fewshot,1.0,2
16,0.21021021021021022,macro,1.2281058514681364,18,qwen1.5b,11,[84],1,fewshot,1.0,4
64,0.4294294294294294,macro,1.231372928395745,18,qwen1.5b,11,"[69, 84]",2,fewshot,1.0,6
4,0.21021021021021022,macro,1.0397207708399179,18,qwen1.5b,11,[84],1,instruction,1.5,3
16,0.21021021021021022,macro,1.249343231067561,18,qwen1.5b,11,[84],1,instruction,1.5,5
64,0.21021021021021022,macro,0.9236372224339316,18,qwen1.5b,11,[84],1,instruction,1.5,5
4,0.10631229235880399,macro,1.3862943611198906,19,qwen1.5b,11,[124],1,instruction,1.0,4
16,0.10631229235880399,macro,1.5764921940441796,19,qwen1.5b,11,[124],1,instruction,1.0,6
64,0.11461794019933555,macro,1.4732134233722902,19,qwen1.5b,11,[14],1,instruction,1.0,9
4,0.10631229235880399,macro,0.5623351446188083,19,qwen1.5b,11,[124],1,concise,1.0,2
16,0.10631229235880399,macro,0.7029189307735104,19,qwen1.5b,11,[124],1,concise,1.0,3
64,0.14119601328903655,macro,0.750686964357306,19,qwen1.5b,11,"[14, 125]",2,concise,1.0,4
4,0.053156146179401995,macro,1.3862943611198906,19,qwen1.5b,11,[16],1,fewshot,1.0,4
16,0.11461794019933555,macro,1.5092734237775407,19,qwen1.5b,11,[14],1,fewshot,1.0,6
64,0.14119601328903655,macro,1.5517359113649902,19,qwen1.5b,11,"[14, 125]",2,fewshot,1.0,7
4,0.0,macro,1.0397207708399179,19,qwen1.5b,11,[],0,instruction,1.5,3
16,0.11461794019933555,macro,2.1546193098639694,19,qwen1.5b,11,[14],1,instruction,1.5,10
64,0.14119601328903655,macro,2.0300813880392625,19,qwen1.5b,11,"[14, 125]",2,instruction,1.5,14
4,0.07228915662650602,macro,1.0397207708399179,20,qwen1.5b,11,[73],1,instruction,1.0,3
16,0.07228915662650602,macro,0.7029189307735104,20,qwen1.5b,11,[73],1,instruction,1.0,3
64,0.12048192771084337,macro,0.9396573326130427,20,qwen1.5b,11,"[73, 109]",2,instruction,1.0,7
4,0.3373493975903614,macro,0.6931471805599453,20,qwen1.5b,11,"[73, 140]",2,concise,1.0,2
16,0.3373493975903614,macro,0.6853142072764582,20,qwen1.5b,11,"[73, 140]",2,concise,1.0,2
64,0.3373493975903614,macro,0.7265151906889236,20,qwen1.5b,11,"[73, 140]",2,concise,1.0,3
4,0.13855421686746988,macro,1.0397207708399179,20,qwen1.5b,11,[6],1,fewshot,1.0,3
16,0.1706827309236948,macro,1.2123138802671547,20,qwen1.5b,11,"[6, 44]",2,fewshot,1.0,4
64,0.19477911646586346,macro,1.4709265959942317,20,qwen1.5b,11,"[6, 12, 44]",3,fewshot,1.0,7
4,0.10040160642570281,macro,1.0397207708399179,20,qwen1.5b,11,"[73, 74]",2,instruction,1.5,3
16,0.10040160642570281,macro,1.1274832349932322,20,qwen1.5b,11,"[73, 74]",2,instruction,1.5,5
64,0.18473895582329317,macro,1.6163879521910507,20,qwen1.5b,11,"[6, 109]",2,instruction,1.5,13
4,0.0,macro,1.0397207708399179,21,qwen1.5b,11,[],0,instruction,1.0,3
16,0.0,macro,1.4614721293040243,21,qwen1.5b,11,[],0,instruction,1.0,5
64,0.2450229709035222,macro,1.9418602263701856,21,qwen1.5b,11,[131],1,instruction,1.0,11
4,0.2450229709035222,macro,1.0397207708399179,21,qwen1.5b,11,[131],1,concise,1.0,3
16,0.2450229709035222,macro,1.1432752061942137,21,qwen1.5b,11,[131],1,concise,1.0,4
64,0.2450229709035222,macro,1.1918988314458512,21,qwen1.5b,11,[131],1,concise,1.0,6
4,0.2450229709035222,macro,1.0397207708399179,21,qwen1.5b,11,[131],1,fewshot,1.0,3
16,0.2450229709035222,macro,1.0239287996389363,21,qwen1.5b,11,[131],1,fewshot,1.0,3
64,0.2450229709035222,macro,1.4739741876174806,21,qwen1.5b,11,[131],1,fewshot,1.0,8
4,0.0,macro,1.0397207708399179,21,qwen1.5b,11,[],0,instruction,1.5,3
16,0.0,macro,1.5607002228431979,21,qwen1.5b,11,[],0,instruction,1.5,6
64,0.2450229709035222,macro,2.291691832587564,21,qwen1.5b,11,[131],1,instruction,1.5,14
4,0.0,macro,1.0397207708399179,22,qwen1.5b,11,[],0,instruction,1.0,3
16,0.1433628318584071,macro,1.7214023220140038,22,qwen1.5b,11,"[11, 105]",2,instruction,1.0,7
64,0.1433628318584071,macro,1.85618409927507,22,qwen1.5b,11,"[11, 105]",2,instruction,1.0,11
4,0.26548672566371684,macro,1.0397207708399179,22,qwen1.5b,11,[178],1,concise,1.0,3
16,0.37168141592920356,macro,1.7214023220140038,22,qwen1.5b,11,"[11, 178]",2,concise,1.0,7
64,0.37168141592920356,macro,2.09339112743386,22,qwen1.5b,11,"[11, 178]",2,concise,1.0,12
4,0.0,macro,0.5623351446188083,22,qwen1.5b,11,[],0,fewshot,1.0,2
16,0.37168141592920356,macro,1.9770061729088613,22,qwen1.5b,11,"[11, 178]",2,fewshot,1.0,9
64,0.37168141592920356,macro,2.0728242705232316,22,qwen1.5b,11,"[11, 178]",2,fewshot,1.0,13
4,0.0,macro,1.0397207708399179,22,qwen1.5b,11,[],0,instruction,1.5,3
16,0.1433628318584071,macro,1.6613228393181023,22,qwen1.5b,11,"[11, 105]",2,instruction,1.5,7
64,0.1433628318584071,macro,2.1969772401113348,22,qwen1.5b,11,"[11, 105]",2,instruction,1.5,14
4,0.0,macro,1.0397207708399179,23,qwen1.5b,11,[],0,instruction,1.0,3
16,0.027565084226646247,macro,1.9273921261392741,23,qwen1.5b,11,[141],1,instruction,1.0,8
64,0.027565084226646247,macro,2.3014320766426266,23,qwen1.5b,11,[141],1,instruction,1.0,16
4,0.0,macro,-0.0,23,qwen1.5b,11,[],0,concise,1.0,1
16,0.19295558958652373,macro,1.1601862439785164,23,qwen1.5b,11,[236],1,concise,1.0,5
64,0.19295558958652373,macro,1.0950327541607061,23,qwen1.5b,11,[236],1,concise,1.0,7
4,0.013782542113323124,macro,-0.0,23,qwen1.5b,11,[17],1,fewshot,1.0,1
16,0.19295558958652373,macro,1.2468296415485096,23,qwen1.5b,11,[236],1,fewshot,1.0,6
64,0.19295558958652373,macro,1.52098146187963,23,qwen1.5b,11,[236],1,fewshot,1.0,8
4,0.0,macro,0.6931471805599453,23,qwen1.5b,11,[],0,instruction,1.5,2
16,0.027565084226646247,macro,1.9927981441098426,23,qwen1.5b,11,[141],1,instruction,1.5,9
64,0.09494640122511486,macro,2.533472439336154,23,qwen1.5b,11,[20],1,instruction,1.5,19
4,0.0,macro,0.6931471805599453,24,qwen1.5b,11,[],0,instruction,1.0,2
16,0.0,macro,1.5437891850588954,24,qwen1.5b,11,[130],1,instruction,1.0,5
64,0.0,macro,1.7103244334212482,24,qwen1.5b,11,[130],1,instruction,1.0,8
4,0.0,macro,0.5623351446188083,24,qwen1.5b,11,[],0,concise,1.0,2
16,0.0,macro,0.5623351446188083,24,qwen1.5b,11,[],0,concise,1.0,2
64,0.0,macro,0.6617907197521558,24,qwen1.5b,11,[],0,concise,1.0,3
4,0.0,macro,-0.0,24,qwen1.5b,11,[],0,fewshot,1.0,1
16,0.11317829457364341,macro,0.9868994488385301,24,qwen1.5b,11,[1],1,fewshot,1.0,4
64,0.11317829457364341,macro,0.9201545665422102,24,qwen1.5b,11,[1],1,fewshot,1.0,7
4,0.0,macro,1.3862943611198906,24,qwen1.5b,11,[],0,instruction,1.5,4
16,0.08062015503875969,macro,2.1873223188492537,24,qwen1.5b,11,"[76, 130]",2,instruction,1.5,10
64,0.08062015503875969,macro,2.203047213839691,24,qwen1.5b,11,"[76, 130]",2,instruction,1.5,16
4,0.0,macro,1.0397207708399179,25,qwen1.5b,11,[],0,instruction,1.0,3
16,0.0,macro,1.474056825273205,25,qwen1.5b,11,[],0,instruction,1.0,5
64,0.0,macro,1.4540370946261474,25,qwen1.5b,11,[],0,instruction,1.0,8
4,0.0,macro,1.3862943611198906,25,qwen1.5b,11,[],0,concise,1.0,4
16,0.20205479452054795,macro,1.5092734237775405,25,qwen1.5b,11,[47],1,concise,1.0,6
64,0.20205479452054795,macro,1.7026332205345591,25,qwen1.5b,11,[47],1,concise,1.0,10
4,0.20205479452054795,macro,1.0397207708399179,25,qwen1.5b,11,[47],1,fewshot,1.0,3
16,0.20205479452054795,macro,1.1274832349932322,25,qwen1.5b,11,[47],1,fewshot,1.0,5
64,0.20205479452054795,macro,1.3466931951236334,25,qwen1.5b,11,[47],1,fewshot,1.0,8
4,0.023972602739726026,macro,1.3862943611198906,25,qwen1.5b,11,[15],1,instruction,1.5,4
16,0.023972602739726026,macro,1.840748728569281,25,qwen1.5b,11,[15],1,instruction,1.5,8
64,0.22602739726027396,macro,2.134769500296354,25,qwen1.5b,11,"[15, 47]",2,instruction,1.5,14
4,0.0,macro,0.5623351446188083,26,qwen1.5b,11,[],0,instruction,1.0,2
16,0.17563739376770537,macro,1.4553330351928317,26,qwen1.5b,11,[123],1,instruction,1.0,5
64,0.17563739376770537,macro,1.8302807107699872,26,qwen1.5b,11,[123],1,instruction,1.0,10
4,0.17563739376770537,macro,0.5623351446188083,26,qwen1.5b,11,[123],1,concise,1.0,2
16,0.17563739376770537,macro,0.7029189307735104,26,qwen1.5b,11,[123],1,concise,1.0,3
64,0.17563739376770537,macro,0.580797059592158,26,qwen1.5b,11,[123],1,concise,1.0,4
4,0.17563739376770537,macro,1.0397207708399179,26,qwen1.5b,11,[123],1,fewshot,1.0,3
16,0.17563739376770537,macro,1.2123138802671547,26,qwen1.5b,11,[123],1,fewshot,1.0,4
64,0.17563739376770537,macro,1.2148199632323435,26,qwen1.5b,11,[123],1,fewshot,1.0,5
4,0.0,macro,1.3862943611198906,26,qwen1.5b,11,[],0,instruction,1.5,4
16,0.21246458923512748,macro,2.1006789212792603,26,qwen1.5b,11,"[123, 181]",2,instruction,1.5,9
64,0.21246458923512748,macro,2.4080617777288236,26,qwen1.5b,11,"[123, 181]",2,instruction,1.5,16
4,0.0,macro,1.0397207708399179,27,qwen1.5b,11,[],0,instruction,1.0,3
16,0.0,macro,1.5746794417481091,27,qwen1.5b,11,[],0,instruction,1.0,6
64,0.1731066460587326,macro,1.835259951522212,27,qwen1.5b,11,[83],1,instruction,1.0,9
4,0.0,macro,0.5623351446188083,27,qwen1.5b,11,[],0,concise,1.0,2
16,0.0,macro,0.46341355882643,27,qwen1.5b,11,[],0,concise,1.0,3
64,0.1731066460587326,macro,0.48488224752070974,27,qwen1.5b,11,[83],1,concise,1.0,5
4,0.0,macro,1.0397207708399179,27,qwen1.5b,11,[],0,fewshot,1.0,3
16,0.0,macro,1.1432752061942137,27,qwen1.5b,11,[],0,fewshot,1.0,4
64,0.0,macro,1.0305009142693569,27,qwen1.5b,11,[],0,fewshot,1.0,4
4,0.0,macro,1.3862943611198906,27,qwen1.5b,11,[],0,instruction,1.5,4
16,0.1731066460587326,macro,1.6613228393181023,27,qwen1.5b,11,[83],1,instruction,1.5,7
64,0.1731066460587326,macro,2.1611165854352494,27,qwen1.5b,11,[83],1,instruction,1.5,13
4,0.21035058430717862,macro,-0.0,28,qwen1.5b,11,[78],1,instruction,1.0,1
16,0.21035058430717862,macro,0.6019239717322894,28,qwen1.5b,11,[78],1,instruction,1.0,3
64,0.21035058430717862,macro,0.41064236164311324,28,qwen1.5b,11,[78],1,instruction,1.0,3
4,0.21035058430717862,macro,-0.0,28,qwen1.5b,11,[78],1,concise,1.0,1
16,0.21035058430717862,macro,0.46341355882643,28,qwen1.5b,11,[78],1,concise,1.0,3
64,0.21035058430717862,macro,0.21904558217698628,28,qwen1.5b,11,[78],1,concise,1.0,3
4,0.21035058430717862,macro,0.5623351446188083,28,qwen1.5b,11,[78],1,fewshot,1.0,2
16,0.31886477462437396,macro,1.245016889252439,28,qwen1.5b,11,"[6, 78]",2,fewshot,1.0,4
64,0.31886477462437396,macro,1.1936834321230945,28,qwen1.5b,11,"[6, 78]",2,fewshot,1.0,4
4,0.21035058430717862,macro,-0.0,28,qwen1.5b,11,[78],1,instruction,1.5,1
16,0.21035058430717862,macro,1.040839837423239,28,qwen1.5b,11,[78],1,instruction,1.5,4
64,0.31886477462437396,macro,1.138506015244427,28,qwen1.5b,11,"[6, 78]",2,instruction,1.5,7
4,0.0,macro,1.3862943611198906,29,qwen1.5b,11,[],0,instruction,1.0,4
16,0.10256410256410256,macro,1.8080457195839967,29,qwen1.5b,11,[107],1,instruction,1.0,8
64,0.10256410256410256,macro,1.7060507890320689,29,qwen1.5b,11,[107],1,instruction,1.0,10
4,0.0,macro,0.6931471805599453,29,qwen1.5b,11,[],0,concise,1.0,2
16,0.0,macro,0.8647400965276372,29,qwen1.5b,11,[],0,concise,1.0,3
64,0.0,macro,1.2398857614747256,29,qwen1.5b,11,[],0,concise,1.0,6
4,0.0,macro,-0.0,29,qwen1.5b,11,[],0,fewshot,1.0,1
16,0.22735042735042735,macro,1.2468296415485096,29,qwen1.5b,11,[11],1,fewshot,1.0,6
64,0.22735042735042735,macro,1.1648297435154082,29,qwen1.5b,11,[11],1,fewshot,1.0,10
4,0.0,macro,1.0397207708399179,29,qwen1.5b,11,[],0,instruction,1.5,3
16,0.10256410256410256,macro,1.977006172908861,29,qwen1.5b,11,[107],1,instruction,1.5,9
64,0.10256410256410256,macro,2.1684304594809873,29,qwen1.5b,11,[107],1,instruction,1.5,13
4,0.0,macro,0.5623351446188083,30,qwen1.5b,11,[],0,instruction,1.0,2
16,0.0,macro,0.48257756517701206,30,qwen1.5b,11,[],0,instruction,1.0,2
64,0.047244094488188976,macro,0.6652273750632514,30,qwen1.5b,11,[82],1,instruction,1.0,4
4,0.0,macro,0.5623351446188083,30,qwen1.5b,11,[],0,concise,1.0,2
16,0.0,macro,0.7029189307735104,30,qwen1.5b,11,[],0,concise,1.0,3
64,0.0,macro,0.733663696437923,30,qwen1.5b,11,[],0,concise,1.0,3
4,0.0,macro,1.0397207708399179,30,qwen1.5b,11,[],0,fewshot,1.0,3
16,0.0,macro,0.9743147528693494,30,qwen1.5b,11,[],0,fewshot,1.0,3
64,0.0,macro,1.030802465182858,30,qwen1.5b,11,[],0,fewshot,1.0,4
4,0.0,macro,-0.0,30,qwen1.5b,11,[],0,instruction,1.5,1
16,0.0,macro,0.37677016125643675,30,qwen1.5b,11,[],0,instruction,1.5,2
64,0.08503937007874016,macro,1.2290752399331755,30,qwen1.5b,11,"[82, 97]",2,instruction,1.5,8
4,0.0,macro,0.5623351446188083,31,qwen1.5b,11,[],0,instruction,1.0,2
16,0.17784256559766765,macro,1.2440166957928942,31,qwen1.5b,11,[132],1,instruction,1.0,5
64,0.3935860058309038,macro,1.3889136871298384,31,qwen1.5b,11,"[132, 145]",2,instruction,1.0,8
4,0.17784256559766765,macro,-0.0,31,qwen1.5b,11,[132],1,concise,1.0,1
16,0.17784256559766765,macro,0.2337916587064593,31,qwen1.5b,11,[132],1,concise,1.0,2
64,0.17784256559766765,macro,0.35336926814306524,31,qwen1.5b,11,[132],1,concise,1.0,3
4,0.17784256559766765,macro,-0.0,31,qwen1.5b,11,[132],1,fewshot,1.0,1
16,0.17784256559766765,macro,0.908908734898781,31,qwen1.5b,11,[132],1,fewshot,1.0,5
64,0.17784256559766765,macro,1.0998471953379134,31,qwen1.5b,11,[132],1,fewshot,1.0,8
4,0.17784256559766765,macro,1.0397207708399179,31,qwen1.5b,11,[132],1,instruction,1.5,3
16,0.17784256559766765,macro,1.5808185358593017,31,qwen1.5b,11,[132],1,instruction,1.5,6
64,0.30029154518950435,macro,2.007470294561834,31,qwen1.5b,11,"[1, 102, 132]",3,instruction,1.5,16
4,0.07407407407407407,macro,1.0397207708399179,16,qwen1.5b,22,[76],1,instruction,1.0,3
16,0.07407407407407407,macro,1.103432909638192,16,qwen1.5b,22,[76],1,instruction,1.0,4
64,0.07407407407407407,macro,1.9117675656474546,16,qwen1.5b,22,[76],1,instruction,1.0,11
4,0.07407407407407407,macro,0.6931471805599453,16,qwen1.5b,22,[76],1,concise,1.0,2
16,0.1111111111111111,macro,1.3421257227487466,16,qwen1.5b,22,"[76, 77]",2,concise,1.0,5
64,0.13468013468013468,macro,1.1478268327351604,16,qwen1.5b,22,"[6, 76]",2,concise,1.0,6
4,0.13468013468013468,macro,1.3862943611198906,16,qwen1.5b,22,"[6, 76]",2,fewshot,1.0,4
16,0.13468013468013468,macro,1.700164942414579,16,qwen1.5b,22,"[6, 76]",2,fewshot,1.0,6
64,0.13468013468013468,macro,1.5368702275721,16,qwen1.5b,22,"[6, 76]",2,fewshot,1.0,7
4,0.0,macro,1.3862943611198906,16,qwen1.5b,22,[],0,instruction,1.5,4
16,0.1111111111111111,macro,1.7541053309992878,16,qwen1.5b,22,"[76, 77]",2,instruction,1.5,8
64,0.13468013468013468,macro,2.545264121192853,16,qwen1.5b,22,"[6, 76]",2,instruction,1.5,19
4,0.03987730061349693,macro,1.0397207708399179,17,qwen1.5b,22,[89],1,instruction,1.0,3
16,0.03987730061349693,macro,1.5481155268740174,17,qwen1.5b,22,[89],1,instruction,1.0,6
64,0.03987730061349693,macro,1.665061096367302,17,qwen1.5b,22,[89],1,instruction,1.0,9
4,0.19631901840490798,macro,-0.0,17,qwen1.5b,22,[143],1,concise,1.0,1
16,0.19631901840490798,macro,0.2337916587064593,17,qwen1.5b,22,[143],1,concise,1.0,2
64,0.19631901840490798,macro,0.2987742068839542,17,qwen1.5b,22,[143],1,concise,1.0,4
4,0.09815950920245399,macro,0.5623351446188083,17,qwen1.5b,22,[17],1,fewshot,1.0,2
16,0.19631901840490798,macro,1.0735428464085233,17,qwen1.5b,22,[143],1,fewshot,1.0,4
64,0.4110429447852761,macro,1.1676883649572258,17,qwen1.5b,22,"[143, 235]",2,fewshot,1.0,6
4,0.03987730061349693,macro,1.0397207708399179,17,qwen1.5b,22,[89],1,instruction,1.5,3
16,0.03987730061349693,macro,1.700164942414579,17,qwen1.5b,22,[89],1,instruction,1.5,6
64,0.03987730061349693,macro,2.2188018271110725,17,qwen1.5b,22,[89],1,instruction,1.5,12
4,0.21021021021021022,macro,-0.0,18,qwen1.5b,22,[84],1,instruction,1.0,1
16,0.21021021021021022,macro,-0.0,18,qwen1.5b,22,[84],1,instruction,1.0,1
64,0.21021021021021022,macro,0.2987742068839542,18,qwen1.5b,22,[84],1,instruction,1.0,4
4,0.21021021021021022,macro,0.5623351446188083,18,qwen1.5b,22,[84],1,concise,1.0,2
16,0.21021021021021022,macro,0.37677016125643675,18,qwen1.5b,22,[84],1,concise,1.0,2
64,0.21021021021021022,macro,0.9000896798046005,18,qwen1.5b,22,[84],1,concise,1.0,5
4,0.21021021021021022,macro,-0.0,18,qwen1.5b,22,[84],1,fewshot,1.0,1
16,0.21021021021021022,macro,0.5623351446188083,18,qwen1.5b,22,[84],1,fewshot,1.0,2
64,0.21021021021021022,macro,1.0551821290560812,18,qwen1.5b,22,[84],1,fewshot,1.0,4
4,0.21021021021021022,macro,-0.0,18,qwen1.5b,22,[84],1,instruction,1.5,1
16,0.21021021021021022,macro,0.37677016125643675,18,qwen1.5b,22,[84],1,instruction,1.5,2
64,0.21021021021021022,macro,0.9451665837473178,18,qwen1.5b,22,[84],1,instruction,1.5,8
4,0.11461794019933555,macro,1.3862943611198906,19,qwen1.5b,22,[14],1,instruction,1.0,4
16,0.11461794019933555,macro,1.1432752061942137,19,qwen1.5b,22,[14],1,instruction,1.0,4
64,0.14119601328903655,macro,1.651669962228313,19,qwen1.5b,22,"[14, 125]",2,instruction,1.0,10
4,0.11461794019933555,macro,0.5623351446188083,19,qwen1.5b,22,[14],1,concise,1.0,2
16,0.11461794019933555,macro,0.46341355882643,19,qwen1.5b,22,[14],1,concise,1.0,3
64,0.11461794019933555,macro,0.7128161375518807,19,qwen1.5b,22,[14],1,concise,1.0,4
4,0.10631229235880399,macro,0.6931471805599453,19,qwen1.5b,22,[124],1,fewshot,1.0,2
16,0.11461794019933555,macro,0.9868994488385301,19,qwen1.5b,22,[14],1,fewshot,1.0,4
64,0.11461794019933555,macro,1.2575044760625274,19,qwen1.5b,22,[14],1,fewshot,1.0,7
4,0.10631229235880399,macro,1.3862943611198906,19,qwen1.5b,22,[124],1,instruction,1.5,4
16,0.14119601328903655,macro,2.009709181894145,19,qwen1.5b,22,"[14, 125]",2,instruction,1.5,9
64,0.14119601328903655,macro,2.13251674409596,19,qwen1.5b,22,"[14, 125]",2,instruction,1.5,14
4,0.07228915662650602,macro,0.5623351446188083,20,qwen1.5b,22,[73],1,instruction,1.0,2
16,0.13855421686746988,macro,0.7029189307735104,20,qwen1.5b,22,[6],1,instruction,1.0,3
64,0.13855421686746988,macro,0.5363593120000422,20,qwen1.5b,22,[6],1,instruction,1.0,3
4,0.07228915662650602,macro,0.5623351446188083,20,qwen1.5b,22,[73],1,concise,1.0,2
16,0.3373493975903614,macro,0.7029189307735104,20,qwen1.5b,22,"[73, 140]",2,concise,1.0,3
64,0.3373493975903614,macro,0.6617907197521558,20,qwen1.5b,22,"[73, 140]",2,concise,1.0,3
4,0.13855421686746988,macro,0.5623351446188083,20,qwen1.5b,22,[6],1,fewshot,1.0,2
16,0.13855421686746988,macro,0.7029189307735104,20,qwen1.5b,22,[6],1,fewshot,1.0,3
64,0.13855421686746988,macro,0.9494194020160274,20,qwen1.5b,22,[6],1,fewshot,1.0,3
4,0.07228915662650602,macro,0.6931471805599453,20,qwen1.5b,22,[73],1,instruction,1.5,2
16,0.13855421686746988,macro,0.9470571522825082,20,qwen1.5b,22,[6],1,instruction,1.5,3
64,0.13855421686746988,macro,1.2537856146355517,20,qwen1.5b,22,[6],1,instruction,1.5,6
4,0.0,macro,1.3862943611198906,21,qwen1.5b,22,[],0,instruction,1.0,4
16,0.0,macro,1.541976432762825,21,qwen1.5b,22,[],0,instruction,1.0,6
64,0.2450229709035222,macro,1.5778469125940207,21,qwen1.5b,22,[131],1,instruction,1.0,9
4,0.2450229709035222,macro,1.0397207708399179,21,qwen1.5b,22,[131],1,concise,1.0,3
16,0.2450229709035222,macro,1.2767197047781782,21,qwen1.5b,22,[131],1,concise,1.0,5
64,0.2450229709035222,macro,1.3275846975465597,21,qwen1.5b,22,[131],1,concise,1.0,6
4,0.0,macro,0.5623351446188083,21,qwen1.5b,22,[],0,fewshot,1.0,2
16,0.2450229709035222,macro,1.6304325826288886,21,qwen1.5b,22,[131],1,fewshot,1.0,6
64,0.4655436447166922,macro,1.985812110412503,21,qwen1.5b,22,"[131, 217]",2,fewshot,1.0,9
4,0.0,macro,1.3862943611198906,21,qwen1.5b,22,[],0,instruction,1.5,4
16,0.12098009188361408,macro,2.009709181894145,21,qwen1.5b,22,[15],1,instruction,1.5,9
64,0.2450229709035222,macro,2.3147007745036094,21,qwen1.5b,22,[131],1,instruction,1.5,18
4,0.0,macro,1.0397207708399179,22,qwen1.5b,22,[],0,instruction,1.0,3
16,0.08141592920353982,macro,1.541976432762825,22,qwen1.5b,22,[105],1,instruction,1.0,6
64,0.1433628318584071,macro,2.060988090719079,22,qwen1.5b,22,"[11, 105]",2,instruction,1.0,12
4,0.13805309734513274,macro,0.5623351446188083,22,qwen1.5b,22,"[105, 177]",2,concise,1.0,2
16,0.13805309734513274,macro,1.7868083399845722,22,qwen1.5b,22,"[105, 177]",2,concise,1.0,7
64,0.26548672566371684,macro,2.28060669513777,22,qwen1.5b,22,[178],1,concise,1.0,16
4,0.06725663716814159,macro,0.5623351446188083,22,qwen1.5b,22,[177],1,fewshot,1.0,2
16,0.26548672566371684,macro,1.8903627753388679,22,qwen1.5b,22,[178],1,fewshot,1.0,8
64,0.37168141592920356,macro,1.893126477136796,22,qwen1.5b,22,"[11, 178]",2,fewshot,1.0,11
4,0.0,macro,1.0397207708399179,22,qwen1.5b,22,[],0,instruction,1.5,3
16,0.08141592920353982,macro,1.8407487285692812,22,qwen1.5b,22,[105],1,instruction,1.5,7
64,0.1433628318584071,macro,2.5014726667897724,22,qwen1.5b,22,"[11, 105]",2,instruction,1.5,18
4,0.027565084226646247,macro,1.0397207708399179,23,qwen1.5b,22,[141],1,instruction,1.0,3
16,0.027565084226646247,macro,1.9600951351245584,23,qwen1.5b,22,[141],1,instruction,1.0,8
64,0.013782542113323124,macro,2.290391888806354,23,qwen1.5b,22,[17],1,instruction,1.0,14
4,0.0,macro,-0.0,23,qwen1.5b,22,[],0,concise,1.0,1
16,0.19295558958652373,macro,1.18030455699462,23,qwen1.5b,22,[236],1,concise,1.0,4
64,0.19295558958652373,macro,1.2471244556479613,23,qwen1.5b,22,[236],1,concise,1.0,6
4,0.02450229709035222,macro,1.3862943611198906,23,qwen1.5b,22,[161],1,fewshot,1.0,4
16,0.19295558958652373,macro,1.3633631023481714,23,qwen1.5b,22,[236],1,fewshot,1.0,6
64,0.19295558958652373,macro,1.4421817533660917,23,qwen1.5b,22,[236],1,fewshot,1.0,9
4,0.02450229709035222,macro,1.3862943611198906,23,qwen1.5b,22,[161],1,instruction,1.5,4
16,0.02450229709035222,macro,2.306668725404531,23,qwen1.5b,22,[161],1,instruction,1.5,11
64,0.02450229709035222,macro,2.563105901265841,23,qwen1.5b,22,[161],1,instruction,1.5,16
4,0.0,macro,0.5623351446188083,24,qwen1.5b,22,[],0,instruction,1.0,2
16,0.0,macro,1.1601862439785164,24,qwen1.5b,22,[130],1,instruction,1.0,5
64,0.16899224806201552,macro,1.62684277128873,24,qwen1.5b,22,"[6, 94, 130]",3,instruction,1.0,12
4,0.0,macro,0.5623351446188083,24,qwen1.5b,22,[],0,concise,1.0,2
16,0.0,macro,0.37677016125643675,24,qwen1.5b,22,[],0,concise,1.0,2
64,0.31317829457364343,macro,1.5201534116918072,24,qwen1.5b,22,"[1, 42, 169]",3,concise,1.0,12
4,0.0,macro,0.5623351446188083,24,qwen1.5b,22,[],0,fewshot,1.0,2
16,0.11317829457364341,macro,1.040839837423239,24,qwen1.5b,22,[1],1,fewshot,1.0,4
64,0.12403100775193798,macro,1.7235472463391264,24,qwen1.5b,22,"[1, 42, 130]",3,fewshot,1.0,14
4,0.08062015503875969,macro,1.3862943611198906,24,qwen1.5b,22,[76],1,instruction,1.5,4
16,0.08062015503875969,macro,1.7214023220140038,24,qwen1.5b,22,"[76, 130]",2,instruction,1.5,7
64,0.20465116279069767,macro,2.305723203449338,24,qwen1.5b,22,"[76, 94, 130]",3,instruction,1.5,16
4,0.0,macro,0.5623351446188083,25,qwen1.5b,22,[],0,instruction,1.0,2
16,0.0,macro,1.4013926466081228,25,qwen1.5b,22,[],0,instruction,1.0,5
64,0.0,macro,1.5671220365245924,25,qwen1.5b,22,[],0,instruction,1.0,8
4,0.0,macro,1.0397207708399179,25,qwen1.5b,22,[],0,concise,1.0,3
16,0.030821917808219176,macro,0.9868994488385301,25,qwen1.5b,22,[102],1,concise,1.0,4
64,0.20205479452054795,macro,1.4759335959851658,25,qwen1.5b,22,[47],1,concise,1.0,8
4,0.0,macro,1.0397207708399179,25,qwen1.5b,22,[],0,fewshot,1.0,3
16,0.0,macro,1.0609581504393426,25,qwen1.5b,22,[],0,fewshot,1.0,4
64,0.20205479452054795,macro,1.4465551034989457,25,qwen1.5b,22,[47],1,fewshot,1.0,7
4,0.06506849315068493,macro,1.3862943611198906,25,qwen1.5b,22,[105],1,instruction,1.5,4
16,0.06506849315068493,macro,1.840748728569281,25,qwen1.5b,22,[105],1,instruction,1.5,8
64,0.0958904109589041,macro,2.246585311909883,25,qwen1.5b,22,"[102, 105]",2,instruction,1.5,14
4,0.17563739376770537,macro,1.0397207708399179,26,qwen1.5b,22,[123],1,instruction,1.0,3
16,0.17563739376770537,macro,1.2468296415485096,26,qwen1.5b,22,[123],1,instruction,1.0,6
64,0.17563739376770537,macro,1.6369578549879595,26,qwen1.5b,22,[123],1,instruction,1.0,11
4,0.17563739376770537,macro,1.0397207708399179,26,qwen1.5b,22,[123],1,concise,1.0,3
16,0.17563739376770537,macro,1.249343231067561,26,qwen1.5b,22,[123],1,concise,1.0,5
64,0.17563739376770537,macro,1.1286221138309551,26,qwen1.5b,22,[123],1,concise,1.0,7
4,0.17563739376770537,macro,1.0397207708399179,26,qwen1.5b,22,[123],1,fewshot,1.0,3
16,0.17563739376770537,macro,1.331660286822432,26,qwen1.5b,22,[123],1,fewshot,1.0,5
64,0.17563739376770537,macro,1.3271005638484676,26,qwen1.5b,22,[123],1,fewshot,1.0,7
4,0.17563739376770537,macro,1.0397207708399179,26,qwen1.5b,22,[123],1,instruction,1.5,3
16,0.39660056657223797,macro,1.8080457195839967,26,qwen1.5b,22,"[123, 240]",2,instruction,1.5,8
64,0.39660056657223797,macro,2.1389728296877895,26,qwen1.5b,22,"[123, 240]",2,instruction,1.5,17
4,0.1731066460587326,macro,0.5623351446188083,27,qwen1.5b,22,[83],1,instruction,1.0,2
16,0.1731066460587326,macro,0.6615632381579821,27,qwen1.5b,22,[83],1,instruction,1.0,2
64,0.1731066460587326,macro,1.357537023736917,27,qwen1.5b,22,[83],1,instruction,1.0,7
4,0.1731066460587326,macro,0.5623351446188083,27,qwen1.5b,22,[83],1,concise,1.0,2
16,0.1731066460587326,macro,0.6615632381579821,27,qwen1.5b,22,[83],1,concise,1.0,2
64,0.1731066460587326,macro,0.8575936117206288,27,qwen1.5b,22,[83],1,concise,1.0,5
4,0.0,macro,-0.0,27,qwen1.5b,22,[],0,fewshot,1.0,1
16,0.0,macro,0.37677016125643675,27,qwen1.5b,22,[],0,fewshot,1.0,2
64,0.08500772797527048,macro,0.8905981097196577,27,qwen1.5b,22,[7],1,fewshot,1.0,3
4,0.1731066460587326,macro,0.5623351446188083,27,qwen1.5b,22,[83],1,instruction,1.5,2
16,0.1731066460587326,macro,0.9470571522825082,27,qwen1.5b,22,[83],1,instruction,1.5,3
64,0.1731066460587326,macro,1.7369578115050572,27,qwen1.5b,22,[83],1,instruction,1.5,12
4,0.21035058430717862,macro,-0.0,28,qwen1.5b,22,[78],1,instruction,1.0,1
16,0.21035058430717862,macro,0.2337916587064593,28,qwen1.5b,22,[78],1,instruction,1.0,2
64,0.21035058430717862,macro,0.4333988732907457,28,qwen1.5b,22,[78],1,instruction,1.0,2
4,0.21035058430717862,macro,-0.0,28,qwen1.5b,22,[78],1,concise,1.0,1
16,0.21035058430717862,macro,-0.0,28,qwen1.5b,22,[78],1,concise,1.0,1
64,0.21035058430717862,macro,-0.0,28,qwen1.5b,22,[78],1,concise,1.0,1
4,0.31886477462437396,macro,1.0397207708399179,28,qwen1.5b,22,"[6, 78]",2,fewshot,1.0,3
16,0.31886477462437396,macro,1.0717300941124526,28,qwen1.5b,22,"[6, 78]",2,fewshot,1.0,3
64,0.31886477462437396,macro,1.259622317690728,28,qwen1.5b,22,"[6, 78]",2,fewshot,1.0,6
4,0.21035058430717862,macro,0.5623351446188083,28,qwen1.5b,22,[78],1,instruction,1.5,2
16,0.21035058430717862,macro,1.0337005498525014,28,qwen1.5b,22,[78],1,instruction,1.5,4
64,0.31886477462437396,macro,1.1521670613419879,28,qwen1.5b,22,"[6, 78]",2,instruction,1.5,9
4,0.0,macro,-0.0,29,qwen1.5b,22,[],0,instruction,1.0,1
16,0.27521367521367524,macro,1.3633631023481716,29,qwen1.5b,22,"[11, 107]",2,instruction,1.0,6
64,0.27521367521367524,macro,1.4832474700309042,29,qwen1.5b,22,"[11, 107]",2,instruction,1.0,8
4,0.0,macro,0.6931471805599453,29,qwen1.5b,22,[],0,concise,1.0,2
16,0.0,macro,1.1626998334975678,29,qwen1.5b,22,[],0,concise,1.0,4
64,0.0,macro,1.5775795833043218,29,qwen1.5b,22,[],0,concise,1.0,8
4,0.0,macro,0.5623351446188083,29,qwen1.5b,22,[],0,fewshot,1.0,2
16,0.0,macro,1.5268781472745927,29,qwen1.5b,22,[],0,fewshot,1.0,7
64,0.0,macro,1.4898036756959894,29,qwen1.5b,22,[],0,fewshot,1.0,8
4,0.0,macro,1.3862943611198906,29,qwen1.5b,22,[],0,instruction,1.5,4
16,0.10256410256410256,macro,1.8576597663535837,29,qwen1.5b,22,[107],1,instruction,1.5,8
64,0.27521367521367524,macro,1.8410897196545575,29,qwen1.5b,22,"[11, 107]",2,instruction,1.5,12
4,0.0,macro,-0.0,30,qwen1.5b,22,[],0,instruction,1.0,1
16,0.0,macro,-0.0,30,qwen1.5b,22,[],0,instruction,1.0,1
64,0.047244094488188976,macro,0.48488224752070974,30,qwen1.5b,22,[82],1,instruction,1.0,5
4,0.0,macro,-0.0,30,qwen1.5b,22,[],0,concise,1.0,1
16,0.0,macro,-0.0,30,qwen1.5b,22,[],0,concise,1.0,1
64,0.0,macro,0.18920898053816695,30,qwen1.5b,22,[],0,concise,1.0,2
4,0.0,macro,1.0397207708399179,30,qwen1.5b,22,[],0,fewshot,1.0,3
16,0.0,macro,0.8647400965276372,30,qwen1.5b,22,[],0,fewshot,1.0,3
64,0.0,macro,0.8575936117206288,30,qwen1.5b,22,[],0,fewshot,1.0,5
4,0.0,macro,-0.0,30,qwen1.5b,22,[],0,instruction,1.5,1
16,0.047244094488188976,macro,0.2337916587064593,30,qwen1.5b,22,[82],1,instruction,1.5,2
64,0.08503937007874016,macro,0.7111833944555118,30,qwen1.5b,22,"[82, 97]",2,instruction,1.5,6
4,0.17784256559766765,macro,0.5623351446188083,31,qwen1.5b,22,[132],1,instruction,1.0,2
16,0.17784256559766765,macro,0.6210863745552451,31,qwen1.5b,22,[132],1,instruction,1.0,2
64,0.17784256559766765,macro,0.7155724665751857,31,qwen1.5b,22,[132],1,instruction,1.0,4
4,0.17784256559766765,macro,-0.0,31,qwen1.5b,22,[132],1,concise,1.0,1
16,0.17784256559766765,macro,-0.0,31,qwen1.5b,22,[132],1,concise,1.0,1
64,0.17784256559766765,macro,0.13906079845474112,31,qwen1.5b,22,[132],1,concise,1.0,2
4,0.17784256559766765,macro,0.5623351446188083,31,qwen1.5b,22,[132],1,fewshot,1.0,2
16,0.17784256559766765,macro,0.6210863745552451,31,qwen1.5b,22,[132],1,fewshot,1.0,2
64,0.17784256559766765,macro,0.9609914606583652,31,qwen1.5b,22,[132],1,fewshot,1.0,5
4,0.17784256559766765,macro,0.5623351446188083,31,qwen1.5b,22,[132],1,instruction,1.5,2
16,0.17784256559766765,macro,0.6615632381579821,31,qwen1.5b,22,[132],1,instruction,1.5,2
64,0.17784256559766765,macro,0.8476242543565851,31,qwen1.5b,22,[132],1,instruction,1.5,6
4,0.0,macro,0.5623351446188083,16,qwen1.5b,33,[],0,instruction,1.0,2
16,0.0,macro,1.3686896376228386,16,qwen1.5b,33,[],0,instruction,1.0,5
64,0.07407407407407407,macro,1.6848206998966344,16,qwen1.5b,33,[76],1,instruction,1.0,9
4,0.1111111111111111,macro,0.5623351446188083,16,qwen1.5b,33,"[76, 77]",2,concise,1.0,2
16,0.1111111111111111,macro,1.0373923246209082,16,qwen1.5b,33,"[76, 77]",2,concise,1.0,5
64,0.1111111111111111,macro,1.074981208712975,16,qwen1.5b,33,"[76, 77]",2,concise,1.0,7
4,0.1111111111111111,macro,1.0397207708399179,16,qwen1.5b,33,"[76, 77]",2,fewshot,1.0,3
16,0.1111111111111111,macro,1.488036044178116,16,qwen1.5b,33,"[76, 77]",2,fewshot,1.0,6
64,0.1111111111111111,macro,1.6531470870717808,16,qwen1.5b,33,"[76, 77]",2,fewshot,1.0,11
4,0.0,macro,-0.0,16,qwen1.5b,33,[],0,instruction,1.5,1
16,0.0,macro,1.628619830332818,16,qwen1.5b,33,[],0,instruction,1.5,7
64,0.07407407407407407,macro,2.386777489473645,16,qwen1.5b,33,[76],1,instruction,1.5,19
4,0.03987730061349693,macro,1.0397207708399179,17,qwen1.5b,33,[89],1,instruction,1.0,3
16,0.03987730061349693,macro,2.009709181894145,17,qwen1.5b,33,[89],1,instruction,1.0,9
64,0.03987730061349693,macro,1.8094447613143119,17,qwen1.5b,33,[89],1,instruction,1.0,9
4,0.19631901840490798,macro,0.6931471805599453,17,qwen1.5b,33,[143],1,concise,1.0,2
16,0.19631901840490798,macro,0.37677016125643675,17,qwen1.5b,33,[143],1,concise,1.0,2
64,0.19631901840490798,macro,0.31325985468909356,17,qwen1.5b,33,[143],1,concise,1.0,3
4,0.19631901840490798,macro,1.0397207708399179,17,qwen1.5b,33,[143],1,fewshot,1.0,3
16,0.19631901840490798,macro,1.040839837423239,17,qwen1.5b,33,[143],1,fewshot,1.0,4
64,0.19631901840490798,macro,1.11280807696872,17,qwen1.5b,33,[143],1,fewshot,1.0,5
4,0.03987730061349693,macro,1.3862943611198906,17,qwen1.5b,33,[89],1,instruction,1.5,4
16,0.03987730061349693,macro,2.009709181894145,17,qwen1.5b,33,[89],1,instruction,1.5,9
64,0.03987730061349693,macro,1.8989764220011398,17,qwen1.5b,33,[89],1,instruction,1.5,11
4,0.21021021021021022,macro,0.5623351446188083,18,qwen1.5b,33,[84],1,instruction,1.0,2
16,0.21021021021021022,macro,0.46341355882643,18,qwen1.5b,33,[84],1,instruction,1.0,3
64,0.21021021021021022,macro,0.5109630170575021,18,qwen1.5b,33,[84],1,instruction,1.0,5
4,0.21021021021021022,macro,0.5623351446188083,18,qwen1.5b,33,[84],1,concise,1.0,2
16,0.21021021021021022,macro,0.8222653373287878,18,qwen1.5b,33,[84],1,concise,1.0,4
64,0.21021021021021022,macro,0.9243087815496571,18,qwen1.5b,33,[84],1,concise,1.0,4
4,0.21021021021021022,macro,0.5623351446188083,18,qwen1.5b,33,[84],1,fewshot,1.0,2
16,0.21021021021021022,macro,1.1274832349932322,18,qwen1.5b,33,[84],1,fewshot,1.0,5
64,0.21021021021021022,macro,1.1399651614998856,18,qwen1.5b,33,[84],1,fewshot,1.0,5
4,0.21021021021021022,macro,0.5623351446188083,18,qwen1.5b,33,[84],1,instruction,1.5,2
16,0.21021021021021022,macro,1.0373923246209082,18,qwen1.5b,33,[84],1,instruction,1.5,5
64,0.21021021021021022,macro,1.208117626979581,18,qwen1.5b,33,[84],1,instruction,1.5,8
4,0.0,macro,0.6931471805599453,19,qwen1.5b,33,[],0,instruction,1.0,2
16,0.10631229235880399,macro,1.103432909638192,19,qwen1.5b,33,[124],1,instruction,1.0,4
64,0.16611295681063123,macro,1.2640739075694918,19,qwen1.5b,33,"[124, 125]",2,instruction,1.0,6
4,0.10631229235880399,macro,0.6931471805599453,19,qwen1.5b,33,[124],1,concise,1.0,2
16,0.10631229235880399,macro,0.6853142072764582,19,qwen1.5b,33,[124],1,concise,1.0,2
64,0.16611295681063123,macro,0.8394529426301041,19,qwen1.5b,33,"[124, 125]",2,concise,1.0,3
4,0.10631229235880399,macro,0.5623351446188083,19,qwen1.5b,33,[124],1,fewshot,1.0,2
16,0.1362126245847176,macro,1.4614721293040243,19,qwen1.5b,33,"[17, 124]",2,fewshot,1.0,5
64,0.16943521594684385,macro,1.7807286824352675,19,qwen1.5b,33,"[124, 143]",2,fewshot,1.0,8
4,0.059800664451827246,macro,1.0397207708399179,19,qwen1.5b,33,[125],1,instruction,1.5,3
16,0.16611295681063123,macro,1.6613228393181023,19,qwen1.5b,33,"[124, 125]",2,instruction,1.5,7
64,0.14119601328903655,macro,2.1270364083703095,19,qwen1.5b,33,"[14, 125]",2,instruction,1.5,17
4,0.07228915662650602,macro,0.5623351446188083,20,qwen1.5b,33,[73],1,instruction,1.0,2
16,0.07228915662650602,macro,1.1626998334975678,20,qwen1.5b,33,[73],1,instruction,1.0,4
64,0.07228915662650602,macro,1.040131805164108,20,qwen1.5b,33,[73],1,instruction,1.0,5
4,0.3373493975903614,macro,0.6931471805599453,20,qwen1.5b,33,"[73, 140]",2,concise,1.0,2
16,0.3373493975903614,macro,0.6853142072764582,20,qwen1.5b,33,"[73, 140]",2,concise,1.0,2
64,0.3373493975903614,macro,1.0462064757070377,20,qwen1.5b,33,"[73, 140]",2,concise,1.0,5
4,0.13855421686746988,macro,0.6931471805599453,20,qwen1.5b,33,[6],1,fewshot,1.0,2
16,0.13855421686746988,macro,1.0433534269422904,20,qwen1.5b,33,[6],1,fewshot,1.0,3
64,0.4036144578313253,macro,0.9106196880832241,20,qwen1.5b,33,"[6, 140]",2,fewshot,1.0,4
4,0.07228915662650602,macro,1.0397207708399179,20,qwen1.5b,33,[73],1,instruction,1.5,3
16,0.07228915662650602,macro,1.4880360441781157,20,qwen1.5b,33,[73],1,instruction,1.5,6
64,0.3413654618473896,macro,1.4087042688934859,20,qwen1.5b,33,"[42, 140]",2,instruction,1.5,8
4,0.0,macro,1.3862943611198906,21,qwen1.5b,33,[],0,instruction,1.0,4
16,0.0,macro,1.229918603764207,21,qwen1.5b,33,[],0,instruction,1.0,5
64,0.2450229709035222,macro,1.6683012333667855,21,qwen1.5b,33,[131],1,instruction,1.0,12
4,0.045941807044410414,macro,0.5623351446188083,21,qwen1.5b,33,[51],1,concise,1.0,2
16,0.2450229709035222,macro,1.229918603764207,21,qwen1.5b,33,[131],1,concise,1.0,5
64,0.2450229709035222,macro,0.875970989556631,21,qwen1.5b,33,[131],1,concise,1.0,6
4,0.2450229709035222,macro,1.0397207708399179,21,qwen1.5b,33,[131],1,fewshot,1.0,3
16,0.2450229709035222,macro,1.0373923246209082,21,qwen1.5b,33,[131],1,fewshot,1.0,5
64,0.2450229709035222,macro,0.7712627740720301,21,qwen1.5b,33,[131],1,fewshot,1.0,7
4,0.0,macro,1.0397207708399179,21,qwen1.5b,33,[],0,instruction,1.5,3
16,0.0,macro,1.488036044178116,21,qwen1.5b,33,[],0,instruction,1.5,6
64,0.2450229709035222,macro,2.162182354908985,21,qwen1.5b,33,[131],1,instruction,1.5,15
4,0.0,macro,1.3862943611198906,22,qwen1.5b,33,[],0,instruction,1.0,4
16,0.0,macro,1.4500064999181648,22,qwen1.5b,33,[],0,instruction,1.0,7
64,0.08141592920353982,macro,1.8527480050157066,22,qwen1.5b,33,[105],1,instruction,1.0,12
4,0.06725663716814159,macro,1.3862943611198906,22,qwen1.5b,33,[177],1,concise,1.0,4
16,0.20530973451327433,macro,2.067975912293976,22,qwen1.5b,33,"[11, 105, 177]",3,concise,1.0,9
64,0.37168141592920356,macro,2.138200729160783,22,qwen1.5b,33,"[11, 178]",2,concise,1.0,14
4,0.06725663716814159,macro,1.3862943611198906,22,qwen1.5b,33,[177],1,fewshot,1.0,4
16,0.26548672566371684,macro,1.8080457195839967,22,qwen1.5b,33,[178],1,fewshot,1.0,8
64,0.26548672566371684,macro,2.140863996798117,22,qwen1.5b,33,[178],1,fewshot,1.0,14
4,0.0,macro,1.3862943611198906,22,qwen1.5b,33,[],0,instruction,1.5,4
16,0.0,macro,2.0467385326945515,22,qwen1.5b,33,[],0,instruction,1.5,9
64,0.13805309734513274,macro,2.2437505946008742,22,qwen1.5b,33,"[105, 177]",2,instruction,1.5,15
4,0.0,macro,1.3862943611198906,23,qwen1.5b,33,[],0,instruction,1.0,4
16,0.0,macro,1.9273921261392741,23,qwen1.5b,33,[],0,instruction,1.0,8
64,0.027565084226646247,macro,2.0745012271078287,23,qwen1.5b,33,[141],1,instruction,1.0,10
4,0.0,macro,-0.0,23,qwen1.5b,33,[],0,concise,1.0,1
16,0.027565084226646247,macro,0.908908734898781,23,qwen1.5b,33,[141],1,concise,1.0,5
64,0.19295558958652373,macro,1.0032432236289148,23,qwen1.5b,33,[236],1,concise,1.0,7
4,0.02450229709035222,macro,1.3862943611198906,23,qwen1.5b,33,[161],1,fewshot,1.0,4
16,0.19295558958652373,macro,1.0373923246209082,23,qwen1.5b,33,[236],1,fewshot,1.0,5
64,0.19295558958652373,macro,0.9685058435812328,23,qwen1.5b,33,[236],1,fewshot,1.0,6
4,0.0,macro,1.3862943611198906,23,qwen1.5b,33,[],0,instruction,1.5,4
16,0.0,macro,2.133381930264545,23,qwen1.5b,33,[],0,instruction,1.5,10
64,0.19295558958652373,macro,2.647910392521556,23,qwen1.5b,33,[236],1,instruction,1.5,20
4,0.0,macro,1.0397207708399179,24,qwen1.5b,33,[130],1,instruction,1.0,3
16,0.0,macro,1.1601862439785164,24,qwen1.5b,33,[130],1,instruction,1.0,5
64,0.0,macro,1.7028293892027238,24,qwen1.5b,33,[130],1,instruction,1.0,10
4,0.0,macro,0.5623351446188083,24,qwen1.5b,33,[],0,concise,1.0,2
16,0.0,macro,1.069917341816382,24,qwen1.5b,33,[],0,concise,1.0,4
64,0.0,macro,1.2912998308331545,24,qwen1.5b,33,[],0,concise,1.0,6
4,0.0,macro,-0.0,24,qwen1.5b,33,[],0,fewshot,1.0,1
16,0.0,macro,0.918045918065631,24,qwen1.5b,33,[],0,fewshot,1.0,4
64,0.0,macro,1.2512577289061921,24,qwen1.5b,33,[130],1,fewshot,1.0,9
4,0.0,macro,0.6931471805599453,24,qwen1.5b,33,[],0,instruction,1.5,2
16,0.14263565891472868,macro,1.5746794417481091,24,qwen1.5b,33,"[96, 130]",2,instruction,1.5,7
64,0.22325581395348837,macro,2.2354923758635055,24,qwen1.5b,33,"[76, 96, 130]",3,instruction,1.5,16
4,0.0,macro,1.0397207708399179,25,qwen1.5b,33,[],0,instruction,1.0,3
16,0.0,macro,1.331660286822432,25,qwen1.5b,33,[],0,instruction,1.0,5
64,0.0,macro,1.6697636424577356,25,qwen1.5b,33,[],0,instruction,1.0,10
4,0.20205479452054795,macro,1.0397207708399179,25,qwen1.5b,33,[47],1,concise,1.0,3
16,0.20205479452054795,macro,1.2130075659799042,25,qwen1.5b,33,[47],1,concise,1.0,4
64,0.20205479452054795,macro,1.805280369228871,25,qwen1.5b,33,[47],1,concise,1.0,11
4,0.0,macro,1.0397207708399179,25,qwen1.5b,33,[],0,fewshot,1.0,3
16,0.20205479452054795,macro,1.6886993130287196,25,qwen1.5b,33,[47],1,fewshot,1.0,7
64,0.20205479452054795,macro,1.9709393359838305,25,qwen1.5b,33,[47],1,fewshot,1.0,11
4,0.10102739726027397,macro,1.0397207708399179,25,qwen1.5b,33,[11],1,instruction,1.5,3
16,0.10102739726027397,macro,1.89468911715399,25,qwen1.5b,33,[11],1,instruction,1.5,9
64,0.10102739726027397,macro,2.33017562112916,25,qwen1.5b,33,[11],1,instruction,1.5,17
4,0.17563739376770537,macro,0.5623351446188083,26,qwen1.5b,33,[123],1,instruction,1.0,2
16,0.17563739376770537,macro,1.249343231067561,26,qwen1.5b,33,[123],1,instruction,1.0,5
64,0.17563739376770537,macro,1.6676284667728474,26,qwen1.5b,33,[123],1,instruction,1.0,10
4,0.17563739376770537,macro,0.5623351446188083,26,qwen1.5b,33,[123],1,concise,1.0,2
16,0.17563739376770537,macro,0.7029189307735104,26,qwen1.5b,33,[123],1,concise,1.0,3
64,0.17563739376770537,macro,0.7080903763324851,26,qwen1.5b,33,[123],1,concise,1.0,3
4,0.17563739376770537,macro,1.3862943611198906,26,qwen1.5b,33,[123],1,fewshot,1.0,4
16,0.17563739376770537,macro,1.244016695792894,26,qwen1.5b,33,[123],1,fewshot,1.0,5
64,0.17563739376770537,macro,1.6735060209265566,26,qwen1.5b,33,[123],1,fewshot,1.0,8
4,0.17563739376770537,macro,0.5623351446188083,26,qwen1.5b,33,[123],1,instruction,1.5,2
16,0.17563739376770537,macro,1.5110861760736112,26,qwen1.5b,33,[123],1,instruction,1.5,6
64,0.17563739376770537,macro,1.9812284729639564,26,qwen1.5b,33,[123],1,instruction,1.5,12
4,0.0,macro,0.6931471805599453,27,qwen1.5b,33,[],0,instruction,1.0,2
16,0.1731066460587326,macro,1.2767197047781784,27,qwen1.5b,33,[83],1,instruction,1.0,5
64,0.1731066460587326,macro,1.5427479245630846,27,qwen1.5b,33,[83],1,instruction,1.0,8
4,0.1731066460587326,macro,0.6931471805599453,27,qwen1.5b,33,[83],1,concise,1.0,2
16,0.1731066460587326,macro,0.6615632381579821,27,qwen1.5b,33,[83],1,concise,1.0,2
64,0.1731066460587326,macro,0.7380648773121858,27,qwen1.5b,33,[83],1,concise,1.0,4
4,0.0,macro,-0.0,27,qwen1.5b,33,[],0,fewshot,1.0,1
16,0.0,macro,0.7029189307735104,27,qwen1.5b,33,[],0,fewshot,1.0,3
64,0.1731066460587326,macro,0.8416228884215973,27,qwen1.5b,33,[83],1,fewshot,1.0,4
4,0.0,macro,1.0397207708399179,27,qwen1.5b,33,[],0,instruction,1.5,3
16,0.1731066460587326,macro,2.0467385326945515,27,qwen1.5b,33,[83],1,instruction,1.5,9
64,0.1731066460587326,macro,2.1299952586335182,27,qwen1.5b,33,[83],1,instruction,1.5,14
4,0.21035058430717862,macro,0.5623351446188083,28,qwen1.5b,33,[78],1,instruction,1.0,2
16,0.21035058430717862,macro,0.7774621319109288,28,qwen1.5b,33,[78],1,instruction,1.0,3
64,0.21035058430717862,macro,0.792611063543134,28,qwen1.5b,33,[78],1,instruction,1.0,3
4,0.21035058430717862,macro,0.5623351446188083,28,qwen1.5b,33,[78],1,concise,1.0,2
16,0.21035058430717862,macro,0.7029189307735104,28,qwen1.5b,33,[78],1,concise,1.0,3
64,0.21035058430717862,macro,0.5880154047930386,28,qwen1.5b,33,[78],1,concise,1.0,3
4,0.21035058430717862,macro,0.6931471805599453,28,qwen1.5b,33,[78],1,fewshot,1.0,2
16,0.21035058430717862,macro,0.6931471805599453,28,qwen1.5b,33,[78],1,fewshot,1.0,2
64,0.21035058430717862,macro,0.9356170213464927,28,qwen1.5b,33,[78],1,fewshot,1.0,4
4,0.21035058430717862,macro,0.5623351446188083,28,qwen1.5b,33,[78],1,instruction,1.5,2
16,0.21035058430717862,macro,1.0609581504393426,28,qwen1.5b,33,[78],1,instruction,1.5,4
64,0.21035058430717862,macro,1.2697164807060277,28,qwen1.5b,33,[78],1,instruction,1.5,8
4,0.10256410256410256,macro,1.3862943611198906,29,qwen1.5b,33,[107],1,instruction,1.0,4
16,0.10256410256410256,macro,1.559581156259877,29,qwen1.5b,33,[107],1,instruction,1.0,5
64,0.10256410256410256,macro,1.7610690669349267,29,qwen1.5b,33,[107],1,instruction,1.0,9
4,0.0,macro,1.0397207708399179,29,qwen1.5b,33,[],0,concise,1.0,3
16,0.22735042735042735,macro,1.574679441748109,29,qwen1.5b,33,[11],1,concise,1.0,7
64,0.22735042735042735,macro,1.654110597912588,29,qwen1.5b,33,[11],1,concise,1.0,10
4,0.0,macro,-0.0,29,qwen1.5b,33,[],0,fewshot,1.0,1
16,0.0,macro,1.3633631023481716,29,qwen1.5b,33,[],0,fewshot,1.0,6
64,0.0,macro,1.1399776894060187,29,qwen1.5b,33,[],0,fewshot,1.0,8
4,0.10256410256410256,macro,1.3862943611198906,29,qwen1.5b,33,[107],1,instruction,1.5,4
16,0.10256410256410256,macro,1.9273921261392741,29,qwen1.5b,33,[107],1,instruction,1.5,8
64,0.10256410256410256,macro,2.0539536532065665,29,qwen1.5b,33,[107],1,instruction,1.5,14
4,0.0,macro,0.5623351446188083,30,qwen1.5b,33,[],0,instruction,1.0,2
16,0.04094488188976378,macro,0.6885673693022827,30,qwen1.5b,33,[97],1,instruction,1.0,4
64,0.08503937007874016,macro,0.7496019246795319,30,qwen1.5b,33,"[82, 97]",2,instruction,1.0,6
4,0.0,macro,-0.0,30,qwen1.5b,33,[],0,concise,1.0,1
16,0.2740157480314961,macro,0.2337916587064593,30,qwen1.5b,33,[101],1,concise,1.0,2
64,0.2740157480314961,macro,0.32043505627645247,30,qwen1.5b,33,[101],1,concise,1.0,5
4,0.0,macro,0.5623351446188083,30,qwen1.5b,33,[],0,fewshot,1.0,2
16,0.2740157480314961,macro,1.069917341816382,30,qwen1.5b,33,[101],1,fewshot,1.0,4
64,0.2740157480314961,macro,0.941487287998202,30,qwen1.5b,33,[101],1,fewshot,1.0,4
4,0.025196850393700787,macro,1.3862943611198906,30,qwen1.5b,33,[7],1,instruction,1.5,4
16,0.06456692913385827,macro,0.908908734898781,30,qwen1.5b,33,"[7, 97]",2,instruction,1.5,5
64,0.09133858267716535,macro,1.5041910881070286,30,qwen1.5b,33,"[97, 151]",2,instruction,1.5,10
4,0.17784256559766765,macro,0.6931471805599453,31,qwen1.5b,33,[132],1,instruction,1.0,2
16,0.17784256559766765,macro,0.7029189307735104,31,qwen1.5b,33,[132],1,instruction,1.0,3
64,0.17784256559766765,macro,0.5363593120000422,31,qwen1.5b,33,[132],1,instruction,1.0,3
4,0.17784256559766765,macro,-0.0,31,qwen1.5b,33,[132],1,concise,1.0,1
16,0.17784256559766765,macro,0.2337916587064593,31,qwen1.5b,33,[132],1,concise,1.0,2
64,0.17784256559766765,macro,0.40594830462816345,31,qwen1.5b,33,[132],1,concise,1.0,4
4,0.17784256559766765,macro,-0.0,31,qwen1.5b,33,[132],1,fewshot,1.0,1
16,0.17784256559766765,macro,0.7774621319109287,31,qwen1.5b,33,[132],1,fewshot,1.0,3
64,0.17784256559766765,macro,0.9572778707389908,31,qwen1.5b,33,[132],1,fewshot,1.0,5
4,0.17784256559766765,macro,0.5623351446188083,31,qwen1.5b,33,[132],1,instruction,1.5,2
16,0.17784256559766765,macro,0.9868994488385301,31,qwen1.5b,33,[132],1,instruction,1.5,4
64,0.17784256559766765,macro,1.2673455381265921,31,qwen1.5b,33,[132],1,instruction,1.5,10
4,0.07407407407407407,base,1.3862943611198906,16,qwen3b,11,[76],1,instruction,1.0,4
16,0.4713804713804714,base,2.512658529529802,16,qwen3b,11,"[214, 222]",2,instruction,1.0,13
64,0.5454545454545454,base,3.068149555720957,16,qwen3b,11,"[29, 214, 222]",3,instruction,1.0,30
4,0.2053872053872054,base,0.5623351446188083,16,qwen3b,11,[222],1,concise,1.0,2
16,0.4713804713804714,base,1.249343231067561,16,qwen3b,11,"[214, 222]",2,concise,1.0,5
64,0.4713804713804714,base,1.5848746617547473,16,qwen3b,11,"[214, 222]",2,concise,1.0,11
4,0.2053872053872054,base,1.3862943611198906,16,qwen3b,11,[222],1,fewshot,1.0,4
16,0.4713804713804714,base,1.840748728569281,16,qwen3b,11,"[214, 222]",2,fewshot,1.0,8
64,0.4713804713804714,base,2.1833437304024548,16,qwen3b,11,"[214, 222]",2,fewshot,1.0,16
4,0.07407407407407407,base,1.3862943611198906,16,qwen3b,11,[76],1,instruction,1.5,4
16,0.4377104377104377,base,2.4799555205445176,16,qwen3b,11,"[29, 222]",2,instruction,1.5,13
64,0.5454545454545454,base,3.4060626995220886,16,qwen3b,11,"[29, 214, 222]",3,instruction,1.5,37
4,0.2147239263803681,base,1.3862943611198906,17,qwen3b,11,[235],1,instruction,1.0,4
16,0.5828220858895705,base,2.306668725404531,17,qwen3b,11,"[143, 235, 249]",3,instruction,1.0,11
64,0.5828220858895705,base,2.9000134637191475,17,qwen3b,11,"[143, 235, 249]",3,instruction,1.0,27
4,0.401840490797546,base,1.3862943611198906,17,qwen3b,11,"[235, 249]",2,concise,1.0,4
16,0.5828220858895705,base,1.4500064999181648,17,qwen3b,11,"[143, 235, 249]",3,concise,1.0,7
64,0.5828220858895705,base,1.9835782875392816,17,qwen3b,11,"[143, 235, 249]",3,concise,1.0,16
4,0.4110429447852761,base,1.3862943611198906,17,qwen3b,11,"[143, 235]",2,fewshot,1.0,4
16,0.5828220858895705,base,1.749778989184166,17,qwen3b,11,"[143, 235, 249]",3,fewshot,1.0,7
64,0.5828220858895705,base,2.2022137177085623,17,qwen3b,11,"[143, 235, 249]",3,fewshot,1.0,16
4,0.2147239263803681,base,1.3862943611198906,17,qwen3b,11,[235],1,instruction,1.5,4
16,0.5828220858895705,base,2.599301927099795,17,qwen3b,11,"[143, 235, 249]",3,instruction,1.5,14
64,0.5828220858895705,base,3.2682016175666075,17,qwen3b,11,"[143, 235, 249]",3,instruction,1.5,33
4,0.17117117117117117,base,1.3862943611198906,18,qwen3b,11,[186],1,instruction,1.0,4
16,0.43543543543543545,base,2.252728336819822,18,qwen3b,11,"[84, 186, 234]",3,instruction,1.0,11
64,0.6006006006006006,base,2.4641805177695097,18,qwen3b,11,"[69, 84, 186]",3,instruction,1.0,20
4,0.4294294294294294,base,1.0397207708399179,18,qwen3b,11,"[69, 84]",2,concise,1.0,3
16,0.4294294294294294,base,1.5764921940441796,18,qwen3b,11,"[69, 84]",2,concise,1.0,6
64,0.6006006006006006,base,1.6363377702197195,18,qwen3b,11,"[69, 84, 186]",3,concise,1.0,9
4,0.4294294294294294,base,1.0397207708399179,18,qwen3b,11,"[69, 84]",2,fewshot,1.0,3
16,0.4294294294294294,base,1.923065784324152,18,qwen3b,11,"[69, 84]",2,fewshot,1.0,9
64,0.6006006006006006,base,1.8936019218630906,18,qwen3b,11,"[69, 84, 186]",3,fewshot,1.0,13
4,0.08558558558558559,base,1.3862943611198906,18,qwen3b,11,[25],1,instruction,1.5,4
16,0.6006006006006006,base,2.685945324669788,18,qwen3b,11,"[69, 84, 186]",3,instruction,1.5,15
64,0.6006006006006006,base,3.194340080703888,18,qwen3b,11,"[69, 84, 186]",3,instruction,1.5,34
4,0.17275747508305647,base,1.0397207708399179,19,qwen3b,11,[250],1,instruction,1.0,3
16,0.4950166112956811,base,2.252728336819822,19,qwen3b,11,"[35, 194, 250]",3,instruction,1.0,11
64,0.553156146179402,base,2.6355724369492597,19,qwen3b,11,"[35, 194, 215]",3,instruction,1.0,23
4,0.2591362126245847,base,1.3862943611198906,19,qwen3b,11,"[215, 250]",2,concise,1.0,4
16,0.553156146179402,base,2.1829959770341314,19,qwen3b,11,"[35, 194, 215]",3,concise,1.0,11
64,0.553156146179402,base,2.3633336060660204,19,qwen3b,11,"[35, 194, 215]",3,concise,1.0,20
4,0.17275747508305647,base,0.6931471805599453,19,qwen3b,11,[250],1,fewshot,1.0,2
16,0.31893687707641194,base,1.9273921261392744,19,qwen3b,11,"[194, 250]",2,fewshot,1.0,9
64,0.43521594684385384,base,2.4944551269339312,19,qwen3b,11,"[194, 215]",2,fewshot,1.0,17
4,0.0,base,1.0397207708399179,19,qwen3b,11,[],0,instruction,1.5,3
16,0.2724252491694352,base,2.4799555205445176,19,qwen3b,11,"[34, 173, 194]",3,instruction,1.5,13
64,0.553156146179402,base,3.1868675648964704,19,qwen3b,11,"[35, 194, 215]",3,instruction,1.5,33
4,0.0,base,1.3862943611198906,20,qwen3b,11,[],0,instruction,1.0,4
16,0.23493975903614459,base,2.1829959770341314,20,qwen3b,11,"[32, 73, 74]",3,instruction,1.0,11
64,0.41767068273092367,base,2.8542340477142507,20,qwen3b,11,"[1, 42, 140]",3,instruction,1.0,27
4,0.0,base,1.0397207708399179,20,qwen3b,11,[],0,concise,1.0,3
16,0.3373493975903614,base,1.9061547465398494,20,qwen3b,11,"[73, 140]",2,concise,1.0,8
64,0.4036144578313253,base,2.8080144354242873,20,qwen3b,11,"[6, 140]",2,concise,1.0,26
4,0.10040160642570281,base,1.3862943611198906,20,qwen3b,11,"[73, 74]",2,fewshot,1.0,4
16,0.3373493975903614,base,1.7479662368880953,20,qwen3b,11,"[73, 140]",2,fewshot,1.0,8
64,0.4036144578313253,base,2.6436381351280285,20,qwen3b,11,"[6, 140]",2,fewshot,1.0,21
4,0.0,base,1.3862943611198906,20,qwen3b,11,[],0,instruction,1.5,4
16,0.30522088353413657,base,2.479955520544517,20,qwen3b,11,"[6, 32, 44]",3,instruction,1.5,13
64,0.4879518072289157,base,3.5210376434840462,20,qwen3b,11,"[1, 6, 140]",3,instruction,1.5,41
4,0.2450229709035222,base,1.3862943611198906,21,qwen3b,11,"[131, 210]",2,instruction,1.0,4
16,0.4655436447166922,base,2.5126585295298014,21,qwen3b,11,"[131, 217]",2,instruction,1.0,13
64,0.5053598774885145,base,3.0049518294361452,21,qwen3b,11,"[131, 217, 221]",3,instruction,1.0,29
4,0.4655436447166922,base,1.0397207708399179,21,qwen3b,11,"[131, 217]",2,concise,1.0,3
16,0.5053598774885145,base,1.541976432762825,21,qwen3b,11,"[131, 217, 221]",3,concise,1.0,6
64,0.5053598774885145,base,1.6822786643941385,21,qwen3b,11,"[131, 217, 221]",3,concise,1.0,13
4,0.4655436447166922,base,1.0397207708399179,21,qwen3b,11,"[131, 217]",2,fewshot,1.0,3
16,0.4655436447166922,base,1.559581156259877,21,qwen3b,11,"[131, 217]",2,fewshot,1.0,7
64,0.5696784073506891,base,1.59526244501791,21,qwen3b,11,"[30, 131, 217]",3,fewshot,1.0,15
4,0.2450229709035222,base,1.3862943611198906,21,qwen3b,11,[131],1,instruction,1.5,4
16,0.4655436447166922,base,2.599301927099795,21,qwen3b,11,"[131, 217]",2,instruction,1.5,14
64,0.4655436447166922,base,3.474819819071642,21,qwen3b,11,"[131, 217]",2,instruction,1.5,39
4,0.10619469026548672,base,1.3862943611198906,22,qwen3b,11,[11],1,instruction,1.0,4
16,0.5380530973451327,base,2.599301927099795,22,qwen3b,11,"[23, 178, 191]",3,instruction,1.0,14
64,0.5380530973451327,base,3.0053733401869844,22,qwen3b,11,"[23, 178, 191]",3,instruction,1.0,33
4,0.431858407079646,base,1.3862943611198906,22,qwen3b,11,"[178, 191]",2,concise,1.0,4
16,0.431858407079646,base,2.1829959770341314,22,qwen3b,11,"[178, 191]",2,concise,1.0,11
64,0.431858407079646,base,1.9561901328955984,22,qwen3b,11,"[178, 191]",2,concise,1.0,20
4,0.431858407079646,base,1.0397207708399179,22,qwen3b,11,"[178, 191]",2,fewshot,1.0,3
16,0.431858407079646,base,1.3862943611198906,22,qwen3b,11,"[178, 191]",2,fewshot,1.0,6
64,0.431858407079646,base,1.3829207271160895,22,qwen3b,11,"[178, 191]",2,fewshot,1.0,11
4,0.26548672566371684,base,1.3862943611198906,22,qwen3b,11,[178],1,instruction,1.5,4
16,0.45309734513274336,base,2.772588722239781,22,qwen3b,11,"[11, 23, 178]",3,instruction,1.5,16
64,0.5380530973451327,base,3.6010103440545733,22,qwen3b,11,"[23, 178, 191]",3,instruction,1.5,45
4,0.19295558958652373,base,1.0397207708399179,23,qwen3b,11,[236],1,instruction,1.0,3
16,0.48238897396630936,base,2.0636495704788542,23,qwen3b,11,"[27, 210, 236]",3,instruction,1.0,10
64,0.48238897396630936,base,2.287864922216689,23,qwen3b,11,"[27, 210, 236]",3,instruction,1.0,23
4,0.37978560490045943,base,0.6931471805599453,23,qwen3b,11,"[210, 236]",2,concise,1.0,2
16,0.37978560490045943,base,1.249343231067561,23,qwen3b,11,"[210, 236]",2,concise,1.0,5
64,0.37978560490045943,base,1.523299585684102,23,qwen3b,11,"[210, 236]",2,concise,1.0,15
4,0.37978560490045943,base,1.0397207708399179,23,qwen3b,11,"[210, 236]",2,fewshot,1.0,3
16,0.37978560490045943,base,1.249343231067561,23,qwen3b,11,"[210, 236]",2,fewshot,1.0,5
64,0.37978560490045943,base,1.8309059840607023,23,qwen3b,11,"[210, 236]",2,fewshot,1.0,18
4,0.19295558958652373,base,1.0397207708399179,23,qwen3b,11,[236],1,instruction,1.5,3
16,0.37978560490045943,base,2.339371734389815,23,qwen3b,11,"[210, 236]",2,instruction,1.5,12
64,0.37978560490045943,base,2.9656078417323384,23,qwen3b,11,"[210, 236]",2,instruction,1.5,32
4,0.0,base,1.0397207708399179,24,qwen3b,11,[130],1,instruction,1.0,3
16,0.3627906976744186,base,2.1660849392498287,24,qwen3b,11,"[61, 169]",2,instruction,1.0,10
64,0.5922480620155038,base,2.9510411591323806,24,qwen3b,11,"[61, 169, 181]",3,instruction,1.0,28
4,0.17364341085271318,base,1.0397207708399179,24,qwen3b,11,"[61, 130]",2,concise,1.0,3
16,0.5922480620155038,base,1.6674619334292948,24,qwen3b,11,"[61, 169, 181]",3,concise,1.0,7
64,0.5922480620155038,base,2.3103744326884867,24,qwen3b,11,"[61, 169, 181]",3,concise,1.0,18
4,0.17364341085271318,base,1.0397207708399179,24,qwen3b,11,"[61, 130]",2,fewshot,1.0,3
16,0.40310077519379844,base,1.3633631023481716,24,qwen3b,11,"[61, 130, 181]",3,fewshot,1.0,6
64,0.5922480620155038,base,1.698900574390802,24,qwen3b,11,"[61, 169, 181]",3,fewshot,1.0,12
4,0.0,base,1.0397207708399179,24,qwen3b,11,[130],1,instruction,1.5,3
16,0.3627906976744186,base,2.3933121229745242,24,qwen3b,11,"[61, 169]",2,instruction,1.5,12
64,0.5922480620155038,base,3.281686714712785,24,qwen3b,11,"[61, 169, 181]",3,instruction,1.5,35
4,0.04794520547945205,base,1.3862943611198906,25,qwen3b,11,[131],1,instruction,1.0,4
16,0.3476027397260274,base,2.36060911398924,25,qwen3b,11,"[1, 176]",2,instruction,1.0,12
64,0.5428082191780822,base,3.2124764070892136,25,qwen3b,11,"[34, 47, 176]",3,instruction,1.0,33
4,0.4486301369863014,base,1.0397207708399179,25,qwen3b,11,"[47, 176]",2,concise,1.0,3
16,0.4486301369863014,base,1.5110861760736112,25,qwen3b,11,"[47, 176]",2,concise,1.0,6
64,0.4486301369863014,base,1.867166275052962,25,qwen3b,11,"[47, 176]",2,concise,1.0,15
4,0.4486301369863014,base,1.0397207708399179,25,qwen3b,11,"[47, 176]",2,fewshot,1.0,3
16,0.4486301369863014,base,1.6286198303328179,25,qwen3b,11,"[47, 176]",2,fewshot,1.0,7
64,0.4486301369863014,base,2.084903918504252,25,qwen3b,11,"[47, 176]",2,fewshot,1.0,16
4,0.125,base,1.3862943611198906,25,qwen3b,11,"[1, 15]",2,instruction,1.5,4
16,0.5428082191780822,base,2.479955520544517,25,qwen3b,11,"[34, 47, 176]",3,instruction,1.5,13
64,0.5428082191780822,base,3.4048076926401207,25,qwen3b,11,"[34, 47, 176]",3,instruction,1.5,37
4,0.22096317280453256,base,1.3862943611198906,26,qwen3b,11,[240],1,instruction,1.0,4
16,0.42776203966005666,base,2.5126585295298014,26,qwen3b,11,"[123, 181, 240]",3,instruction,1.0,13
64,0.6005665722379604,base,3.1334266502107893,26,qwen3b,11,"[46, 123, 240]",3,instruction,1.0,32
4,0.2521246458923513,base,1.3862943611198906,26,qwen3b,11,"[181, 240]",2,concise,1.0,4
16,0.42776203966005666,base,1.8903627753388679,26,qwen3b,11,"[123, 181, 240]",3,concise,1.0,8
64,0.6005665722379604,base,2.4670299566900016,26,qwen3b,11,"[46, 123, 240]",3,concise,1.0,22
4,0.42492917847025496,base,1.3862943611198906,26,qwen3b,11,"[46, 240]",2,fewshot,1.0,4
16,0.6005665722379604,base,2.0467385326945515,26,qwen3b,11,"[46, 123, 240]",3,fewshot,1.0,9
64,0.6005665722379604,base,2.5394216533142777,26,qwen3b,11,"[46, 123, 240]",3,fewshot,1.0,24
4,0.22096317280453256,base,1.3862943611198906,26,qwen3b,11,[240],1,instruction,1.5,4
16,0.42776203966005666,base,2.5126585295298014,26,qwen3b,11,"[123, 181, 240]",3,instruction,1.5,13
64,0.6005665722379604,base,3.4425699981603746,26,qwen3b,11,"[46, 123, 240]",3,instruction,1.5,38
4,0.3987635239567233,base,1.0397207708399179,27,qwen3b,11,"[83, 250]",2,instruction,1.0,3
16,0.4327666151468315,base,2.0140355237092673,27,qwen3b,11,"[63, 83, 250]",3,instruction,1.0,10
64,0.5935085007727975,base,2.5839777524746625,27,qwen3b,11,"[83, 198, 250]",3,instruction,1.0,24
4,0.42040185471406494,base,0.5623351446188083,27,qwen3b,11,"[198, 250]",2,concise,1.0,2
16,0.5935085007727975,base,1.488036044178116,27,qwen3b,11,"[83, 198, 250]",3,concise,1.0,6
64,0.5935085007727975,base,1.5714395733874882,27,qwen3b,11,"[83, 198, 250]",3,concise,1.0,11
4,0.5935085007727975,base,1.0397207708399179,27,qwen3b,11,"[83, 198, 250]",3,fewshot,1.0,3
16,0.5935085007727975,base,1.3421257227487469,27,qwen3b,11,"[83, 198, 250]",3,fewshot,1.0,5
64,0.5935085007727975,base,1.5917302645951856,27,qwen3b,11,"[83, 198, 250]",3,fewshot,1.0,13
4,0.28593508500772796,base,1.0397207708399179,27,qwen3b,11,"[35, 83]",2,instruction,1.5,3
16,0.31993817619783615,base,2.5665989181145106,27,qwen3b,11,"[35, 63, 83]",3,instruction,1.5,14
64,0.5935085007727975,base,3.1996494256037438,27,qwen3b,11,"[83, 198, 250]",3,instruction,1.5,32
4,0.21035058430717862,base,0.5623351446188083,28,qwen3b,11,[78],1,instruction,1.0,2
16,0.31886477462437396,base,1.9273921261392744,28,qwen3b,11,"[6, 78]",2,instruction,1.0,9
64,0.4290484140233723,base,2.4625984347040504,28,qwen3b,11,"[6, 27, 78]",3,instruction,1.0,21
4,0.21035058430717862,base,-0.0,28,qwen3b,11,[78],1,concise,1.0,1
16,0.21035058430717862,base,1.559581156259877,28,qwen3b,11,[78],1,concise,1.0,7
64,0.4307178631051753,base,1.2280228996238396,28,qwen3b,11,"[42, 78]",2,concise,1.0,10
4,0.21035058430717862,base,-0.0,28,qwen3b,11,[78],1,fewshot,1.0,1
16,0.21035058430717862,base,0.8222653373287878,28,qwen3b,11,[78],1,fewshot,1.0,4
64,0.4307178631051753,base,0.5986011280917046,28,qwen3b,11,"[42, 78]",2,fewshot,1.0,5
4,0.21035058430717862,base,1.3862943611198906,28,qwen3b,11,[78],1,instruction,1.5,4
16,0.21035058430717862,base,2.3933121229745242,28,qwen3b,11,[78],1,instruction,1.5,12
64,0.4307178631051753,base,3.4734881852529753,28,qwen3b,11,"[1, 27, 78]",3,instruction,1.5,38
4,0.3145299145299145,base,1.0397207708399179,29,qwen3b,11,"[235, 251]",2,instruction,1.0,3
16,0.42735042735042733,base,2.3933121229745242,29,qwen3b,11,"[11, 251]",2,instruction,1.0,12
64,0.5452991452991452,base,2.8584320888793826,29,qwen3b,11,"[11, 155, 251]",3,instruction,1.0,27
4,0.3145299145299145,base,1.3862943611198906,29,qwen3b,11,"[235, 251]",2,concise,1.0,4
16,0.3145299145299145,base,2.220025327834538,29,qwen3b,11,"[235, 251]",2,concise,1.0,10
64,0.4478632478632479,base,2.654603667784115,29,qwen3b,11,"[155, 251]",2,concise,1.0,20
4,0.20512820512820512,base,0.5623351446188083,29,qwen3b,11,[251],1,fewshot,1.0,2
16,0.37606837606837606,base,2.0467385326945515,29,qwen3b,11,"[19, 235, 251]",3,fewshot,1.0,9
64,0.5452991452991452,base,2.531557357751244,29,qwen3b,11,"[11, 155, 251]",3,fewshot,1.0,20
4,0.14017094017094017,base,1.0397207708399179,29,qwen3b,11,[235],1,instruction,1.5,3
16,0.38290598290598293,base,2.479955520544517,29,qwen3b,11,"[11, 35, 107]",3,instruction,1.5,13
64,0.42735042735042733,base,3.31655289460563,29,qwen3b,11,"[11, 251]",2,instruction,1.5,34
4,0.3921259842519685,base,1.3862943611198906,30,qwen3b,11,"[10, 226]",2,instruction,1.0,4
16,0.45984251968503936,base,2.5665989181145106,30,qwen3b,11,"[101, 226]",2,instruction,1.0,14
64,0.45984251968503936,base,3.0158650655481978,30,qwen3b,11,"[101, 226]",2,instruction,1.0,31
4,0.45984251968503936,base,1.0397207708399179,30,qwen3b,11,"[101, 226]",2,concise,1.0,3
16,0.45984251968503936,base,1.7170759801988817,30,qwen3b,11,"[101, 226]",2,concise,1.0,7
64,0.49133858267716535,base,2.111573877376057,30,qwen3b,11,"[101, 153, 226]",3,concise,1.0,16
4,0.45984251968503936,base,0.5623351446188083,30,qwen3b,11,"[101, 226]",2,fewshot,1.0,2
16,0.45984251968503936,base,1.2468296415485096,30,qwen3b,11,"[101, 226]",2,fewshot,1.0,6
64,0.45984251968503936,base,1.63219321344927,30,qwen3b,11,"[101, 226]",2,fewshot,1.0,15
4,0.3921259842519685,base,1.3862943611198906,30,qwen3b,11,"[10, 226]",2,instruction,1.5,4
16,0.45984251968503936,base,2.685945324669788,30,qwen3b,11,"[101, 226]",2,instruction,1.5,15
64,0.5669291338582677,base,3.533161388530613,30,qwen3b,11,"[19, 101, 226]",3,instruction,1.5,41
4,0.0,base,1.3862943611198906,31,qwen3b,11,[],0,instruction,1.0,4
16,0.21282798833819241,base,2.306668725404531,31,qwen3b,11,[220],1,instruction,1.0,11
64,0.6064139941690962,base,2.9587785029711933,31,qwen3b,11,"[132, 145, 220]",3,instruction,1.0,27
4,0.6064139941690962,base,1.3862943611198906,31,qwen3b,11,"[132, 145, 220]",3,concise,1.0,4
16,0.6064139941690962,base,1.7214023220140038,31,qwen3b,11,"[132, 145, 220]",3,concise,1.0,7
64,0.6064139941690962,base,2.1659489989511824,31,qwen3b,11,"[132, 145, 220]",3,concise,1.0,18
4,0.17784256559766765,base,1.3862943611198906,31,qwen3b,11,[132],1,fewshot,1.0,4
16,0.6064139941690962,base,1.836422386754159,31,qwen3b,11,"[132, 145, 220]",3,fewshot,1.0,8
64,0.6064139941690962,base,2.1846723107879846,31,qwen3b,11,"[132, 145, 220]",3,fewshot,1.0,15
4,0.0,base,1.3862943611198906,31,qwen3b,11,[],0,instruction,1.5,4
16,0.21282798833819241,base,2.5126585295298014,31,qwen3b,11,[220],1,instruction,1.5,13
64,0.6064139941690962,base,3.488304916217819,31,qwen3b,11,"[132, 145, 220]",3,instruction,1.5,39
4,0.2053872053872054,base,1.3862943611198906,16,qwen3b,22,[222],1,instruction,1.0,4
16,0.4713804713804714,base,1.8576597663535837,16,qwen3b,22,"[214, 222]",2,instruction,1.0,8
64,0.5454545454545454,base,2.705299300007482,16,qwen3b,22,"[29, 214, 222]",3,instruction,1.0,24
4,0.2053872053872054,base,1.0397207708399179,16,qwen3b,22,[222],1,concise,1.0,3
16,0.4713804713804714,base,1.2468296415485096,16,qwen3b,22,"[214, 222]",2,concise,1.0,6
64,0.4713804713804714,base,1.6911807378105377,16,qwen3b,22,"[214, 222]",2,concise,1.0,14
4,0.2053872053872054,base,1.3862943611198906,16,qwen3b,22,[222],1,fewshot,1.0,4
16,0.4713804713804714,base,1.8080457195839967,16,qwen3b,22,"[214, 222]",2,fewshot,1.0,8
64,0.4713804713804714,base,2.2393793031722318,16,qwen3b,22,"[214, 222]",2,fewshot,1.0,16
4,0.09427609427609428,base,1.3862943611198906,16,qwen3b,22,"[67, 247]",2,instruction,1.5,4
16,0.4713804713804714,base,2.36060911398924,16,qwen3b,22,"[214, 222]",2,instruction,1.5,12
64,0.5454545454545454,base,3.1849241012421072,16,qwen3b,22,"[29, 214, 222]",3,instruction,1.5,33
4,0.18404907975460122,base,1.3862943611198906,17,qwen3b,22,"[155, 251]",2,instruction,1.0,4
16,0.33588957055214724,base,2.4260151319598084,17,qwen3b,22,"[33, 249, 251]",3,instruction,1.0,13
64,0.5828220858895705,base,2.9685953739629554,17,qwen3b,22,"[143, 235, 249]",3,instruction,1.0,29
4,0.2392638036809816,base,1.0397207708399179,17,qwen3b,22,"[235, 236]",2,concise,1.0,3
16,0.5828220858895705,base,1.754105330999288,17,qwen3b,22,"[143, 235, 249]",3,concise,1.0,8
64,0.5828220858895705,base,1.6288641727356772,17,qwen3b,22,"[143, 235, 249]",3,concise,1.0,13
4,0.2791411042944785,base,1.3862943611198906,17,qwen3b,22,"[89, 249]",2,fewshot,1.0,4
16,0.5828220858895705,base,2.0636495704788542,17,qwen3b,22,"[143, 235, 249]",3,fewshot,1.0,10
64,0.5828220858895705,base,2.3211683317939453,17,qwen3b,22,"[143, 235, 249]",3,fewshot,1.0,19
4,0.1058282208588957,base,1.3862943611198906,17,qwen3b,22,[19],1,instruction,1.5,4
16,0.3205521472392638,base,2.3393717343898155,17,qwen3b,22,"[19, 249]",2,instruction,1.5,12
64,0.5828220858895705,base,3.245678889973527,17,qwen3b,22,"[143, 235, 249]",3,instruction,1.5,37
4,0.3813813813813814,base,1.0397207708399179,18,qwen3b,22,"[84, 186]",2,instruction,1.0,3
16,0.3813813813813814,base,1.8903627753388679,18,qwen3b,22,"[84, 186]",2,instruction,1.0,8
64,0.3813813813813814,base,2.2807374704100534,18,qwen3b,22,"[84, 186]",2,instruction,1.0,18
4,0.3813813813813814,base,1.0397207708399179,18,qwen3b,22,"[84, 186]",2,concise,1.0,3
16,0.6006006006006006,base,1.6516699622283133,18,qwen3b,22,"[69, 84, 186]",3,concise,1.0,6
64,0.6006006006006006,base,2.0809072799548556,18,qwen3b,22,"[69, 84, 186]",3,concise,1.0,14
4,0.3813813813813814,base,1.3862943611198906,18,qwen3b,22,"[84, 186]",2,fewshot,1.0,4
16,0.6006006006006006,base,1.8903627753388679,18,qwen3b,22,"[69, 84, 186]",3,fewshot,1.0,8
64,0.6006006006006006,base,2.252970954037216,18,qwen3b,22,"[69, 84, 186]",3,fewshot,1.0,17
4,0.3813813813813814,base,1.0397207708399179,18,qwen3b,22,"[84, 186]",2,instruction,1.5,3
16,0.4894894894894895,base,2.306668725404531,18,qwen3b,22,"[33, 84, 186]",3,instruction,1.5,11
64,0.6006006006006006,base,3.202765881315095,18,qwen3b,22,"[69, 84, 186]",3,instruction,1.5,33
4,0.2757475083056478,base,1.3862943611198906,19,qwen3b,22,"[16, 35]",2,instruction,1.0,4
16,0.32059800664451826,base,1.981332514723983,19,qwen3b,22,"[35, 215]",2,instruction,1.0,8
64,0.553156146179402,base,2.5570855213304977,19,qwen3b,22,"[35, 194, 215]",3,instruction,1.0,20
4,0.053156146179401995,base,1.0397207708399179,19,qwen3b,22,[16],1,concise,1.0,3
16,0.2591362126245847,base,1.977006172908861,19,qwen3b,22,"[215, 250]",2,concise,1.0,9
64,0.553156146179402,base,2.2106260748647513,19,qwen3b,22,"[35, 194, 215]",3,concise,1.0,15
4,0.22591362126245848,base,1.3862943611198906,19,qwen3b,22,"[16, 250]",2,fewshot,1.0,4
16,0.31893687707641194,base,1.9061547465398494,19,qwen3b,22,"[194, 250]",2,fewshot,1.0,8
64,0.553156146179402,base,2.3721474395130517,19,qwen3b,22,"[35, 194, 215]",3,fewshot,1.0,17
4,0.053156146179401995,base,1.3862943611198906,19,qwen3b,22,[16],1,instruction,1.5,4
16,0.32059800664451826,base,2.306668725404531,19,qwen3b,22,"[35, 215]",2,instruction,1.5,11
64,0.420265780730897,base,3.1729292796762754,19,qwen3b,22,"[14, 35, 250]",3,instruction,1.5,32
4,0.13453815261044177,base,1.3862943611198906,20,qwen3b,22,[32],1,instruction,1.0,4
16,0.26907630522088355,base,2.479955520544517,20,qwen3b,22,"[1, 32]",2,instruction,1.0,13
64,0.4879518072289157,base,2.7422300684388423,20,qwen3b,22,"[1, 6, 140]",3,instruction,1.0,27
4,0.03614457831325301,base,1.3862943611198906,20,qwen3b,22,[72],1,concise,1.0,4
16,0.21084337349397592,base,2.0636495704788542,20,qwen3b,22,"[32, 42]",2,concise,1.0,10
64,0.3413654618473896,base,2.3044229168412462,20,qwen3b,22,"[42, 140]",2,concise,1.0,18
4,0.10843373493975904,base,1.3862943611198906,20,qwen3b,22,"[73, 89]",2,fewshot,1.0,4
16,0.3413654618473896,base,2.306668725404531,20,qwen3b,22,"[42, 140]",2,fewshot,1.0,11
64,0.41767068273092367,base,2.5074051208430883,20,qwen3b,22,"[1, 42, 140]",3,fewshot,1.0,20
4,0.03614457831325301,base,1.3862943611198906,20,qwen3b,22,[89],1,instruction,1.5,4
16,0.26907630522088355,base,2.685945324669788,20,qwen3b,22,"[1, 32]",2,instruction,1.5,15
64,0.4879518072289157,base,3.4145182184142406,20,qwen3b,22,"[1, 6, 140]",3,instruction,1.5,39
4,0.22358346094946402,base,1.0397207708399179,21,qwen3b,22,[217],1,instruction,1.0,3
16,0.4655436447166922,base,2.0963525794641384,21,qwen3b,22,"[131, 217]",2,instruction,1.0,10
64,0.5696784073506891,base,2.967299577983444,21,qwen3b,22,"[30, 131, 217]",3,instruction,1.0,28
4,0.27565084226646247,base,0.5623351446188083,21,qwen3b,22,"[217, 246]",2,concise,1.0,2
16,0.4655436447166922,base,0.9507489270509151,21,qwen3b,22,"[131, 217]",2,concise,1.0,4
64,0.5053598774885145,base,1.9883969632355798,21,qwen3b,22,"[131, 217, 221]",3,concise,1.0,18
4,0.4655436447166922,base,1.0397207708399179,21,qwen3b,22,"[131, 217]",2,fewshot,1.0,3
16,0.4655436447166922,base,1.8080457195839967,21,qwen3b,22,"[131, 217]",2,fewshot,1.0,8
64,0.4655436447166922,base,1.8560616381794284,21,qwen3b,22,"[131, 217]",2,fewshot,1.0,16
4,0.0,base,1.3862943611198906,21,qwen3b,22,[],0,instruction,1.5,4
16,0.46248085758039814,base,2.599301927099795,21,qwen3b,22,"[30, 131]",2,instruction,1.5,14
64,0.5696784073506891,base,3.418013023140467,21,qwen3b,22,"[30, 131, 217]",3,instruction,1.5,36
4,0.3238938053097345,base,1.3862943611198906,22,qwen3b,22,"[23, 25]",2,instruction,1.0,4
16,0.4761061946902655,base,2.5126585295298014,22,qwen3b,22,"[23, 191, 203]",3,instruction,1.0,13
64,0.5380530973451327,base,3.210691585196531,22,qwen3b,22,"[23, 178, 191]",3,instruction,1.0,31
4,0.2831858407079646,base,0.5623351446188083,22,qwen3b,22,"[177, 191]",2,concise,1.0,2
16,0.431858407079646,base,0.918045918065631,22,qwen3b,22,"[178, 191]",2,concise,1.0,4
64,0.5380530973451327,base,1.7884043379518162,22,qwen3b,22,"[23, 178, 191]",3,concise,1.0,18
4,0.431858407079646,base,0.5623351446188083,22,qwen3b,22,"[178, 191]",2,fewshot,1.0,2
16,0.431858407079646,base,1.0373923246209082,22,qwen3b,22,"[178, 191]",2,fewshot,1.0,5
64,0.431858407079646,base,1.1996369601681085,22,qwen3b,22,"[178, 191]",2,fewshot,1.0,10
4,0.10619469026548672,base,1.3862943611198906,22,qwen3b,22,[25],1,instruction,1.5,4
16,0.2920353982300885,base,2.599301927099795,22,qwen3b,22,"[11, 34, 243]",3,instruction,1.5,14
64,0.5380530973451327,base,3.4887581042918367,22,qwen3b,22,"[23, 178, 191]",3,instruction,1.5,39
4,0.37978560490045943,base,1.0397207708399179,23,qwen3b,22,"[210, 236]",2,instruction,1.0,3
16,0.37978560490045943,base,1.5366498974881577,23,qwen3b,22,"[210, 236]",2,instruction,1.0,8
64,0.37978560490045943,base,2.117727028661037,23,qwen3b,22,"[210, 236]",2,instruction,1.0,22
4,0.37978560490045943,base,1.0397207708399179,23,qwen3b,22,"[210, 236]",2,concise,1.0,3
16,0.37978560490045943,base,1.0373923246209082,23,qwen3b,22,"[210, 236]",2,concise,1.0,5
64,0.5880551301684533,base,1.3323494355051415,23,qwen3b,22,"[203, 210, 236]",3,concise,1.0,12
4,0.37978560490045943,base,1.0397207708399179,23,qwen3b,22,"[210, 236]",2,fewshot,1.0,3
16,0.37978560490045943,base,1.0373923246209082,23,qwen3b,22,"[210, 236]",2,fewshot,1.0,5
64,0.37978560490045943,base,1.4244463542587333,23,qwen3b,22,"[210, 236]",2,fewshot,1.0,15
4,0.2082695252679939,base,1.3862943611198906,23,qwen3b,22,[203],1,instruction,1.5,4
16,0.4012251148545176,base,2.36060911398924,23,qwen3b,22,"[203, 236]",2,instruction,1.5,12
64,0.5880551301684533,base,3.113989031118485,23,qwen3b,22,"[203, 210, 236]",3,instruction,1.5,34
4,0.0,base,1.3862943611198906,24,qwen3b,22,[],0,instruction,1.0,4
16,0.5922480620155038,base,2.4799555205445176,24,qwen3b,22,"[61, 169, 181]",3,instruction,1.0,13
64,0.5922480620155038,base,3.184879603294655,24,qwen3b,22,"[61, 169, 181]",3,instruction,1.0,31
4,0.17364341085271318,base,1.3862943611198906,24,qwen3b,22,[61],1,concise,1.0,4
16,0.5922480620155038,base,1.9927981441098426,24,qwen3b,22,"[61, 169, 181]",3,concise,1.0,9
64,0.5922480620155038,base,2.5698197600012707,24,qwen3b,22,"[61, 169, 181]",3,concise,1.0,23
4,0.27906976744186046,base,0.5623351446188083,24,qwen3b,22,"[61, 96]",2,fewshot,1.0,2
16,0.5922480620155038,base,1.2996509635498974,24,qwen3b,22,"[61, 169, 181]",3,fewshot,1.0,5
64,0.5922480620155038,base,1.8990100710808306,24,qwen3b,22,"[61, 169, 181]",3,fewshot,1.0,15
4,0.0,base,1.3862943611198906,24,qwen3b,22,[],0,instruction,1.5,4
16,0.5922480620155038,base,2.5665989181145106,24,qwen3b,22,"[61, 169, 181]",3,instruction,1.5,14
64,0.5922480620155038,base,3.473488185252975,24,qwen3b,22,"[61, 169, 181]",3,instruction,1.5,38
4,0.10273972602739725,base,1.3862943611198906,25,qwen3b,22,"[142, 239]",2,instruction,1.0,4
16,0.2465753424657534,base,2.1333819302645445,25,qwen3b,22,[176],1,instruction,1.0,10
64,0.5428082191780822,base,3.0759469589524007,25,qwen3b,22,"[34, 47, 176]",3,instruction,1.0,29
4,0.4486301369863014,base,1.0397207708399179,25,qwen3b,22,"[47, 176]",2,concise,1.0,3
16,0.4486301369863014,base,1.0373923246209082,25,qwen3b,22,"[47, 176]",2,concise,1.0,5
64,0.4486301369863014,base,1.7484099974358984,25,qwen3b,22,"[47, 176]",2,concise,1.0,14
4,0.4486301369863014,base,1.0397207708399179,25,qwen3b,22,"[47, 176]",2,fewshot,1.0,3
16,0.4486301369863014,base,1.9600951351245584,25,qwen3b,22,"[47, 176]",2,fewshot,1.0,8
64,0.4486301369863014,base,2.2104674331030725,25,qwen3b,22,"[47, 176]",2,fewshot,1.0,17
4,0.06164383561643835,base,1.3862943611198906,25,qwen3b,22,[239],1,instruction,1.5,4
16,0.2773972602739726,base,2.3933121229745242,25,qwen3b,22,"[176, 217]",2,instruction,1.5,12
64,0.5428082191780822,base,3.4545203217787543,25,qwen3b,22,"[34, 47, 176]",3,instruction,1.5,39
4,0.22096317280453256,base,1.3862943611198906,26,qwen3b,22,[240],1,instruction,1.0,4
16,0.4971671388101983,base,1.9273921261392741,26,qwen3b,22,"[10, 123, 240]",3,instruction,1.0,9
64,0.6005665722379604,base,3.0847956065259377,26,qwen3b,22,"[46, 123, 240]",3,instruction,1.0,30
4,0.42492917847025496,base,1.0397207708399179,26,qwen3b,22,"[46, 240]",2,concise,1.0,3
16,0.6005665722379604,base,1.559581156259877,26,qwen3b,22,"[46, 123, 240]",3,concise,1.0,7
64,0.6005665722379604,base,2.294022928195845,26,qwen3b,22,"[46, 123, 240]",3,concise,1.0,17
4,0.42492917847025496,base,0.5623351446188083,26,qwen3b,22,"[46, 240]",2,fewshot,1.0,2
16,0.6005665722379604,base,1.8946891171539901,26,qwen3b,22,"[46, 123, 240]",3,fewshot,1.0,9
64,0.6005665722379604,base,2.6263802544873514,26,qwen3b,22,"[46, 123, 240]",3,fewshot,1.0,23
4,0.22096317280453256,base,1.3862943611198906,26,qwen3b,22,[240],1,instruction,1.5,4
16,0.42776203966005666,base,2.36060911398924,26,qwen3b,22,"[123, 181, 240]",3,instruction,1.5,12
64,0.6005665722379604,base,3.4642308475528734,26,qwen3b,22,"[46, 123, 240]",3,instruction,1.5,39
4,0.42040185471406494,base,1.0397207708399179,27,qwen3b,22,"[198, 250]",2,instruction,1.0,3
16,0.5935085007727975,base,2.252728336819822,27,qwen3b,22,"[83, 198, 250]",3,instruction,1.0,11
64,0.5935085007727975,base,3.0503381167596575,27,qwen3b,22,"[83, 198, 250]",3,instruction,1.0,29
4,0.42040185471406494,base,0.5623351446188083,27,qwen3b,22,"[198, 250]",2,concise,1.0,2
16,0.5935085007727975,base,1.6674619334292948,27,qwen3b,22,"[83, 198, 250]",3,concise,1.0,7
64,0.5935085007727975,base,2.1966877896445562,27,qwen3b,22,"[83, 198, 250]",3,concise,1.0,17
4,0.42040185471406494,base,1.0397207708399179,27,qwen3b,22,"[198, 250]",2,fewshot,1.0,3
16,0.5935085007727975,base,1.5419764327628247,27,qwen3b,22,"[83, 198, 250]",3,fewshot,1.0,6
64,0.5935085007727975,base,1.9331155796903952,27,qwen3b,22,"[83, 198, 250]",3,fewshot,1.0,14
4,0.42040185471406494,base,1.0397207708399179,27,qwen3b,22,"[198, 250]",2,instruction,1.5,3
16,0.5935085007727975,base,2.36060911398924,27,qwen3b,22,"[83, 198, 250]",3,instruction,1.5,12
64,0.5935085007727975,base,3.2898624669591054,27,qwen3b,22,"[83, 198, 250]",3,instruction,1.5,33
4,0.21035058430717862,base,1.0397207708399179,28,qwen3b,22,[78],1,instruction,1.0,3
16,0.24373956594323873,base,2.220025327834538,28,qwen3b,22,"[78, 171]",2,instruction,1.0,11
64,0.46410684474123537,base,2.8383060130146824,28,qwen3b,22,"[42, 78, 171]",3,instruction,1.0,27
4,0.21035058430717862,base,0.5623351446188083,28,qwen3b,22,[78],1,concise,1.0,2
16,0.4307178631051753,base,1.1274832349932322,28,qwen3b,22,"[42, 78]",2,concise,1.0,5
64,0.46410684474123537,base,1.832659153985813,28,qwen3b,22,"[42, 78, 171]",3,concise,1.0,18
4,0.21035058430717862,base,-0.0,28,qwen3b,22,[78],1,fewshot,1.0,1
16,0.21035058430717862,base,0.46341355882643,28,qwen3b,22,[78],1,fewshot,1.0,3
64,0.4307178631051753,base,0.9129768107363043,28,qwen3b,22,"[42, 78]",2,fewshot,1.0,9
4,0.21035058430717862,base,1.3862943611198906,28,qwen3b,22,[78],1,instruction,1.5,4
16,0.35225375626043404,base,2.599301927099795,28,qwen3b,22,"[6, 78, 171]",3,instruction,1.5,14
64,0.5409015025041736,base,3.326089998951562,28,qwen3b,22,"[27, 42, 78]",3,instruction,1.5,35
4,0.347008547008547,base,1.3862943611198906,29,qwen3b,22,"[11, 35]",2,instruction,1.0,4
16,0.42735042735042733,base,2.599301927099795,29,qwen3b,22,"[11, 251]",2,instruction,1.0,14
64,0.5452991452991452,base,2.951291207497267,29,qwen3b,22,"[11, 155, 251]",3,instruction,1.0,25
4,0.20512820512820512,base,1.3862943611198906,29,qwen3b,22,[251],1,concise,1.0,4
16,0.26837606837606837,base,2.220025327834538,29,qwen3b,22,"[33, 251]",2,concise,1.0,11
64,0.4478632478632479,base,2.608492188589353,29,qwen3b,22,"[155, 251]",2,concise,1.0,22
4,0.0,base,1.3862943611198906,29,qwen3b,22,[],0,fewshot,1.0,4
16,0.42735042735042733,base,2.1333819302645445,29,qwen3b,22,"[11, 251]",2,fewshot,1.0,10
64,0.5452991452991452,base,2.5907604625839173,29,qwen3b,22,"[11, 155, 251]",3,fewshot,1.0,20
4,0.1623931623931624,base,1.0397207708399179,29,qwen3b,22,[35],1,instruction,1.5,3
16,0.3213675213675214,base,2.479955520544517,29,qwen3b,22,"[35, 107, 235]",3,instruction,1.5,13
64,0.5452991452991452,base,3.4251369082139522,29,qwen3b,22,"[11, 155, 251]",3,instruction,1.5,36
4,0.23307086614173228,base,1.3862943611198906,30,qwen3b,22,[10],1,instruction,1.0,4
16,0.3669291338582677,base,2.306668725404531,30,qwen3b,22,"[10, 101]",2,instruction,1.0,11
64,0.4818897637795276,base,3.139318106665399,30,qwen3b,22,"[9, 101, 226]",3,instruction,1.0,30
4,0.45984251968503936,base,1.3862943611198906,30,qwen3b,22,"[101, 226]",2,concise,1.0,4
16,0.45984251968503936,base,1.5419764327628247,30,qwen3b,22,"[101, 226]",2,concise,1.0,6
64,0.45984251968503936,base,2.366903249851389,30,qwen3b,22,"[101, 226]",2,concise,1.0,21
4,0.3669291338582677,base,1.3862943611198906,30,qwen3b,22,"[10, 101]",2,fewshot,1.0,4
16,0.45984251968503936,base,1.1240357221909014,30,qwen3b,22,"[101, 226]",2,fewshot,1.0,6
64,0.45984251968503936,base,1.3296272044424196,30,qwen3b,22,"[101, 226]",2,fewshot,1.0,11
4,0.3921259842519685,base,1.3862943611198906,30,qwen3b,22,"[10, 226]",2,instruction,1.5,4
16,0.4141732283464567,base,2.5126585295298014,30,qwen3b,22,"[9, 10, 226]",3,instruction,1.5,13
64,0.4818897637795276,base,3.2674983811277034,30,qwen3b,22,"[9, 101, 226]",3,instruction,1.5,33
4,0.21282798833819241,base,1.3862943611198906,31,qwen3b,22,[220],1,instruction,1.0,4
16,0.39067055393586003,base,2.1660849392498287,31,qwen3b,22,"[132, 220]",2,instruction,1.0,10
64,0.4970845481049563,base,2.8440982642695003,31,qwen3b,22,"[1, 132, 220]",3,instruction,1.0,27
4,0.42857142857142855,base,0.6931471805599453,31,qwen3b,22,"[145, 220]",2,concise,1.0,2
16,0.6064139941690962,base,1.2440166957928942,31,qwen3b,22,"[132, 145, 220]",3,concise,1.0,5
64,0.6064139941690962,base,1.945519091382792,31,qwen3b,22,"[132, 145, 220]",3,concise,1.0,16
4,0.39067055393586003,base,0.6931471805599453,31,qwen3b,22,"[132, 220]",2,fewshot,1.0,2
16,0.6064139941690962,base,1.7666900269684684,31,qwen3b,22,"[132, 145, 220]",3,fewshot,1.0,8
64,0.6064139941690962,base,2.132156641663521,31,qwen3b,22,"[132, 145, 220]",3,fewshot,1.0,15
4,0.21282798833819241,base,1.3862943611198906,31,qwen3b,22,[220],1,instruction,1.5,4
16,0.21282798833819241,base,2.009709181894145,31,qwen3b,22,[220],1,instruction,1.5,9
64,0.39067055393586003,base,3.179614756342251,31,qwen3b,22,"[132, 220]",2,instruction,1.5,33
4,0.31313131313131315,base,1.0397207708399179,16,qwen3b,33,"[214, 215]",2,instruction,1.0,3
16,0.4713804713804714,base,1.9273921261392741,16,qwen3b,33,"[214, 222]",2,instruction,1.0,9
64,0.5454545454545454,base,2.6847966630054634,16,qwen3b,33,"[29, 214, 222]",3,instruction,1.0,24
4,0.265993265993266,base,1.3862943611198906,16,qwen3b,33,[214],1,concise,1.0,4
16,0.4713804713804714,base,1.7497789891841657,16,qwen3b,33,"[214, 222]",2,concise,1.0,7
64,0.4713804713804714,base,1.9501890105410666,16,qwen3b,33,"[214, 222]",2,concise,1.0,16
4,0.367003367003367,base,1.3862943611198906,16,qwen3b,33,"[6, 214]",2,fewshot,1.0,4
16,0.4713804713804714,base,1.9927981441098426,16,qwen3b,33,"[214, 222]",2,fewshot,1.0,9
64,0.4713804713804714,base,2.3107527817033637,16,qwen3b,33,"[214, 222]",2,fewshot,1.0,16
4,0.265993265993266,base,1.3862943611198906,16,qwen3b,33,[214],1,instruction,1.5,4
16,0.5454545454545454,base,2.4260151319598084,16,qwen3b,33,"[29, 214, 222]",3,instruction,1.5,12
64,0.5454545454545454,base,3.233684068407695,16,qwen3b,33,"[29, 214, 222]",3,instruction,1.5,34
4,0.24233128834355827,base,1.3862943611198906,17,qwen3b,33,[249],1,instruction,1.0,4
16,0.3987730061349693,base,2.3933121229745242,17,qwen3b,33,"[11, 143, 249]",3,instruction,1.0,12
64,0.5828220858895705,base,2.849551312316599,17,qwen3b,33,"[143, 235, 249]",3,instruction,1.0,24
4,0.401840490797546,base,1.3862943611198906,17,qwen3b,33,"[235, 249]",2,concise,1.0,4
16,0.5828220858895705,base,1.9273921261392741,17,qwen3b,33,"[143, 235, 249]",3,concise,1.0,8
64,0.5828220858895705,base,2.037935293580416,17,qwen3b,33,"[143, 235, 249]",3,concise,1.0,15
4,0.4171779141104294,base,1.3862943611198906,17,qwen3b,33,"[143, 155, 249]",3,fewshot,1.0,4
16,0.4171779141104294,base,2.0140355237092673,17,qwen3b,33,"[143, 155, 249]",3,fewshot,1.0,10
64,0.5828220858895705,base,2.6004264904105843,17,qwen3b,33,"[143, 235, 249]",3,fewshot,1.0,22
4,0.0,base,1.3862943611198906,17,qwen3b,33,[],0,instruction,1.5,4
16,0.39723926380368096,base,2.685945324669788,17,qwen3b,33,"[17, 143, 249]",3,instruction,1.5,15
64,0.5828220858895705,base,3.393938954475521,17,qwen3b,33,"[143, 235, 249]",3,instruction,1.5,36
4,0.21021021021021022,base,0.5623351446188083,18,qwen3b,33,[84],1,instruction,1.0,2
16,0.3813813813813814,base,1.8576597663535837,18,qwen3b,33,"[84, 186]",2,instruction,1.0,8
64,0.4894894894894895,base,2.490680555561874,18,qwen3b,33,"[5, 84, 186]",3,instruction,1.0,22
4,0.21021021021021022,base,0.6931471805599453,18,qwen3b,33,[84],1,concise,1.0,2
16,0.4294294294294294,base,1.2511559833636317,18,qwen3b,33,"[69, 84]",2,concise,1.0,4
64,0.6006006006006006,base,1.7245861856370026,18,qwen3b,33,"[69, 84, 186]",3,concise,1.0,11
4,0.21021021021021022,base,0.5623351446188083,18,qwen3b,33,[84],1,fewshot,1.0,2
16,0.6006006006006006,base,1.8734517375545652,18,qwen3b,33,"[69, 84, 186]",3,fewshot,1.0,8
64,0.6006006006006006,base,2.275664592688204,18,qwen3b,33,"[69, 84, 186]",3,fewshot,1.0,16
4,0.21021021021021022,base,1.0397207708399179,18,qwen3b,33,[84],1,instruction,1.5,3
16,0.3813813813813814,base,2.3933121229745242,18,qwen3b,33,"[84, 186]",2,instruction,1.5,12
64,0.4894894894894895,base,3.5239040508305113,18,qwen3b,33,"[5, 84, 186]",3,instruction,1.5,41
4,0.22259136212624583,base,1.3862943611198906,19,qwen3b,33,[35],1,instruction,1.0,4
16,0.32059800664451826,base,1.749778989184166,19,qwen3b,33,"[35, 215]",2,instruction,1.0,7
64,0.553156146179402,base,2.3645048102454505,19,qwen3b,33,"[35, 194, 215]",3,instruction,1.0,19
4,0.0,base,0.5623351446188083,19,qwen3b,33,[],0,concise,1.0,2
16,0.2026578073089701,base,1.4500064999181648,19,qwen3b,33,[215],1,concise,1.0,7
64,0.553156146179402,base,1.789692494025915,19,qwen3b,33,"[35, 194, 215]",3,concise,1.0,13
4,0.17275747508305647,base,1.3862943611198906,19,qwen3b,33,[250],1,fewshot,1.0,4
16,0.31893687707641194,base,1.977006172908861,19,qwen3b,33,"[194, 250]",2,fewshot,1.0,9
64,0.4950166112956811,base,2.4094268386783444,19,qwen3b,33,"[35, 194, 250]",3,fewshot,1.0,17
4,0.0,base,1.3862943611198906,19,qwen3b,33,[],0,instruction,1.5,4
16,0.22259136212624583,base,2.2739657164192466,19,qwen3b,33,[35],1,instruction,1.5,11
64,0.553156146179402,base,3.053174182994434,19,qwen3b,33,"[35, 194, 215]",3,instruction,1.5,30
4,0.13453815261044177,base,1.3862943611198906,20,qwen3b,33,[32],1,instruction,1.0,4
16,0.357429718875502,base,2.3393717343898155,20,qwen3b,33,"[1, 6, 32]",3,instruction,1.0,12
64,0.4879518072289157,base,2.934833357786982,20,qwen3b,33,"[1, 6, 140]",3,instruction,1.0,29
4,0.0,base,0.5623351446188083,20,qwen3b,33,[],0,concise,1.0,2
16,0.07630522088353414,base,1.7214023220140038,20,qwen3b,33,[42],1,concise,1.0,7
64,0.3413654618473896,base,2.415732145019069,20,qwen3b,33,"[42, 140]",2,concise,1.0,18
4,0.0,base,0.5623351446188083,20,qwen3b,33,[],0,fewshot,1.0,2
16,0.1606425702811245,base,1.9770061729088613,20,qwen3b,33,"[42, 74, 228]",3,fewshot,1.0,9
64,0.3413654618473896,base,2.385244503823404,20,qwen3b,33,"[42, 140]",2,fewshot,1.0,17
4,0.13453815261044177,base,1.3862943611198906,20,qwen3b,33,[32],1,instruction,1.5,4
16,0.26907630522088355,base,2.599301927099795,20,qwen3b,33,"[1, 32]",2,instruction,1.5,14
64,0.39959839357429716,base,3.451827335860477,20,qwen3b,33,"[1, 140]",2,instruction,1.5,38
4,0.26952526799387444,base,1.3862943611198906,21,qwen3b,33,"[51, 217]",2,instruction,1.0,4
16,0.26952526799387444,base,2.339371734389815,21,qwen3b,33,"[51, 217]",2,instruction,1.0,12
64,0.5696784073506891,base,3.089432056098578,21,qwen3b,33,"[30, 131, 217]",3,instruction,1.0,30
4,0.26952526799387444,base,0.5623351446188083,21,qwen3b,33,"[51, 217]",2,concise,1.0,2
16,0.3093415007656968,base,1.5366498974881577,21,qwen3b,33,"[51, 217, 221]",3,concise,1.0,8
64,0.5696784073506891,base,2.046738532694552,21,qwen3b,33,"[30, 131, 217]",3,concise,1.0,19
4,0.26952526799387444,base,0.6931471805599453,21,qwen3b,33,"[51, 217]",2,fewshot,1.0,2
16,0.26952526799387444,base,1.559581156259877,21,qwen3b,33,"[51, 217]",2,fewshot,1.0,7
64,0.5696784073506891,base,1.9062274553920795,21,qwen3b,33,"[30, 131, 217]",3,fewshot,1.0,16
4,0.045941807044410414,base,1.3862943611198906,21,qwen3b,33,[51],1,instruction,1.5,4
16,0.34915773353751917,base,2.685945324669788,21,qwen3b,33,"[30, 51, 217]",3,instruction,1.5,15
64,0.5696784073506891,base,3.4319513083606625,21,qwen3b,33,"[30, 131, 217]",3,instruction,1.5,39
4,0.36106194690265486,base,1.3862943611198906,22,qwen3b,33,"[177, 191, 203]",3,instruction,1.0,4
16,0.36106194690265486,base,2.479955520544517,22,qwen3b,33,"[177, 191, 203]",3,instruction,1.0,13
64,0.4761061946902655,base,3.0273456335484927,22,qwen3b,33,"[23, 191, 203]",3,instruction,1.0,31
4,0.2831858407079646,base,0.5623351446188083,22,qwen3b,33,"[177, 191]",2,concise,1.0,2
16,0.36106194690265486,base,1.64622455382987,22,qwen3b,33,"[177, 191, 203]",3,concise,1.0,8
64,0.431858407079646,base,1.808524565055785,22,qwen3b,33,"[178, 191]",2,concise,1.0,19
4,0.215929203539823,base,-0.0,22,qwen3b,33,[191],1,fewshot,1.0,1
16,0.431858407079646,base,0.918045918065631,22,qwen3b,33,"[178, 191]",2,fewshot,1.0,4
64,0.431858407079646,base,1.0782475372385218,22,qwen3b,33,"[178, 191]",2,fewshot,1.0,11
4,0.1486725663716814,base,1.3862943611198906,22,qwen3b,33,[239],1,instruction,1.5,4
16,0.2831858407079646,base,2.685945324669788,22,qwen3b,33,"[177, 191]",2,instruction,1.5,15
64,0.36106194690265486,base,3.627980538346928,22,qwen3b,33,"[177, 191, 203]",3,instruction,1.5,44
4,0.19295558958652373,base,1.3862943611198906,23,qwen3b,33,[236],1,instruction,1.0,4
16,0.19295558958652373,base,1.9212530320280816,23,qwen3b,33,[236],1,instruction,1.0,10
64,0.37978560490045943,base,2.5280814804932237,23,qwen3b,33,"[210, 236]",2,instruction,1.0,27
4,0.37978560490045943,base,1.3862943611198906,23,qwen3b,33,"[210, 236]",2,concise,1.0,4
16,0.37978560490045943,base,1.2468296415485096,23,qwen3b,33,"[210, 236]",2,concise,1.0,6
64,0.37978560490045943,base,1.5427029158911971,23,qwen3b,33,"[210, 236]",2,concise,1.0,13
4,0.37978560490045943,base,1.3862943611198906,23,qwen3b,33,"[210, 236]",2,fewshot,1.0,4
16,0.37978560490045943,base,1.64622455382987,23,qwen3b,33,"[210, 236]",2,fewshot,1.0,8
64,0.37978560490045943,base,1.8847736637931816,23,qwen3b,33,"[210, 236]",2,fewshot,1.0,17
4,0.19295558958652373,base,1.3862943611198906,23,qwen3b,33,[236],1,instruction,1.5,4
16,0.19295558958652373,base,2.479955520544517,23,qwen3b,33,[236],1,instruction,1.5,13
64,0.37978560490045943,base,3.2532918009601848,23,qwen3b,33,"[210, 236]",2,instruction,1.5,36
4,0.3627906976744186,base,1.3862943611198906,24,qwen3b,33,"[61, 169]",2,instruction,1.0,4
16,0.5922480620155038,base,2.252728336819822,24,qwen3b,33,"[61, 169, 181]",3,instruction,1.0,11
64,0.5922480620155038,base,2.991919920363986,24,qwen3b,33,"[61, 169, 181]",3,instruction,1.0,25
4,0.3627906976744186,base,1.0397207708399179,24,qwen3b,33,"[61, 169]",2,concise,1.0,3
16,0.5922480620155038,base,1.8346096344580884,24,qwen3b,33,"[61, 169, 181]",3,concise,1.0,9
64,0.5922480620155038,base,2.6572966537023928,24,qwen3b,33,"[61, 169, 181]",3,concise,1.0,23
4,0.3627906976744186,base,1.0397207708399179,24,qwen3b,33,"[61, 169]",2,fewshot,1.0,3
16,0.5922480620155038,base,1.244016695792894,24,qwen3b,33,"[61, 169, 181]",3,fewshot,1.0,5
64,0.5922480620155038,base,1.9560034391770698,24,qwen3b,33,"[61, 169, 181]",3,fewshot,1.0,13
4,0.3627906976744186,base,1.3862943611198906,24,qwen3b,33,"[61, 169]",2,instruction,1.5,4
16,0.5922480620155038,base,2.5126585295298014,24,qwen3b,33,"[61, 169, 181]",3,instruction,1.5,13
64,0.5922480620155038,base,3.324728646851951,24,qwen3b,33,"[61, 169, 181]",3,instruction,1.5,32
4,0.14897260273972604,base,1.3862943611198906,25,qwen3b,33,"[11, 131]",2,instruction,1.0,4
16,0.4400684931506849,base,2.5126585295298014,25,qwen3b,33,"[11, 34, 176]",3,instruction,1.0,13
64,0.5428082191780822,base,3.249233754092387,25,qwen3b,33,"[34, 47, 176]",3,instruction,1.0,33
4,0.2465753424657534,base,1.0397207708399179,25,qwen3b,33,[176],1,concise,1.0,3
16,0.4486301369863014,base,1.5092734237775407,25,qwen3b,33,"[47, 176]",2,concise,1.0,6
64,0.4486301369863014,base,2.001519815028129,25,qwen3b,33,"[47, 176]",2,concise,1.0,18
4,0.4486301369863014,base,1.3862943611198906,25,qwen3b,33,"[47, 176]",2,fewshot,1.0,4
16,0.4486301369863014,base,1.977006172908861,25,qwen3b,33,"[47, 176]",2,fewshot,1.0,9
64,0.5428082191780822,base,2.4084077432195903,25,qwen3b,33,"[34, 47, 176]",3,fewshot,1.0,23
4,0.125,base,1.3862943611198906,25,qwen3b,33,"[11, 15]",2,instruction,1.5,4
16,0.3150684931506849,base,2.6859453246697877,25,qwen3b,33,"[11, 32, 34]",3,instruction,1.5,15
64,0.5428082191780822,base,3.4876765188380556,25,qwen3b,33,"[34, 47, 176]",3,instruction,1.5,39
4,0.22096317280453256,base,1.3862943611198906,26,qwen3b,33,[240],1,instruction,1.0,4
16,0.22096317280453256,base,1.6286198303328179,26,qwen3b,33,[240],1,instruction,1.0,7
64,0.6005665722379604,base,2.5625682876585425,26,qwen3b,33,"[46, 123, 240]",3,instruction,1.0,23
4,0.2521246458923513,base,1.0397207708399179,26,qwen3b,33,"[181, 240]",2,concise,1.0,3
16,0.42776203966005666,base,1.0373923246209082,26,qwen3b,33,"[123, 181, 240]",3,concise,1.0,5
64,0.6005665722379604,base,1.8695037447543197,26,qwen3b,33,"[46, 123, 240]",3,concise,1.0,15
4,0.42492917847025496,base,1.3862943611198906,26,qwen3b,33,"[46, 240]",2,fewshot,1.0,4
16,0.42492917847025496,base,1.4226300262075473,26,qwen3b,33,"[46, 240]",2,fewshot,1.0,5
64,0.6005665722379604,base,1.9415303519397837,26,qwen3b,33,"[46, 123, 240]",3,fewshot,1.0,14
4,0.22096317280453256,base,1.3862943611198906,26,qwen3b,33,[240],1,instruction,1.5,4
16,0.22096317280453256,base,1.9273921261392741,26,qwen3b,33,[240],1,instruction,1.5,9
64,0.6005665722379604,base,3.1064119579709826,26,qwen3b,33,"[46, 123, 240]",3,instruction,1.5,33
4,0.1947449768160742,base,0.5623351446188083,27,qwen3b,33,[198],1,instruction,1.0,2
16,0.5935085007727975,base,2.0467385326945515,27,qwen3b,33,"[83, 198, 250]",3,instruction,1.0,9
64,0.5935085007727975,base,2.67656085136651,27,qwen3b,33,"[83, 198, 250]",3,instruction,1.0,25
4,0.1947449768160742,base,0.5623351446188083,27,qwen3b,33,[198],1,concise,1.0,2
16,0.42040185471406494,base,1.5110861760736112,27,qwen3b,33,"[198, 250]",2,concise,1.0,6
64,0.5935085007727975,base,1.8573877625563497,27,qwen3b,33,"[83, 198, 250]",3,concise,1.0,14
4,0.1947449768160742,base,0.5623351446188083,27,qwen3b,33,[198],1,fewshot,1.0,2
16,0.5935085007727975,base,1.4402347497045995,27,qwen3b,33,"[83, 198, 250]",3,fewshot,1.0,6
64,0.5935085007727975,base,1.9073444650888305,27,qwen3b,33,"[83, 198, 250]",3,fewshot,1.0,15
4,0.1947449768160742,base,1.0397207708399179,27,qwen3b,33,[198],1,instruction,1.5,3
16,0.5935085007727975,base,2.5126585295298014,27,qwen3b,33,"[83, 198, 250]",3,instruction,1.5,13
64,0.5935085007727975,base,3.3459660264513764,27,qwen3b,33,"[83, 198, 250]",3,instruction,1.5,37
4,0.0333889816360601,base,1.3862943611198906,28,qwen3b,33,[171],1,instruction,1.0,4
16,0.24373956594323873,base,2.4799555205445176,28,qwen3b,33,"[78, 171]",2,instruction,1.0,13
64,0.46410684474123537,base,2.7698583783919033,28,qwen3b,33,"[42, 78, 171]",3,instruction,1.0,25
4,0.21035058430717862,base,0.5623351446188083,28,qwen3b,33,[78],1,concise,1.0,2
16,0.4307178631051753,base,1.0373923246209082,28,qwen3b,33,"[42, 78]",2,concise,1.0,5
64,0.4307178631051753,base,1.2323399691533927,28,qwen3b,33,"[42, 78]",2,concise,1.0,11
4,0.21035058430717862,base,0.5623351446188083,28,qwen3b,33,[78],1,fewshot,1.0,2
16,0.4307178631051753,base,0.908908734898781,28,qwen3b,33,"[42, 78]",2,fewshot,1.0,5
64,0.4307178631051753,base,0.9983424452200522,28,qwen3b,33,"[42, 78]",2,fewshot,1.0,8
4,0.0333889816360601,base,1.3862943611198906,28,qwen3b,33,[171],1,instruction,1.5,4
16,0.3572621035058431,base,2.5126585295298014,28,qwen3b,33,"[7, 42, 171]",3,instruction,1.5,13
64,0.46410684474123537,base,3.171394506148477,28,qwen3b,33,"[42, 78, 171]",3,instruction,1.5,32
4,0.10256410256410256,base,1.0397207708399179,29,qwen3b,33,[107],1,instruction,1.0,3
16,0.42735042735042733,base,2.1829959770341314,29,qwen3b,33,"[11, 251]",2,instruction,1.0,11
64,0.5452991452991452,base,2.8727918848504164,29,qwen3b,33,"[11, 155, 251]",3,instruction,1.0,30
4,0.20512820512820512,base,1.3862943611198906,29,qwen3b,33,[251],1,concise,1.0,4
16,0.4478632478632479,base,2.1660849392498287,29,qwen3b,33,"[155, 251]",2,concise,1.0,10
64,0.4478632478632479,base,2.5900760955581954,29,qwen3b,33,"[155, 251]",2,concise,1.0,24
4,0.10256410256410256,base,1.0397207708399179,29,qwen3b,33,[107],1,fewshot,1.0,3
16,0.20512820512820512,base,2.0140355237092673,29,qwen3b,33,[251],1,fewshot,1.0,8
64,0.5452991452991452,base,2.4920121893805396,29,qwen3b,33,"[11, 155, 251]",3,fewshot,1.0,17
4,0.20512820512820512,base,1.3862943611198906,29,qwen3b,33,[251],1,instruction,1.5,4
16,0.42735042735042733,base,2.772588722239781,29,qwen3b,33,"[11, 251]",2,instruction,1.5,16
64,0.5452991452991452,base,3.4816639374992953,29,qwen3b,33,"[11, 155, 251]",3,instruction,1.5,40
4,0.3464566929133858,base,1.3862943611198906,30,qwen3b,33,"[9, 226]",2,instruction,1.0,4
16,0.4818897637795276,base,2.306668725404531,30,qwen3b,33,"[9, 101, 226]",3,instruction,1.0,11
64,0.49133858267716535,base,3.0886991013787304,30,qwen3b,33,"[101, 153, 226]",3,instruction,1.0,30
4,0.3653543307086614,base,1.3862943611198906,30,qwen3b,33,"[226, 235]",2,concise,1.0,4
16,0.45984251968503936,base,1.8903627753388679,30,qwen3b,33,"[101, 226]",2,concise,1.0,8
64,0.49133858267716535,base,2.526717768469472,30,qwen3b,33,"[101, 153, 226]",3,concise,1.0,22
4,0.3921259842519685,base,1.3862943611198906,30,qwen3b,33,"[10, 226]",2,fewshot,1.0,4
16,0.45984251968503936,base,1.3334730391185028,30,qwen3b,33,"[101, 226]",2,fewshot,1.0,7
64,0.45984251968503936,base,2.07897899246401,30,qwen3b,33,"[101, 226]",2,fewshot,1.0,17
4,0.18425196850393702,base,1.0397207708399179,30,qwen3b,33,"[9, 31]",2,instruction,1.5,3
16,0.4818897637795276,base,2.5126585295298014,30,qwen3b,33,"[9, 101, 226]",3,instruction,1.5,13
64,0.4818897637795276,base,3.396805361821987,30,qwen3b,33,"[9, 101, 226]",3,instruction,1.5,38
4,0.4970845481049563,base,1.3862943611198906,31,qwen3b,33,"[1, 132, 220]",3,instruction,1.0,4
16,0.4970845481049563,base,2.182995977034132,31,qwen3b,33,"[1, 132, 220]",3,instruction,1.0,11
64,0.4970845481049563,base,2.9803948544162386,31,qwen3b,33,"[1, 132, 220]",3,instruction,1.0,26
4,0.39067055393586003,base,0.6931471805599453,31,qwen3b,33,"[132, 220]",2,concise,1.0,2
16,0.39067055393586003,base,1.541976432762825,31,qwen3b,33,"[132, 220]",2,concise,1.0,6
64,0.6064139941690962,base,2.37175761879967,31,qwen3b,33,"[132, 145, 220]",3,concise,1.0,20
4,0.39067055393586003,base,0.5623351446188083,31,qwen3b,33,"[132, 220]",2,fewshot,1.0,2
16,0.6064139941690962,base,1.9273921261392741,31,qwen3b,33,"[132, 145, 220]",3,fewshot,1.0,8
64,0.6064139941690962,base,2.150671317063724,31,qwen3b,33,"[132, 145, 220]",3,fewshot,1.0,16
4,0.32215743440233235,base,1.3862943611198906,31,qwen3b,33,"[1, 220]",2,instruction,1.5,4
16,0.32215743440233235,base,2.3393717343898155,31,qwen3b,33,"[1, 220]",2,instruction,1.5,12
64,0.4970845481049563,base,3.3506172556905254,31,qwen3b,33,"[1, 132, 220]",3,instruction,1.5,35
4,0.0,flat,-0.0,16,qwen3b,11,[],0,instruction,1.0,1
16,0.0,flat,0.7029189307735104,16,qwen3b,11,[],0,instruction,1.0,3
64,0.0,flat,0.8626144067496165,16,qwen3b,11,[],0,instruction,1.0,4
4,0.0,flat,-0.0,16,qwen3b,11,[],0,concise,1.0,1
16,0.0,flat,-0.0,16,qwen3b,11,[],0,concise,1.0,1
64,0.0,flat,0.21904558217698628,16,qwen3b,11,[],0,concise,1.0,3
4,0.0,flat,0.6931471805599453,16,qwen3b,11,[],0,fewshot,1.0,2
16,0.0,flat,0.8305236914828464,16,qwen3b,11,[],0,fewshot,1.0,3
64,0.0,flat,1.2476994470789526,16,qwen3b,11,[],0,fewshot,1.0,9
4,0.0,flat,1.0397207708399179,16,qwen3b,11,[],0,instruction,1.5,3
16,0.10101010101010101,flat,1.3917397695183338,16,qwen3b,11,[6],1,instruction,1.5,5
64,0.10101010101010101,flat,1.5562912791203383,16,qwen3b,11,[6],1,instruction,1.5,10
4,0.019938650306748466,flat,0.5623351446188083,17,qwen3b,11,[8],1,instruction,1.0,2
16,0.09815950920245399,flat,1.0609581504393426,17,qwen3b,11,[17],1,instruction,1.0,4
64,0.09815950920245399,flat,0.9956281008267418,17,qwen3b,11,[17],1,instruction,1.0,4
4,0.19631901840490798,flat,0.5623351446188083,17,qwen3b,11,[143],1,concise,1.0,2
16,0.19631901840490798,flat,1.0433534269422906,17,qwen3b,11,[143],1,concise,1.0,3
64,0.19631901840490798,flat,1.2713659922292655,17,qwen3b,11,[143],1,concise,1.0,6
4,0.19631901840490798,flat,0.5623351446188083,17,qwen3b,11,[143],1,fewshot,1.0,2
16,0.19631901840490798,flat,1.2440166957928942,17,qwen3b,11,[143],1,fewshot,1.0,5
64,0.19631901840490798,flat,1.6124305982489966,17,qwen3b,11,[143],1,fewshot,1.0,9
4,0.019938650306748466,flat,0.6931471805599453,17,qwen3b,11,[8],1,instruction,1.5,2
16,0.09815950920245399,flat,1.249343231067561,17,qwen3b,11,[17],1,instruction,1.5,5
64,0.09815950920245399,flat,1.6562785453115583,17,qwen3b,11,[17],1,instruction,1.5,9
4,0.0,flat,0.5623351446188083,18,qwen3b,11,[],0,instruction,1.0,2
16,0.1036036036036036,flat,0.9868994488385301,18,qwen3b,11,[8],1,instruction,1.0,4
64,0.1036036036036036,flat,0.9753422997398113,18,qwen3b,11,[8],1,instruction,1.0,4
4,0.0,flat,1.0397207708399179,18,qwen3b,11,[],0,concise,1.0,3
16,0.0,flat,0.9470571522825083,18,qwen3b,11,[],0,concise,1.0,3
64,0.21021021021021022,flat,0.7935553514327135,18,qwen3b,11,[84],1,concise,1.0,4
4,0.0,flat,1.0397207708399179,18,qwen3b,11,[],0,fewshot,1.0,3
16,0.10510510510510511,flat,1.2511559833636317,18,qwen3b,11,[12],1,fewshot,1.0,4
64,0.1036036036036036,flat,1.2915570192158927,18,qwen3b,11,[8],1,fewshot,1.0,5
4,0.0,flat,0.5623351446188083,18,qwen3b,11,[],0,instruction,1.5,2
16,0.1036036036036036,flat,1.4614721293040243,18,qwen3b,11,[8],1,instruction,1.5,5
64,0.21021021021021022,flat,1.452957297049925,18,qwen3b,11,[84],1,instruction,1.5,7
4,0.11461794019933555,flat,1.0397207708399179,19,qwen3b,11,[14],1,instruction,1.0,3
16,0.11461794019933555,flat,0.9470571522825083,19,qwen3b,11,[14],1,instruction,1.0,3
64,0.11461794019933555,flat,0.9356170213464926,19,qwen3b,11,[14],1,instruction,1.0,4
4,0.11461794019933555,flat,1.3862943611198906,19,qwen3b,11,[14],1,concise,1.0,4
16,0.11461794019933555,flat,1.1432752061942137,19,qwen3b,11,[14],1,concise,1.0,4
64,0.14119601328903655,flat,1.061290352949569,19,qwen3b,11,"[14, 125]",2,concise,1.0,4
4,0.11461794019933555,flat,1.0397207708399179,19,qwen3b,11,[14],1,fewshot,1.0,3
16,0.11461794019933555,flat,1.0433534269422906,19,qwen3b,11,[14],1,fewshot,1.0,3
64,0.11461794019933555,flat,1.0433534269422906,19,qwen3b,11,[14],1,fewshot,1.0,3
4,0.11461794019933555,flat,1.3862943611198906,19,qwen3b,11,[14],1,instruction,1.5,4
16,0.11461794019933555,flat,1.1432752061942137,19,qwen3b,11,[14],1,instruction,1.5,4
64,0.11461794019933555,flat,1.3547504750370343,19,qwen3b,11,[14],1,instruction,1.5,8
4,0.0,flat,0.6931471805599453,20,qwen3b,11,[],0,instruction,1.0,2
16,0.0,flat,0.6853142072764582,20,qwen3b,11,[],0,instruction,1.0,2
64,0.0,flat,0.6615632381579821,20,qwen3b,11,[],0,instruction,1.0,2
4,0.26506024096385544,flat,1.0397207708399179,20,qwen3b,11,[140],1,concise,1.0,3
16,0.26506024096385544,flat,1.040839837423239,20,qwen3b,11,[140],1,concise,1.0,4
64,0.26506024096385544,flat,0.9655571568553889,20,qwen3b,11,[140],1,concise,1.0,4
4,0.142570281124498,flat,1.0397207708399179,20,qwen3b,11,[17],1,fewshot,1.0,3
16,0.26506024096385544,flat,1.6304325826288886,20,qwen3b,11,[140],1,fewshot,1.0,6
64,0.26506024096385544,flat,1.4264379465076913,20,qwen3b,11,[140],1,fewshot,1.0,6
4,0.0,flat,1.0397207708399179,20,qwen3b,11,[],0,instruction,1.5,3
16,0.0,flat,0.9743147528693494,20,qwen3b,11,[],0,instruction,1.5,3
64,0.28112449799196787,flat,1.3716918865190526,20,qwen3b,11,"[6, 17]",2,instruction,1.5,10
4,0.12098009188361408,flat,1.0397207708399179,21,qwen3b,11,[15],1,instruction,1.0,3
16,0.12098009188361408,flat,1.0717300941124526,21,qwen3b,11,[15],1,instruction,1.0,3
64,0.12098009188361408,flat,1.2549917791751353,21,qwen3b,11,[15],1,instruction,1.0,6
4,0.2450229709035222,flat,0.5623351446188083,21,qwen3b,11,[131],1,concise,1.0,2
16,0.2450229709035222,flat,0.46341355882643,21,qwen3b,11,[131],1,concise,1.0,3
64,0.2450229709035222,flat,0.5676829409991048,21,qwen3b,11,[131],1,concise,1.0,5
4,0.2450229709035222,flat,1.0397207708399179,21,qwen3b,11,[131],1,fewshot,1.0,3
16,0.2450229709035222,flat,1.0717300941124526,21,qwen3b,11,[131],1,fewshot,1.0,3
64,0.2450229709035222,flat,1.1047308943771676,21,qwen3b,11,[131],1,fewshot,1.0,4
4,0.0,flat,0.6931471805599453,21,qwen3b,11,[],0,instruction,1.5,2
16,0.12098009188361408,flat,1.3686896376228386,21,qwen3b,11,[15],1,instruction,1.5,5
64,0.12098009188361408,flat,1.4923982079784979,21,qwen3b,11,[15],1,instruction,1.5,8
4,0.0,flat,1.0397207708399179,22,qwen3b,11,[],0,instruction,1.0,3
16,0.0,flat,1.2511559833636317,22,qwen3b,11,[],0,instruction,1.0,4
64,0.0,flat,1.1406084382081343,22,qwen3b,11,[],0,instruction,1.0,4
4,0.0,flat,-0.0,22,qwen3b,11,[],0,concise,1.0,1
16,0.0,flat,0.6019239717322895,22,qwen3b,11,[],0,concise,1.0,3
64,0.0,flat,0.3924632074819862,22,qwen3b,11,[],0,concise,1.0,4
4,0.0,flat,0.6931471805599453,22,qwen3b,11,[],0,fewshot,1.0,2
16,0.0,flat,1.3421257227487469,22,qwen3b,11,[],0,fewshot,1.0,5
64,0.0,flat,1.4581524981355547,22,qwen3b,11,[],0,fewshot,1.0,8
4,0.0,flat,0.6931471805599453,22,qwen3b,11,[],0,instruction,1.5,2
16,0.0,flat,1.4614721293040243,22,qwen3b,11,[],0,instruction,1.5,5
64,0.0,flat,1.5001669292425344,22,qwen3b,11,[],0,instruction,1.5,6
4,0.0,flat,0.6931471805599453,23,qwen3b,11,[],0,instruction,1.0,2
16,0.0,flat,0.8305236914828464,23,qwen3b,11,[],0,instruction,1.0,3
64,0.0,flat,0.7576964336880225,23,qwen3b,11,[],0,instruction,1.0,4
4,0.0,flat,-0.0,23,qwen3b,11,[],0,concise,1.0,1
16,0.0,flat,0.8647400965276372,23,qwen3b,11,[],0,concise,1.0,3
64,0.0,flat,1.0372861383511922,23,qwen3b,11,[],0,concise,1.0,6
4,0.0,flat,0.5623351446188083,23,qwen3b,11,[],0,fewshot,1.0,2
16,0.0,flat,1.1626998334975678,23,qwen3b,11,[],0,fewshot,1.0,4
64,0.0,flat,0.9856938426642382,23,qwen3b,11,[],0,fewshot,1.0,5
4,0.0,flat,0.6931471805599453,23,qwen3b,11,[],0,instruction,1.5,2
16,0.0,flat,1.103432909638192,23,qwen3b,11,[],0,instruction,1.5,4
64,0.0,flat,1.2125535005402772,23,qwen3b,11,[],0,instruction,1.5,7
4,0.0,flat,0.5623351446188083,24,qwen3b,11,[],0,instruction,1.0,2
16,0.0,flat,0.5623351446188083,24,qwen3b,11,[],0,instruction,1.0,2
64,0.0,flat,0.6922390496806912,24,qwen3b,11,[],0,instruction,1.0,3
4,0.0,flat,1.0397207708399179,24,qwen3b,11,[],0,concise,1.0,3
16,0.0,flat,0.8222653373287878,24,qwen3b,11,[],0,concise,1.0,4
64,0.0,flat,0.7290226607408143,24,qwen3b,11,[130],1,concise,1.0,6
4,0.0,flat,-0.0,24,qwen3b,11,[130],1,fewshot,1.0,1
16,0.0,flat,1.1240357221909014,24,qwen3b,11,[130],1,fewshot,1.0,6
64,0.0,flat,1.742225000767838,24,qwen3b,11,[130],1,fewshot,1.0,12
4,0.0,flat,1.3862943611198906,24,qwen3b,11,[],0,instruction,1.5,4
16,0.0,flat,1.42876912031874,24,qwen3b,11,[],0,instruction,1.5,6
64,0.0,flat,1.2557648999050262,24,qwen3b,11,[],0,instruction,1.5,7
4,0.0,flat,1.0397207708399179,25,qwen3b,11,[],0,instruction,1.0,3
16,0.0,flat,0.8314025204956377,25,qwen3b,11,[],0,instruction,1.0,3
64,0.0,flat,0.7785201687507176,25,qwen3b,11,[],0,instruction,1.0,4
4,0.0,flat,1.0397207708399179,25,qwen3b,11,[],0,concise,1.0,3
16,0.0,flat,1.0821955300387671,25,qwen3b,11,[],0,concise,1.0,3
64,0.023972602739726026,flat,1.1196170340580909,25,qwen3b,11,[15],1,concise,1.0,4
4,0.023972602739726026,flat,1.0397207708399179,25,qwen3b,11,[15],1,fewshot,1.0,3
16,0.023972602739726026,flat,1.2511559833636317,25,qwen3b,11,[15],1,fewshot,1.0,4
64,0.04794520547945205,flat,1.513342942343844,25,qwen3b,11,[131],1,fewshot,1.0,9
4,0.0,flat,1.0397207708399179,25,qwen3b,11,[],0,instruction,1.5,3
16,0.0,flat,1.157373298222901,25,qwen3b,11,[],0,instruction,1.5,4
64,0.023972602739726026,flat,1.3629980256236363,25,qwen3b,11,[15],1,instruction,1.5,7
4,0.17563739376770537,flat,0.5623351446188083,26,qwen3b,11,[123],1,instruction,1.0,2
16,0.17563739376770537,flat,1.1432752061942137,26,qwen3b,11,[123],1,instruction,1.0,4
64,0.17563739376770537,flat,1.0530076829188462,26,qwen3b,11,[123],1,instruction,1.0,4
4,0.17563739376770537,flat,-0.0,26,qwen3b,11,[123],1,concise,1.0,1
16,0.17563739376770537,flat,-0.0,26,qwen3b,11,[123],1,concise,1.0,1
64,0.17563739376770537,flat,-0.0,26,qwen3b,11,[123],1,concise,1.0,1
4,0.17563739376770537,flat,0.5623351446188083,26,qwen3b,11,[123],1,fewshot,1.0,2
16,0.17563739376770537,flat,0.8222653373287878,26,qwen3b,11,[123],1,fewshot,1.0,4
64,0.17563739376770537,flat,0.5254428276678887,26,qwen3b,11,[123],1,fewshot,1.0,4
4,0.17563739376770537,flat,1.0397207708399179,26,qwen3b,11,[123],1,instruction,1.5,3
16,0.17563739376770537,flat,1.5110861760736112,26,qwen3b,11,[123],1,instruction,1.5,6
64,0.17563739376770537,flat,1.6994692976595946,26,qwen3b,11,[123],1,instruction,1.5,11
4,0.0,flat,-0.0,27,qwen3b,11,[],0,instruction,1.0,1
16,0.0,flat,0.8305236914828464,27,qwen3b,11,[],0,instruction,1.0,3
64,0.08500772797527048,flat,0.7782558377484794,27,qwen3b,11,[7],1,instruction,1.0,4
4,0.0,flat,1.0397207708399179,27,qwen3b,11,[],0,concise,1.0,3
16,0.0,flat,0.6019239717322895,27,qwen3b,11,[],0,concise,1.0,3
64,0.0,flat,0.7142818885411775,27,qwen3b,11,[],0,concise,1.0,5
4,0.0,flat,1.0397207708399179,27,qwen3b,11,[],0,fewshot,1.0,3
16,0.0,flat,0.9214934308679616,27,qwen3b,11,[],0,fewshot,1.0,3
64,0.0,flat,1.2551153147675893,27,qwen3b,11,[],0,fewshot,1.0,6
4,0.0,flat,1.0397207708399179,27,qwen3b,11,[],0,instruction,1.5,3
16,0.0,flat,1.0609581504393426,27,qwen3b,11,[],0,instruction,1.5,4
64,0.08500772797527048,flat,1.2785496474490596,27,qwen3b,11,[7],1,instruction,1.5,7
4,0.0,flat,1.0397207708399179,28,qwen3b,11,[],0,instruction,1.0,3
16,0.0,flat,0.9840865030829147,28,qwen3b,11,[],0,instruction,1.0,3
64,0.0,flat,1.165616888830871,28,qwen3b,11,[],0,instruction,1.0,6
4,0.0,flat,0.5623351446188083,28,qwen3b,11,[],0,concise,1.0,2
16,0.0,flat,1.0337005498525014,28,qwen3b,11,[],0,concise,1.0,4
64,0.0,flat,1.1768789607718757,28,qwen3b,11,[],0,concise,1.0,6
4,0.0,flat,0.5623351446188083,28,qwen3b,11,[],0,fewshot,1.0,2
16,0.0,flat,0.8314025204956377,28,qwen3b,11,[],0,fewshot,1.0,3
64,0.0,flat,1.2014087902718422,28,qwen3b,11,[],0,fewshot,1.0,6
4,0.0,flat,0.5623351446188083,28,qwen3b,11,[],0,instruction,1.5,2
16,0.0,flat,1.2820462400528454,28,qwen3b,11,[],0,instruction,1.5,4
64,0.0,flat,1.516162491818715,28,qwen3b,11,[],0,instruction,1.5,8
4,0.0,flat,-0.0,29,qwen3b,11,[],0,instruction,1.0,1
16,0.0,flat,-0.0,29,qwen3b,11,[],0,instruction,1.0,1
64,0.0,flat,0.27416591535017265,29,qwen3b,11,[],0,instruction,1.0,2
4,0.0,flat,1.3862943611198906,29,qwen3b,11,[],0,concise,1.0,4
16,0.0,flat,1.4614721293040243,29,qwen3b,11,[],0,concise,1.0,5
64,0.0,flat,1.4053312782665592,29,qwen3b,11,[],0,concise,1.0,7
4,0.0,flat,-0.0,29,qwen3b,11,[],0,fewshot,1.0,1
16,0.0,flat,0.6885673693022827,29,qwen3b,11,[],0,fewshot,1.0,4
64,0.0,flat,0.6333760960772562,29,qwen3b,11,[],0,fewshot,1.0,5
4,0.0,flat,-0.0,29,qwen3b,11,[],0,instruction,1.5,1
16,0.0,flat,0.46341355882643,29,qwen3b,11,[],0,instruction,1.5,3
64,0.0,flat,0.6550369454697544,29,qwen3b,11,[],0,instruction,1.5,6
4,0.0,flat,0.6931471805599453,30,qwen3b,11,[],0,instruction,1.0,2
16,0.0,flat,0.6615632381579821,30,qwen3b,11,[],0,instruction,1.0,2
64,0.0,flat,0.8119814689473993,30,qwen3b,11,[],0,instruction,1.0,3
4,0.0,flat,0.5623351446188083,30,qwen3b,11,[],0,concise,1.0,2
16,0.0,flat,0.8314025204956377,30,qwen3b,11,[],0,concise,1.0,3
64,0.0,flat,0.6897546318022144,30,qwen3b,11,[],0,concise,1.0,4
4,0.0,flat,1.0397207708399179,30,qwen3b,11,[],0,fewshot,1.0,3
16,0.0,flat,1.2123138802671547,30,qwen3b,11,[],0,fewshot,1.0,4
64,0.0,flat,1.155452377083643,30,qwen3b,11,[],0,fewshot,1.0,4
4,0.0,flat,0.6931471805599453,30,qwen3b,11,[],0,instruction,1.5,2
16,0.0,flat,0.8815322611881637,30,qwen3b,11,[],0,instruction,1.5,3
64,0.0,flat,1.2656644085525126,30,qwen3b,11,[],0,instruction,1.5,6
4,0.08746355685131195,flat,1.0397207708399179,31,qwen3b,11,[16],1,instruction,1.0,3
16,0.08746355685131195,flat,1.18030455699462,31,qwen3b,11,[16],1,instruction,1.0,4
64,0.08746355685131195,flat,1.1877309262973867,31,qwen3b,11,[16],1,instruction,1.0,6
4,0.17784256559766765,flat,0.5623351446188083,31,qwen3b,11,[132],1,concise,1.0,2
16,0.17784256559766765,flat,1.157373298222901,31,qwen3b,11,[132],1,concise,1.0,4
64,0.17784256559766765,flat,1.4040165464894603,31,qwen3b,11,[132],1,concise,1.0,5
4,0.17784256559766765,flat,0.5623351446188083,31,qwen3b,11,[132],1,fewshot,1.0,2
16,0.17784256559766765,flat,0.46341355882643,31,qwen3b,11,[132],1,fewshot,1.0,3
64,0.17784256559766765,flat,0.8442469848961672,31,qwen3b,11,[132],1,fewshot,1.0,7
4,0.08746355685131195,flat,1.0397207708399179,31,qwen3b,11,[16],1,instruction,1.5,3
16,0.08746355685131195,flat,1.3686896376228386,31,qwen3b,11,[16],1,instruction,1.5,5
64,0.08746355685131195,flat,1.6639629058615997,31,qwen3b,11,[16],1,instruction,1.5,9
4,0.0,flat,-0.0,16,qwen3b,22,[],0,instruction,1.0,1
16,0.0,flat,0.2337916587064593,16,qwen3b,22,[],0,instruction,1.0,2
64,0.0,flat,0.21904558217698628,16,qwen3b,22,[],0,instruction,1.0,3
4,0.0,flat,1.0397207708399179,16,qwen3b,22,[],0,concise,1.0,3
16,0.0,flat,0.7029189307735104,16,qwen3b,22,[],0,concise,1.0,3
64,0.0,flat,0.9741098584289992,16,qwen3b,22,[],0,concise,1.0,7
4,0.0,flat,1.0397207708399179,16,qwen3b,22,[],0,fewshot,1.0,3
16,0.0,flat,1.0609581504393426,16,qwen3b,22,[],0,fewshot,1.0,4
64,0.0,flat,1.0553013041043804,16,qwen3b,22,[],0,fewshot,1.0,6
4,0.0,flat,1.0397207708399179,16,qwen3b,22,[],0,instruction,1.5,3
16,0.0,flat,1.0373923246209082,16,qwen3b,22,[],0,instruction,1.5,5
64,0.0,flat,1.1999711198777046,16,qwen3b,22,[],0,instruction,1.5,8
4,0.019938650306748466,flat,0.5623351446188083,17,qwen3b,22,[8],1,instruction,1.0,2
16,0.019938650306748466,flat,0.6615632381579821,17,qwen3b,22,[8],1,instruction,1.0,2
64,0.019938650306748466,flat,0.8981568987768661,17,qwen3b,22,[8],1,instruction,1.0,5
4,0.0,flat,1.0397207708399179,17,qwen3b,22,[],0,concise,1.0,3
16,0.19631901840490798,flat,1.6286198303328179,17,qwen3b,22,[143],1,concise,1.0,7
64,0.19631901840490798,flat,1.891368644367898,17,qwen3b,22,[143],1,concise,1.0,10
4,0.19631901840490798,flat,1.0397207708399179,17,qwen3b,22,[143],1,fewshot,1.0,3
16,0.19631901840490798,flat,1.2123138802671547,17,qwen3b,22,[143],1,fewshot,1.0,4
64,0.19631901840490798,flat,1.7799286515048753,17,qwen3b,22,[143],1,fewshot,1.0,10
4,0.019938650306748466,flat,0.6931471805599453,17,qwen3b,22,[8],1,instruction,1.5,2
16,0.019938650306748466,flat,1.0337005498525014,17,qwen3b,22,[8],1,instruction,1.5,4
64,0.019938650306748466,flat,1.1396510804888391,17,qwen3b,22,[8],1,instruction,1.5,6
4,0.1036036036036036,flat,0.5623351446188083,18,qwen3b,22,[8],1,instruction,1.0,2
16,0.1036036036036036,flat,0.6615632381579821,18,qwen3b,22,[8],1,instruction,1.0,2
64,0.1036036036036036,flat,0.6956604201424375,18,qwen3b,22,[8],1,instruction,1.0,3
4,0.21021021021021022,flat,0.5623351446188083,18,qwen3b,22,[84],1,concise,1.0,2
16,0.21021021021021022,flat,1.5110861760736112,18,qwen3b,22,[84],1,concise,1.0,6
64,0.21021021021021022,flat,1.421760750292288,18,qwen3b,22,[84],1,concise,1.0,7
4,0.0,flat,0.5623351446188083,18,qwen3b,22,[],0,fewshot,1.0,2
16,0.21021021021021022,flat,0.9507489270509151,18,qwen3b,22,[84],1,fewshot,1.0,4
64,0.21021021021021022,flat,0.9723250365363147,18,qwen3b,22,[84],1,fewshot,1.0,7
4,0.1036036036036036,flat,-0.0,18,qwen3b,22,[8],1,instruction,1.5,1
16,0.1036036036036036,flat,0.6210863745552451,18,qwen3b,22,[8],1,instruction,1.5,2
64,0.1036036036036036,flat,0.9485849251128144,18,qwen3b,22,[8],1,instruction,1.5,5
4,0.0,flat,0.6931471805599453,19,qwen3b,22,[],0,instruction,1.0,2
16,0.0,flat,0.8815322611881637,19,qwen3b,22,[],0,instruction,1.0,3
64,0.11461794019933555,flat,1.1169086456425603,19,qwen3b,22,[14],1,instruction,1.0,6
4,0.11461794019933555,flat,1.0397207708399179,19,qwen3b,22,[14],1,concise,1.0,3
16,0.11461794019933555,flat,1.3306600933628874,19,qwen3b,22,[14],1,concise,1.0,6
64,0.11461794019933555,flat,1.1914863558411084,19,qwen3b,22,[14],1,concise,1.0,8
4,0.11461794019933555,flat,1.0397207708399179,19,qwen3b,22,[14],1,fewshot,1.0,3
16,0.11461794019933555,flat,1.040839837423239,19,qwen3b,22,[14],1,fewshot,1.0,4
64,0.11461794019933555,flat,0.9506641871438165,19,qwen3b,22,[14],1,fewshot,1.0,6
4,0.0,flat,1.0397207708399179,19,qwen3b,22,[],0,instruction,1.5,3
16,0.0,flat,0.9832739442463889,19,qwen3b,22,[],0,instruction,1.5,3
64,0.11461794019933555,flat,1.4842145284023163,19,qwen3b,22,[14],1,instruction,1.5,8
4,0.0,flat,1.0397207708399179,20,qwen3b,22,[],0,instruction,1.0,3
16,0.0,flat,0.7774621319109288,20,qwen3b,22,[],0,instruction,1.0,3
64,0.0,flat,0.8493951437337208,20,qwen3b,22,[],0,instruction,1.0,4
4,0.0,flat,0.5623351446188083,20,qwen3b,22,[],0,concise,1.0,2
16,0.0,flat,0.9868994488385301,20,qwen3b,22,[],0,concise,1.0,4
64,0.26506024096385544,flat,1.0788479684669119,20,qwen3b,22,[140],1,concise,1.0,6
4,0.0,flat,0.5623351446188083,20,qwen3b,22,[],0,fewshot,1.0,2
16,0.0,flat,1.0337005498525014,20,qwen3b,22,[],0,fewshot,1.0,4
64,0.26506024096385544,flat,0.9148596082877108,20,qwen3b,22,[140],1,fewshot,1.0,5
4,0.0,flat,1.0397207708399179,20,qwen3b,22,[],0,instruction,1.5,3
16,0.0,flat,1.245016889252439,20,qwen3b,22,[],0,instruction,1.5,4
64,0.0,flat,1.1074497215721704,20,qwen3b,22,[],0,instruction,1.5,5
4,0.0,flat,1.0397207708399179,21,qwen3b,22,[],0,instruction,1.0,3
16,0.0,flat,0.8647400965276372,21,qwen3b,22,[],0,instruction,1.0,3
64,0.12098009188361408,flat,0.9871144723778101,21,qwen3b,22,[15],1,instruction,1.0,6
4,0.0,flat,0.5623351446188083,21,qwen3b,22,[],0,concise,1.0,2
16,0.2450229709035222,flat,1.3917397695183338,21,qwen3b,22,[131],1,concise,1.0,5
64,0.2450229709035222,flat,1.1801923600058786,21,qwen3b,22,[131],1,concise,1.0,5
4,0.0,flat,0.5623351446188083,21,qwen3b,22,[],0,fewshot,1.0,2
16,0.2450229709035222,flat,1.0609581504393426,21,qwen3b,22,[131],1,fewshot,1.0,4
64,0.2450229709035222,flat,1.1806200922988028,21,qwen3b,22,[131],1,fewshot,1.0,6
4,0.05666156202143951,flat,1.0397207708399179,21,qwen3b,22,[11],1,instruction,1.5,3
16,0.05666156202143951,flat,1.5110861760736112,21,qwen3b,22,[11],1,instruction,1.5,6
64,0.1776416539050536,flat,1.8412776662143884,21,qwen3b,22,"[11, 15]",2,instruction,1.5,13
4,0.0,flat,0.5623351446188083,22,qwen3b,22,[],0,instruction,1.0,2
16,0.0,flat,0.8305236914828464,22,qwen3b,22,[],0,instruction,1.0,3
64,0.0,flat,1.034112937010614,22,qwen3b,22,[],0,instruction,1.0,5
4,0.0,flat,0.5623351446188083,22,qwen3b,22,[],0,concise,1.0,2
16,0.0,flat,1.1626998334975678,22,qwen3b,22,[],0,concise,1.0,4
64,0.0,flat,1.4302483020487773,22,qwen3b,22,[],0,concise,1.0,9
4,0.0,flat,0.5623351446188083,22,qwen3b,22,[],0,fewshot,1.0,2
16,0.0,flat,1.0337005498525014,22,qwen3b,22,[],0,fewshot,1.0,4
64,0.06725663716814159,flat,1.187132247198568,22,qwen3b,22,[177],1,fewshot,1.0,7
4,0.0,flat,0.5623351446188083,22,qwen3b,22,[],0,instruction,1.5,2
16,0.0,flat,1.2996509635498974,22,qwen3b,22,[],0,instruction,1.5,5
64,0.0,flat,1.4495016381308554,22,qwen3b,22,[],0,instruction,1.5,8
4,0.0,flat,1.0397207708399179,23,qwen3b,22,[],0,instruction,1.0,3
16,0.0,flat,0.8222653373287878,23,qwen3b,22,[],0,instruction,1.0,4
64,0.0,flat,0.7297512257249834,23,qwen3b,22,[],0,instruction,1.0,4
4,0.0,flat,0.6931471805599453,23,qwen3b,22,[],0,concise,1.0,2
16,0.0,flat,1.3050963719483406,23,qwen3b,22,[],0,concise,1.0,4
64,0.0,flat,1.74552046292686,23,qwen3b,22,[],0,concise,1.0,10
4,0.0,flat,0.5623351446188083,23,qwen3b,22,[],0,fewshot,1.0,2
16,0.0,flat,1.0337005498525014,23,qwen3b,22,[],0,fewshot,1.0,4
64,0.0,flat,1.3060395727055996,23,qwen3b,22,[],0,fewshot,1.0,6
4,0.0,flat,1.0397207708399179,23,qwen3b,22,[],0,instruction,1.5,3
16,0.0,flat,1.331660286822432,23,qwen3b,22,[],0,instruction,1.5,5
64,0.0,flat,1.3529891726870416,23,qwen3b,22,[],0,instruction,1.5,8
4,0.0,flat,0.5623351446188083,24,qwen3b,22,[],0,instruction,1.0,2
16,0.0,flat,1.0337005498525014,24,qwen3b,22,[],0,instruction,1.0,4
64,0.0,flat,0.9758062325809747,24,qwen3b,22,[],0,instruction,1.0,6
4,0.0,flat,0.5623351446188083,24,qwen3b,22,[],0,concise,1.0,2
16,0.0,flat,1.2493432310675612,24,qwen3b,22,[],0,concise,1.0,5
64,0.0,flat,1.895069940791159,24,qwen3b,22,[],0,concise,1.0,12
4,0.0,flat,1.0397207708399179,24,qwen3b,22,[130],1,fewshot,1.0,3
16,0.0,flat,1.0239287996389363,24,qwen3b,22,[130],1,fewshot,1.0,3
64,0.0,flat,1.7194963394891811,24,qwen3b,22,[130],1,fewshot,1.0,8
4,0.0,flat,0.5623351446188083,24,qwen3b,22,[],0,instruction,1.5,2
16,0.0,flat,1.5977295736436044,24,qwen3b,22,[],0,instruction,1.5,7
64,0.11317829457364341,flat,1.5434777410898861,24,qwen3b,22,[1],1,instruction,1.5,12
4,0.0,flat,1.0397207708399179,25,qwen3b,22,[],0,instruction,1.0,3
16,0.0,flat,0.8815322611881637,25,qwen3b,22,[],0,instruction,1.0,3
64,0.0,flat,1.2246678844450347,25,qwen3b,22,[],0,instruction,1.0,6
4,0.0,flat,0.5623351446188083,25,qwen3b,22,[],0,concise,1.0,2
16,0.0,flat,1.5437891850588954,25,qwen3b,22,[],0,concise,1.0,5
64,0.0,flat,1.761393318813932,25,qwen3b,22,[],0,concise,1.0,7
4,0.0,flat,0.5623351446188083,25,qwen3b,22,[],0,fewshot,1.0,2
16,0.0,flat,1.2281058514681364,25,qwen3b,22,[],0,fewshot,1.0,4
64,0.0,flat,1.42824706815662,25,qwen3b,22,[],0,fewshot,1.0,5
4,0.0,flat,1.3862943611198906,25,qwen3b,22,[],0,instruction,1.5,4
16,0.0,flat,1.4201164366884957,25,qwen3b,22,[],0,instruction,1.5,5
64,0.0,flat,1.6614677714261497,25,qwen3b,22,[],0,instruction,1.5,10
4,0.0,flat,0.5623351446188083,26,qwen3b,22,[],0,instruction,1.0,2
16,0.17563739376770537,flat,1.069917341816382,26,qwen3b,22,[123],1,instruction,1.0,4
64,0.17563739376770537,flat,1.1579669903153451,26,qwen3b,22,[123],1,instruction,1.0,5
4,0.17563739376770537,flat,1.0397207708399179,26,qwen3b,22,[123],1,concise,1.0,3
16,0.17563739376770537,flat,0.6019239717322895,26,qwen3b,22,[123],1,concise,1.0,3
64,0.17563739376770537,flat,0.8442059533671162,26,qwen3b,22,[123],1,concise,1.0,6
4,0.17563739376770537,flat,1.0397207708399179,26,qwen3b,22,[123],1,fewshot,1.0,3
16,0.17563739376770537,flat,0.8222653373287878,26,qwen3b,22,[123],1,fewshot,1.0,4
64,0.17563739376770537,flat,1.0268635714426992,26,qwen3b,22,[123],1,fewshot,1.0,8
4,0.0,flat,0.5623351446188083,26,qwen3b,22,[],0,instruction,1.5,2
16,0.17563739376770537,flat,1.249343231067561,26,qwen3b,22,[123],1,instruction,1.5,5
64,0.2762039660056657,flat,1.4653999545494798,26,qwen3b,22,"[10, 123]",2,instruction,1.5,9
4,0.08500772797527048,flat,1.0397207708399179,27,qwen3b,22,[7],1,instruction,1.0,3
16,0.08500772797527048,flat,0.7029189307735104,27,qwen3b,22,[7],1,instruction,1.0,3
64,0.08500772797527048,flat,0.8638543619074974,27,qwen3b,22,[7],1,instruction,1.0,5
4,0.0,flat,1.0397207708399179,27,qwen3b,22,[],0,concise,1.0,3
16,0.1731066460587326,flat,1.1432752061942137,27,qwen3b,22,[83],1,concise,1.0,4
64,0.1731066460587326,flat,1.3929574848551065,27,qwen3b,22,[83],1,concise,1.0,8
4,0.0,flat,0.6931471805599453,27,qwen3b,22,[],0,fewshot,1.0,2
16,0.0,flat,0.9840865030829147,27,qwen3b,22,[],0,fewshot,1.0,3
64,0.0,flat,1.3527086835484896,27,qwen3b,22,[],0,fewshot,1.0,6
4,0.08500772797527048,flat,1.0397207708399179,27,qwen3b,22,[7],1,instruction,1.5,3
16,0.08500772797527048,flat,0.8222653373287878,27,qwen3b,22,[7],1,instruction,1.5,4
64,0.08500772797527048,flat,1.1908926511477789,27,qwen3b,22,[7],1,instruction,1.5,7
4,0.10350584307178631,flat,0.5623351446188083,28,qwen3b,22,[7],1,instruction,1.0,2
16,0.10350584307178631,flat,0.5623351446188083,28,qwen3b,22,[7],1,instruction,1.0,2
64,0.10350584307178631,flat,0.5597895354472247,28,qwen3b,22,[7],1,instruction,1.0,3
4,0.0,flat,-0.0,28,qwen3b,22,[],0,concise,1.0,1
16,0.21035058430717862,flat,1.0337005498525014,28,qwen3b,22,[78],1,concise,1.0,4
64,0.21035058430717862,flat,1.1453843385184563,28,qwen3b,22,[78],1,concise,1.0,6
4,0.0,flat,0.5623351446188083,28,qwen3b,22,[],0,fewshot,1.0,2
16,0.0,flat,0.6931471805599453,28,qwen3b,22,[],0,fewshot,1.0,2
64,0.0,flat,1.0530076829188462,28,qwen3b,22,[],0,fewshot,1.0,4
4,0.10350584307178631,flat,0.5623351446188083,28,qwen3b,22,[7],1,instruction,1.5,2
16,0.10350584307178631,flat,1.1274832349932322,28,qwen3b,22,[7],1,instruction,1.5,5
64,0.10350584307178631,flat,1.172227242322857,28,qwen3b,22,[7],1,instruction,1.5,8
4,0.0,flat,0.5623351446188083,29,qwen3b,22,[],0,instruction,1.0,2
16,0.0,flat,0.6210863745552451,29,qwen3b,22,[],0,instruction,1.0,2
64,0.0,flat,0.7995819713998803,29,qwen3b,22,[],0,instruction,1.0,4
4,0.0,flat,1.0397207708399179,29,qwen3b,22,[],0,concise,1.0,3
16,0.0,flat,1.7868083399845722,29,qwen3b,22,[],0,concise,1.0,7
64,0.0,flat,1.7474767344912194,29,qwen3b,22,[],0,concise,1.0,9
4,0.0,flat,1.3862943611198906,29,qwen3b,22,[],0,fewshot,1.0,4
16,0.0,flat,1.4013926466081228,29,qwen3b,22,[],0,fewshot,1.0,5
64,0.0,flat,1.207358969907593,29,qwen3b,22,[],0,fewshot,1.0,6
4,0.0,flat,1.0397207708399179,29,qwen3b,22,[],0,instruction,1.5,3
16,0.0,flat,1.0337005498525014,29,qwen3b,22,[],0,instruction,1.5,4
64,0.11965811965811966,flat,1.1971908431721925,29,qwen3b,22,[19],1,instruction,1.5,10
4,0.025196850393700787,flat,0.6931471805599453,30,qwen3b,22,[7],1,instruction,1.0,2
16,0.025196850393700787,flat,0.5623351446188083,30,qwen3b,22,[7],1,instruction,1.0,2
64,0.025196850393700787,flat,0.6831223881008303,30,qwen3b,22,[7],1,instruction,1.0,3
4,0.0,flat,1.0397207708399179,30,qwen3b,22,[],0,concise,1.0,3
16,0.0,flat,0.9470571522825082,30,qwen3b,22,[],0,concise,1.0,3
64,0.025196850393700787,flat,1.3392094295665482,30,qwen3b,22,[7],1,concise,1.0,6
4,0.0,flat,0.5623351446188083,30,qwen3b,22,[],0,fewshot,1.0,2
16,0.0,flat,0.5623351446188083,30,qwen3b,22,[],0,fewshot,1.0,2
64,0.0,flat,0.7625160394559622,30,qwen3b,22,[],0,fewshot,1.0,3
4,0.025196850393700787,flat,0.6931471805599453,30,qwen3b,22,[7],1,instruction,1.5,2
16,0.025196850393700787,flat,0.9002560512685369,30,qwen3b,22,[7],1,instruction,1.5,3
64,0.025196850393700787,flat,1.0184324186911977,30,qwen3b,22,[7],1,instruction,1.5,5
4,0.0,flat,0.5623351446188083,31,qwen3b,22,[],0,instruction,1.0,2
16,0.0,flat,0.8305236914828464,31,qwen3b,22,[],0,instruction,1.0,3
64,0.0,flat,0.8466594477455487,31,qwen3b,22,[],0,instruction,1.0,3
4,0.0,flat,0.5623351446188083,31,qwen3b,22,[],0,concise,1.0,2
16,0.0,flat,1.1626998334975678,31,qwen3b,22,[],0,concise,1.0,4
64,0.17784256559766765,flat,1.432770538961848,31,qwen3b,22,[132],1,concise,1.0,8
4,0.17784256559766765,flat,-0.0,31,qwen3b,22,[132],1,fewshot,1.0,1
16,0.17784256559766765,flat,0.37677016125643675,31,qwen3b,22,[132],1,fewshot,1.0,2
64,0.17784256559766765,flat,0.9723250365363147,31,qwen3b,22,[132],1,fewshot,1.0,7
4,0.0,flat,0.5623351446188083,31,qwen3b,22,[],0,instruction,1.5,2
16,0.0,flat,1.1246702892376168,31,qwen3b,22,[],0,instruction,1.5,4
64,0.08746355685131195,flat,1.452791293321556,31,qwen3b,22,[16],1,instruction,1.5,9
4,0.0,flat,-0.0,16,qwen3b,33,[],0,instruction,1.0,1
16,0.0,flat,1.1432752061942137,16,qwen3b,33,[],0,instruction,1.0,4
64,0.0,flat,1.2932749360627094,16,qwen3b,33,[],0,instruction,1.0,4
4,0.0,flat,-0.0,16,qwen3b,33,[],0,concise,1.0,1
16,0.0,flat,0.6019239717322895,16,qwen3b,33,[],0,concise,1.0,3
64,0.0,flat,0.42386643141349134,16,qwen3b,33,[],0,concise,1.0,3
4,0.0,flat,0.5623351446188083,16,qwen3b,33,[],0,fewshot,1.0,2
16,0.0,flat,0.918045918065631,16,qwen3b,33,[],0,fewshot,1.0,4
64,0.0,flat,0.9496039742364994,16,qwen3b,33,[],0,fewshot,1.0,6
4,0.0,flat,-0.0,16,qwen3b,33,[],0,instruction,1.5,1
16,0.10101010101010101,flat,1.3316602868224323,16,qwen3b,33,[6],1,instruction,1.5,5
64,0.10101010101010101,flat,1.513851665749097,16,qwen3b,33,[6],1,instruction,1.5,7
4,0.0,flat,-0.0,17,qwen3b,33,[],0,instruction,1.0,1
16,0.0,flat,0.48257756517701206,17,qwen3b,33,[],0,instruction,1.0,2
64,0.0,flat,0.4470620543337879,17,qwen3b,33,[],0,instruction,1.0,3
4,0.0,flat,1.0397207708399179,17,qwen3b,33,[],0,concise,1.0,3
16,0.0,flat,0.7774621319109288,17,qwen3b,33,[],0,concise,1.0,3
64,0.03987730061349693,flat,0.6366951135336826,17,qwen3b,33,[89],1,concise,1.0,4
4,0.0,flat,1.0397207708399179,17,qwen3b,33,[],0,fewshot,1.0,3
16,0.019938650306748466,flat,1.803719377768875,17,qwen3b,33,[8],1,fewshot,1.0,7
64,0.019938650306748466,flat,1.4619051498232523,17,qwen3b,33,[8],1,fewshot,1.0,8
4,0.0,flat,1.0397207708399179,17,qwen3b,33,[],0,instruction,1.5,3
16,0.019938650306748466,flat,1.0373923246209082,17,qwen3b,33,[8],1,instruction,1.5,5
64,0.019938650306748466,flat,0.8406369081568843,17,qwen3b,33,[8],1,instruction,1.5,6
4,0.0,flat,0.5623351446188083,18,qwen3b,33,[],0,instruction,1.0,2
16,0.1036036036036036,flat,0.6885673693022827,18,qwen3b,33,[8],1,instruction,1.0,4
64,0.1036036036036036,flat,0.5417943321605309,18,qwen3b,33,[8],1,instruction,1.0,4
4,0.0,flat,1.0397207708399179,18,qwen3b,33,[],0,concise,1.0,3
16,0.21021021021021022,flat,1.040839837423239,18,qwen3b,33,[84],1,concise,1.0,4
64,0.21021021021021022,flat,0.9211831177610565,18,qwen3b,33,[84],1,concise,1.0,4
4,0.0,flat,1.0397207708399179,18,qwen3b,33,[],0,fewshot,1.0,3
16,0.21021021021021022,flat,1.2130075659799042,18,qwen3b,33,[84],1,fewshot,1.0,4
64,0.21021021021021022,flat,1.1131105180025505,18,qwen3b,33,[84],1,fewshot,1.0,4
4,0.1036036036036036,flat,1.3862943611198906,18,qwen3b,33,[8],1,instruction,1.5,4
16,0.1036036036036036,flat,1.4402347497045995,18,qwen3b,33,[8],1,instruction,1.5,6
64,0.21021021021021022,flat,1.220468465294327,18,qwen3b,33,[84],1,instruction,1.5,8
4,0.0,flat,-0.0,19,qwen3b,33,[],0,instruction,1.0,1
16,0.0,flat,-0.0,19,qwen3b,33,[],0,instruction,1.0,1
64,0.0,flat,0.21904558217698628,19,qwen3b,33,[],0,instruction,1.0,3
4,0.0,flat,0.5623351446188083,19,qwen3b,33,[],0,concise,1.0,2
16,0.0,flat,0.7774621319109288,19,qwen3b,33,[],0,concise,1.0,3
64,0.0,flat,0.6366951135336826,19,qwen3b,33,[],0,concise,1.0,4
4,0.0,flat,0.5623351446188083,19,qwen3b,33,[],0,fewshot,1.0,2
16,0.0,flat,0.8815322611881637,19,qwen3b,33,[],0,fewshot,1.0,3
64,0.0,flat,1.034112937010614,19,qwen3b,33,[],0,fewshot,1.0,5
4,0.0,flat,0.5623351446188083,19,qwen3b,33,[],0,instruction,1.5,2
16,0.0,flat,0.9507489270509151,19,qwen3b,33,[],0,instruction,1.5,4
64,0.0,flat,0.9102700869983917,19,qwen3b,33,[],0,instruction,1.5,6
4,0.0,flat,1.0397207708399179,20,qwen3b,33,[],0,instruction,1.0,3
16,0.0,flat,1.040839837423239,20,qwen3b,33,[],0,instruction,1.0,4
64,0.0,flat,0.7516403392146971,20,qwen3b,33,[],0,instruction,1.0,4
4,0.0,flat,0.6931471805599453,20,qwen3b,33,[],0,concise,1.0,2
16,0.0,flat,0.6931471805599453,20,qwen3b,33,[],0,concise,1.0,2
64,0.0,flat,0.759698131694715,20,qwen3b,33,[],0,concise,1.0,3
4,0.0,flat,1.0397207708399179,20,qwen3b,33,[],0,fewshot,1.0,3
16,0.0,flat,0.7774621319109288,20,qwen3b,33,[],0,fewshot,1.0,3
64,0.0,flat,0.7138998990731894,20,qwen3b,33,[],0,fewshot,1.0,4
4,0.0,flat,1.0397207708399179,20,qwen3b,33,[],0,instruction,1.5,3
16,0.0,flat,1.2820462400528454,20,qwen3b,33,[],0,instruction,1.5,4
64,0.0,flat,1.011385160554412,20,qwen3b,33,[],0,instruction,1.5,4
4,0.0,flat,1.0397207708399179,21,qwen3b,33,[],0,instruction,1.0,3
16,0.0,flat,0.46341355882643,21,qwen3b,33,[],0,instruction,1.0,3
64,0.0,flat,0.6035394944384369,21,qwen3b,33,[],0,instruction,1.0,5
4,0.0,flat,0.6931471805599453,21,qwen3b,33,[],0,concise,1.0,2
16,0.0,flat,0.37677016125643675,21,qwen3b,33,[],0,concise,1.0,2
64,0.0,flat,0.5332476013610858,21,qwen3b,33,[],0,concise,1.0,4
4,0.0,flat,1.0397207708399179,21,qwen3b,33,[],0,fewshot,1.0,3
16,0.0,flat,1.0239287996389363,21,qwen3b,33,[],0,fewshot,1.0,3
64,0.0,flat,1.4718034128092499,21,qwen3b,33,[],0,fewshot,1.0,9
4,0.0,flat,1.0397207708399179,21,qwen3b,33,[],0,instruction,1.5,3
16,0.0,flat,0.6885673693022827,21,qwen3b,33,[],0,instruction,1.5,4
64,0.0,flat,1.154780487855314,21,qwen3b,33,[],0,instruction,1.5,8
4,0.0,flat,-0.0,22,qwen3b,33,[],0,instruction,1.0,1
16,0.0,flat,0.46341355882643,22,qwen3b,33,[],0,instruction,1.0,3
64,0.0,flat,0.45946556602618455,22,qwen3b,33,[],0,instruction,1.0,3
4,0.0,flat,0.6931471805599453,22,qwen3b,33,[],0,concise,1.0,2
16,0.0,flat,0.6210863745552451,22,qwen3b,33,[],0,concise,1.0,2
64,0.0,flat,0.7431098912098039,22,qwen3b,33,[],0,concise,1.0,3
4,0.0,flat,0.5623351446188083,22,qwen3b,33,[],0,fewshot,1.0,2
16,0.0,flat,1.4402347497045995,22,qwen3b,33,[],0,fewshot,1.0,6
64,0.10619469026548672,flat,1.258106333899277,22,qwen3b,33,[11],1,fewshot,1.0,8
4,0.0,flat,0.6931471805599453,22,qwen3b,33,[],0,instruction,1.5,2
16,0.0,flat,1.2130075659799042,22,qwen3b,33,[],0,instruction,1.5,4
64,0.0,flat,1.081518411870084,22,qwen3b,33,[],0,instruction,1.5,6
4,0.0,flat,-0.0,23,qwen3b,33,[],0,instruction,1.0,1
16,0.0,flat,0.37677016125643675,23,qwen3b,33,[],0,instruction,1.0,2
64,0.0,flat,0.2689376052451348,23,qwen3b,33,[],0,instruction,1.0,3
4,0.0,flat,-0.0,23,qwen3b,33,[],0,concise,1.0,1
16,0.0,flat,-0.0,23,qwen3b,33,[],0,concise,1.0,1
64,0.0,flat,0.18920898053816695,23,qwen3b,33,[],0,concise,1.0,2
4,0.0,flat,0.5623351446188083,23,qwen3b,33,[],0,fewshot,1.0,2
16,0.0,flat,0.6615632381579821,23,qwen3b,33,[],0,fewshot,1.0,2
64,0.0,flat,0.6831223881008303,23,qwen3b,33,[],0,fewshot,1.0,3
4,0.0,flat,0.5623351446188083,23,qwen3b,33,[],0,instruction,1.5,2
16,0.0,flat,0.48257756517701206,23,qwen3b,33,[],0,instruction,1.5,2
64,0.0,flat,0.5586830221256421,23,qwen3b,33,[],0,instruction,1.5,4
4,0.0,flat,-0.0,24,qwen3b,33,[],0,instruction,1.0,1
16,0.0,flat,0.7029189307735104,24,qwen3b,33,[],0,instruction,1.0,3
64,0.0,flat,0.645245670517286,24,qwen3b,33,[],0,instruction,1.0,4
4,0.0,flat,0.5623351446188083,24,qwen3b,33,[],0,concise,1.0,2
16,0.0,flat,0.7029189307735104,24,qwen3b,33,[],0,concise,1.0,3
64,0.0,flat,0.9194662334053862,24,qwen3b,33,[],0,concise,1.0,7
4,0.0,flat,0.6931471805599453,24,qwen3b,33,[],0,fewshot,1.0,2
16,0.0,flat,1.18030455699462,24,qwen3b,33,[],0,fewshot,1.0,4
64,0.0,flat,1.3275025706152703,24,qwen3b,33,[],0,fewshot,1.0,8
4,0.0,flat,0.5623351446188083,24,qwen3b,33,[],0,instruction,1.5,2
16,0.0,flat,1.0239287996389363,24,qwen3b,33,[],0,instruction,1.5,3
64,0.0,flat,1.3218471551617537,24,qwen3b,33,[],0,instruction,1.5,8
4,0.0,flat,0.5623351446188083,25,qwen3b,33,[],0,instruction,1.0,2
16,0.0,flat,0.37677016125643675,25,qwen3b,33,[],0,instruction,1.0,2
64,0.0,flat,0.5715077723264029,25,qwen3b,33,[],0,instruction,1.0,3
4,0.0,flat,-0.0,25,qwen3b,33,[],0,concise,1.0,1
16,0.0,flat,-0.0,25,qwen3b,33,[],0,concise,1.0,1
64,0.0,flat,0.4238664314134914,25,qwen3b,33,[],0,concise,1.0,3
4,0.0,flat,1.0397207708399179,25,qwen3b,33,[],0,fewshot,1.0,3
16,0.0,flat,0.9743147528693494,25,qwen3b,33,[],0,fewshot,1.0,3
64,0.0,flat,1.0812500080835736,25,qwen3b,33,[],0,fewshot,1.0,6
4,0.0,flat,0.6931471805599453,25,qwen3b,33,[],0,instruction,1.5,2
16,0.0,flat,0.5623351446188083,25,qwen3b,33,[],0,instruction,1.5,2
64,0.0,flat,0.9624631348199566,25,qwen3b,33,[],0,instruction,1.5,6
4,0.0,flat,-0.0,26,qwen3b,33,[],0,instruction,1.0,1
16,0.0,flat,0.2337916587064593,26,qwen3b,33,[],0,instruction,1.0,2
64,0.0,flat,0.5067352576114266,26,qwen3b,33,[],0,instruction,1.0,4
4,0.0,flat,0.6931471805599453,26,qwen3b,33,[],0,concise,1.0,2
16,0.0,flat,0.6210863745552451,26,qwen3b,33,[],0,concise,1.0,2
64,0.0,flat,0.9170187256756158,26,qwen3b,33,[],0,concise,1.0,6
4,0.0,flat,1.0397207708399179,26,qwen3b,33,[],0,fewshot,1.0,3
16,0.0,flat,0.9743147528693494,26,qwen3b,33,[],0,fewshot,1.0,3
64,0.08640226628895184,flat,1.402375427744019,26,qwen3b,33,[14],1,fewshot,1.0,8
4,0.0,flat,1.0397207708399179,26,qwen3b,33,[],0,instruction,1.5,3
16,0.0,flat,0.6019239717322894,26,qwen3b,33,[],0,instruction,1.5,3
64,0.0,flat,0.9599215248439181,26,qwen3b,33,[],0,instruction,1.5,6
4,0.08500772797527048,flat,0.5623351446188083,27,qwen3b,33,[7],1,instruction,1.0,2
16,0.08500772797527048,flat,1.103432909638192,27,qwen3b,33,[7],1,instruction,1.0,4
64,0.08500772797527048,flat,1.2865258357413651,27,qwen3b,33,[7],1,instruction,1.0,4
4,0.1731066460587326,flat,0.5623351446188083,27,qwen3b,33,[83],1,concise,1.0,2
16,0.1731066460587326,flat,0.7356219397587946,27,qwen3b,33,[83],1,concise,1.0,3
64,0.1731066460587326,flat,0.8925597050284315,27,qwen3b,33,[83],1,concise,1.0,4
4,0.0,flat,0.6931471805599453,27,qwen3b,33,[],0,fewshot,1.0,2
16,0.08500772797527048,flat,1.0433534269422904,27,qwen3b,33,[7],1,fewshot,1.0,3
64,0.08500772797527048,flat,1.1415140826570653,27,qwen3b,33,[7],1,fewshot,1.0,6
4,0.08500772797527048,flat,0.5623351446188083,27,qwen3b,33,[7],1,instruction,1.5,2
16,0.08500772797527048,flat,1.2820462400528454,27,qwen3b,33,[7],1,instruction,1.5,4
64,0.08500772797527048,flat,1.544768064964139,27,qwen3b,33,[7],1,instruction,1.5,7
4,0.10350584307178631,flat,1.0397207708399179,28,qwen3b,33,[7],1,instruction,1.0,3
16,0.10350584307178631,flat,1.18030455699462,28,qwen3b,33,[7],1,instruction,1.0,4
64,0.10350584307178631,flat,1.3254361443472131,28,qwen3b,33,[7],1,instruction,1.0,4
4,0.0,flat,-0.0,28,qwen3b,33,[],0,concise,1.0,1
16,0.21035058430717862,flat,0.8222653373287878,28,qwen3b,33,[78],1,concise,1.0,4
64,0.21035058430717862,flat,0.49855950536510546,28,qwen3b,33,[78],1,concise,1.0,4
4,0.0,flat,-0.0,28,qwen3b,33,[],0,fewshot,1.0,1
16,0.0,flat,0.2337916587064593,28,qwen3b,33,[],0,fewshot,1.0,2
64,0.10350584307178631,flat,0.5851160309455274,28,qwen3b,33,[7],1,fewshot,1.0,5
4,0.10350584307178631,flat,1.0397207708399179,28,qwen3b,33,[7],1,instruction,1.5,3
16,0.21035058430717862,flat,1.3686896376228384,28,qwen3b,33,[78],1,instruction,1.5,5
64,0.21035058430717862,flat,1.423697104409973,28,qwen3b,33,[78],1,instruction,1.5,5
4,0.0,flat,-0.0,29,qwen3b,33,[],0,instruction,1.0,1
16,0.0,flat,1.040839837423239,29,qwen3b,33,[],0,instruction,1.0,4
64,0.0,flat,0.8919139275582795,29,qwen3b,33,[],0,instruction,1.0,5
4,0.0,flat,1.0397207708399179,29,qwen3b,33,[],0,concise,1.0,3
16,0.0,flat,0.9743147528693494,29,qwen3b,33,[],0,concise,1.0,3
64,0.0,flat,1.1560866140177544,29,qwen3b,33,[],0,concise,1.0,6
4,0.0,flat,1.0397207708399179,29,qwen3b,33,[],0,fewshot,1.0,3
16,0.0,flat,1.1432752061942137,29,qwen3b,33,[],0,fewshot,1.0,4
64,0.0,flat,1.4023448320974654,29,qwen3b,33,[],0,fewshot,1.0,7
4,0.0,flat,0.6931471805599453,29,qwen3b,33,[],0,instruction,1.5,2
16,0.0,flat,1.4075317407193153,29,qwen3b,33,[],0,instruction,1.5,5
64,0.0,flat,1.3225427341851046,29,qwen3b,33,[],0,instruction,1.5,7
4,0.025196850393700787,flat,0.5623351446188083,30,qwen3b,33,[7],1,instruction,1.0,2
16,0.025196850393700787,flat,0.9743147528693494,30,qwen3b,33,[7],1,instruction,1.0,3
64,0.025196850393700787,flat,0.945505698100992,30,qwen3b,33,[7],1,instruction,1.0,4
4,0.0,flat,0.5623351446188083,30,qwen3b,33,[],0,concise,1.0,2
16,0.0,flat,0.6615632381579821,30,qwen3b,33,[],0,concise,1.0,2
64,0.0,flat,0.6926588198060253,30,qwen3b,33,[],0,concise,1.0,2
4,0.025196850393700787,flat,1.3862943611198906,30,qwen3b,33,[7],1,fewshot,1.0,4
16,0.025196850393700787,flat,0.8222653373287878,30,qwen3b,33,[7],1,fewshot,1.0,4
64,0.025196850393700787,flat,0.6688160109642145,30,qwen3b,33,[7],1,fewshot,1.0,4
4,0.025196850393700787,flat,0.5623351446188083,30,qwen3b,33,[7],1,instruction,1.5,2
16,0.025196850393700787,flat,1.1626998334975678,30,qwen3b,33,[7],1,instruction,1.5,4
64,0.025196850393700787,flat,1.225555788805679,30,qwen3b,33,[7],1,instruction,1.5,5
4,0.0,flat,-0.0,31,qwen3b,33,[],0,instruction,1.0,1
16,0.0,flat,0.2337916587064593,31,qwen3b,33,[],0,instruction,1.0,2
64,0.0,flat,0.5022472047475922,31,qwen3b,33,[],0,instruction,1.0,4
4,0.0,flat,0.5623351446188083,31,qwen3b,33,[],0,concise,1.0,2
16,0.0,flat,1.0609581504393426,31,qwen3b,33,[],0,concise,1.0,4
64,0.0,flat,1.0064698361756967,31,qwen3b,33,[],0,concise,1.0,6
4,0.0,flat,-0.0,31,qwen3b,33,[],0,fewshot,1.0,1
16,0.0,flat,0.6885673693022827,31,qwen3b,33,[],0,fewshot,1.0,4
64,0.0,flat,1.1647959281945843,31,qwen3b,33,[],0,fewshot,1.0,7
4,0.0,flat,0.5623351446188083,31,qwen3b,33,[],0,instruction,1.5,2
16,0.0,flat,0.6019239717322894,31,qwen3b,33,[],0,instruction,1.5,3
64,0.0,flat,1.002526144728063,31,qwen3b,33,[],0,instruction,1.5,5
4,0.0,macro,0.5623351446188083,16,qwen3b,11,[],0,instruction,1.0,2
16,0.0,macro,0.9868994488385301,16,qwen3b,11,[],0,instruction,1.0,4
64,0.0,macro,1.304231198494033,16,qwen3b,11,[],0,instruction,1.0,7
4,0.0,macro,1.3862943611198906,16,qwen3b,11,[],0,concise,1.0,4
16,0.08754208754208755,macro,1.9600951351245584,16,qwen3b,11,[65],1,concise,1.0,8
64,0.2053872053872054,macro,2.334025031560359,16,qwen3b,11,[222],1,concise,1.0,17
4,0.10101010101010101,macro,1.3862943611198906,16,qwen3b,11,[6],1,fewshot,1.0,4
16,0.3552188552188552,macro,2.0140355237092673,16,qwen3b,11,"[6, 29]",2,fewshot,1.0,10
64,0.4377104377104377,macro,1.9835314452679322,16,qwen3b,11,"[29, 222]",2,fewshot,1.0,14
4,0.0,macro,1.0397207708399179,16,qwen3b,11,[],0,instruction,1.5,3
16,0.0,macro,1.4183036843924253,16,qwen3b,11,[],0,instruction,1.5,6
64,0.04377104377104377,macro,1.9614356968386348,16,qwen3b,11,[4],1,instruction,1.5,14
4,0.019938650306748466,macro,0.6931471805599453,17,qwen3b,11,[8],1,instruction,1.0,2
16,0.09815950920245399,macro,0.9832739442463889,17,qwen3b,11,[17],1,instruction,1.0,3
64,0.09815950920245399,macro,1.192989623210405,17,qwen3b,11,[17],1,instruction,1.0,5
4,0.19631901840490798,macro,-0.0,17,qwen3b,11,[143],1,concise,1.0,1
16,0.19631901840490798,macro,-0.0,17,qwen3b,11,[143],1,concise,1.0,1
64,0.19631901840490798,macro,-0.0,17,qwen3b,11,[143],1,concise,1.0,1
4,0.19631901840490798,macro,0.5623351446188083,17,qwen3b,11,[143],1,fewshot,1.0,2
16,0.25153374233128833,macro,1.0609581504393426,17,qwen3b,11,"[11, 143]",2,fewshot,1.0,4
64,0.25153374233128833,macro,1.2591149812811262,17,qwen3b,11,"[11, 143]",2,fewshot,1.0,9
4,0.019938650306748466,macro,1.0397207708399179,17,qwen3b,11,[8],1,instruction,1.5,3
16,0.09815950920245399,macro,1.2820462400528454,17,qwen3b,11,[17],1,instruction,1.5,4
64,0.09815950920245399,macro,1.9120611058609072,17,qwen3b,11,[17],1,instruction,1.5,12
4,0.0,macro,-0.0,18,qwen3b,11,[],0,instruction,1.0,1
16,0.1036036036036036,macro,0.37677016125643675,18,qwen3b,11,[8],1,instruction,1.0,2
64,0.18768768768768768,macro,0.6923419406743405,18,qwen3b,11,"[8, 25]",2,instruction,1.0,5
4,0.21021021021021022,macro,1.0397207708399179,18,qwen3b,11,[84],1,concise,1.0,3
16,0.21021021021021022,macro,0.7029189307735104,18,qwen3b,11,[84],1,concise,1.0,3
64,0.21021021021021022,macro,0.6207830592954231,18,qwen3b,11,[84],1,concise,1.0,3
4,0.10510510510510511,macro,0.5623351446188083,18,qwen3b,11,[12],1,fewshot,1.0,2
16,0.21021021021021022,macro,1.2996509635498974,18,qwen3b,11,[84],1,fewshot,1.0,5
64,0.21021021021021022,macro,1.398971005908348,18,qwen3b,11,[84],1,fewshot,1.0,8
4,0.0,macro,-0.0,18,qwen3b,11,[],0,instruction,1.5,1
16,0.21021021021021022,macro,1.2468296415485096,18,qwen3b,11,[84],1,instruction,1.5,6
64,0.4039039039039039,macro,1.6067683691373214,18,qwen3b,11,"[5, 25, 84]",3,instruction,1.5,11
4,0.11461794019933555,macro,1.0397207708399179,19,qwen3b,11,[14],1,instruction,1.0,3
16,0.11461794019933555,macro,1.628619830332818,19,qwen3b,11,[14],1,instruction,1.0,7
64,0.11461794019933555,macro,1.7008775076307994,19,qwen3b,11,[14],1,instruction,1.0,10
4,0.23255813953488372,macro,0.5623351446188083,19,qwen3b,11,[194],1,concise,1.0,2
16,0.23255813953488372,macro,0.2337916587064593,19,qwen3b,11,[194],1,concise,1.0,2
64,0.23255813953488372,macro,0.1607216478472394,19,qwen3b,11,[194],1,concise,1.0,3
4,0.11461794019933555,macro,1.3862943611198906,19,qwen3b,11,[14],1,fewshot,1.0,4
16,0.2026578073089701,macro,1.6613228393181023,19,qwen3b,11,"[14, 34]",2,fewshot,1.0,7
64,0.35714285714285715,macro,1.6409599746645795,19,qwen3b,11,"[14, 194, 250]",3,fewshot,1.0,11
4,0.029900332225913623,macro,1.3862943611198906,19,qwen3b,11,[17],1,instruction,1.5,4
16,0.11461794019933555,macro,2.252728336819822,19,qwen3b,11,[14],1,instruction,1.5,11
64,0.23255813953488372,macro,2.251079578425725,19,qwen3b,11,[194],1,instruction,1.5,16
4,0.13453815261044177,macro,0.5623351446188083,20,qwen3b,11,[1],1,instruction,1.0,2
16,0.13453815261044177,macro,0.9002560512685369,20,qwen3b,11,[1],1,instruction,1.0,3
64,0.27710843373493976,macro,1.2903856341678754,20,qwen3b,11,"[1, 17]",2,instruction,1.0,9
4,0.26506024096385544,macro,-0.0,20,qwen3b,11,[140],1,concise,1.0,1
16,0.26506024096385544,macro,-0.0,20,qwen3b,11,[140],1,concise,1.0,1
64,0.26506024096385544,macro,0.1607216478472394,20,qwen3b,11,[140],1,concise,1.0,3
4,0.142570281124498,macro,0.5623351446188083,20,qwen3b,11,[17],1,fewshot,1.0,2
16,0.4879518072289157,macro,1.628619830332818,20,qwen3b,11,"[1, 6, 140]",3,fewshot,1.0,7
64,0.4879518072289157,macro,1.792568730037257,20,qwen3b,11,"[1, 6, 140]",3,fewshot,1.0,11
4,0.142570281124498,macro,1.0397207708399179,20,qwen3b,11,[17],1,instruction,1.5,3
16,0.3654618473895582,macro,1.3862943611198906,20,qwen3b,11,"[1, 6, 17]",3,instruction,1.5,6
64,0.3654618473895582,macro,1.8313197573185498,20,qwen3b,11,"[1, 6, 17]",3,instruction,1.5,14
4,0.026033690658499236,macro,0.5623351446188083,21,qwen3b,11,[2],1,instruction,1.0,2
16,0.23124042879019907,macro,1.4402347497045995,21,qwen3b,11,"[1, 15]",2,instruction,1.0,6
64,0.23124042879019907,macro,1.2948816885612755,21,qwen3b,11,"[1, 15]",2,instruction,1.0,6
4,0.2450229709035222,macro,0.5623351446188083,21,qwen3b,11,[131],1,concise,1.0,2
16,0.4655436447166922,macro,0.918045918065631,21,qwen3b,11,"[131, 217]",2,concise,1.0,4
64,0.4655436447166922,macro,0.6582028293843487,21,qwen3b,11,"[131, 217]",2,concise,1.0,4
4,0.2450229709035222,macro,0.5623351446188083,21,qwen3b,11,[131],1,fewshot,1.0,2
16,0.2450229709035222,macro,0.7774621319109288,21,qwen3b,11,[131],1,fewshot,1.0,3
64,0.3552833078101072,macro,0.8424446800884235,21,qwen3b,11,"[1, 131]",2,fewshot,1.0,5
4,0.026033690658499236,macro,0.5623351446188083,21,qwen3b,11,[2],1,instruction,1.5,2
16,0.026033690658499236,macro,1.628619830332818,21,qwen3b,11,[2],1,instruction,1.5,7
64,0.23124042879019907,macro,2.0046570253770275,21,qwen3b,11,"[1, 15]",2,instruction,1.5,14
4,0.0,macro,1.3862943611198906,22,qwen3b,11,[],0,instruction,1.0,4
16,0.0,macro,1.4402347497045995,22,qwen3b,11,[],0,instruction,1.0,6
64,0.0,macro,1.2912135464456957,22,qwen3b,11,[],0,instruction,1.0,9
4,0.06725663716814159,macro,1.0397207708399179,22,qwen3b,11,[177],1,concise,1.0,3
16,0.34690265486725663,macro,1.2468296415485096,22,qwen3b,11,"[23, 178]",2,concise,1.0,6
64,0.34690265486725663,macro,1.063324993397547,22,qwen3b,11,"[23, 178]",2,concise,1.0,8
4,0.4336283185840708,macro,1.3862943611198906,22,qwen3b,11,"[23, 191]",2,fewshot,1.0,4
16,0.4336283185840708,macro,1.488036044178116,22,qwen3b,11,"[23, 191]",2,fewshot,1.0,6
64,0.4336283185840708,macro,1.3249683385649809,22,qwen3b,11,"[23, 191]",2,fewshot,1.0,9
4,0.0,macro,1.3862943611198906,22,qwen3b,11,[],0,instruction,1.5,4
16,0.0,macro,1.977006172908861,22,qwen3b,11,[],0,instruction,1.5,9
64,0.10619469026548672,macro,1.9743916018048404,22,qwen3b,11,[25],1,instruction,1.5,16
4,0.045941807044410414,macro,0.6931471805599453,23,qwen3b,11,[16],1,instruction,1.0,2
16,0.045941807044410414,macro,1.3917397695183338,23,qwen3b,11,[16],1,instruction,1.0,5
64,0.045941807044410414,macro,1.4880915499412568,23,qwen3b,11,[16],1,instruction,1.0,7
4,0.37978560490045943,macro,1.3862943611198906,23,qwen3b,11,"[210, 236]",2,concise,1.0,4
16,0.37978560490045943,macro,2.1006789212792603,23,qwen3b,11,"[210, 236]",2,concise,1.0,9
64,0.37978560490045943,macro,2.557039235505487,23,qwen3b,11,"[210, 236]",2,concise,1.0,18
4,0.37978560490045943,macro,1.3862943611198906,23,qwen3b,11,"[210, 236]",2,fewshot,1.0,4
16,0.37978560490045943,macro,1.9486295057386989,23,qwen3b,11,"[210, 236]",2,fewshot,1.0,8
64,0.37978560490045943,macro,2.3006335658026797,23,qwen3b,11,"[210, 236]",2,fewshot,1.0,14
4,0.045941807044410414,macro,1.0397207708399179,23,qwen3b,11,[16],1,instruction,1.5,3
16,0.045941807044410414,macro,1.7666900269684684,23,qwen3b,11,[16],1,instruction,1.5,8
64,0.09494640122511486,macro,2.0425482543780165,23,qwen3b,11,[20],1,instruction,1.5,14
4,0.0,macro,0.5623351446188083,24,qwen3b,11,[],0,instruction,1.0,2
16,0.0,macro,1.249343231067561,24,qwen3b,11,[],0,instruction,1.0,5
64,0.2961240310077519,macro,1.3884339119174862,24,qwen3b,11,"[1, 25]",2,instruction,1.0,7
4,0.22945736434108527,macro,1.0397207708399179,24,qwen3b,11,[181],1,concise,1.0,3
16,0.22945736434108527,macro,1.6674619334292948,24,qwen3b,11,"[130, 181]",2,concise,1.0,6
64,0.22945736434108527,macro,1.5066956018763735,24,qwen3b,11,"[130, 181]",2,concise,1.0,8
4,0.11317829457364341,macro,0.6931471805599453,24,qwen3b,11,"[1, 130]",2,fewshot,1.0,2
16,0.31627906976744186,macro,1.7868083399845722,24,qwen3b,11,"[4, 130, 181]",3,fewshot,1.0,7
64,0.40310077519379844,macro,2.0569714423318946,24,qwen3b,11,"[61, 130, 181]",3,fewshot,1.0,12
4,0.11317829457364341,macro,1.0397207708399179,24,qwen3b,11,[1],1,instruction,1.5,3
16,0.2961240310077519,macro,2.0097091818941455,24,qwen3b,11,"[1, 25]",2,instruction,1.5,9
64,0.2961240310077519,macro,1.9406211642015396,24,qwen3b,11,"[1, 25]",2,instruction,1.5,15
4,0.0,macro,0.6931471805599453,25,qwen3b,11,[],0,instruction,1.0,2
16,0.0,macro,0.6931471805599453,25,qwen3b,11,[],0,instruction,1.0,2
64,0.125,macro,1.0972208744065008,25,qwen3b,11,"[1, 15]",2,instruction,1.0,6
4,0.25,macro,1.3862943611198906,25,qwen3b,11,"[47, 131]",2,concise,1.0,4
16,0.25,macro,0.908908734898781,25,qwen3b,11,"[47, 131]",2,concise,1.0,5
64,0.25,macro,1.1970206011865299,25,qwen3b,11,"[47, 131]",2,concise,1.0,10
4,0.125,macro,1.3862943611198906,25,qwen3b,11,"[1, 15]",2,fewshot,1.0,4
16,0.22602739726027396,macro,2.0636495704788542,25,qwen3b,11,"[15, 47]",2,fewshot,1.0,10
64,0.4486301369863014,macro,2.0865672146308785,25,qwen3b,11,"[47, 176]",2,fewshot,1.0,15
4,0.0,macro,1.0397207708399179,25,qwen3b,11,[],0,instruction,1.5,3
16,0.10102739726027397,macro,1.4183036843924253,25,qwen3b,11,[1],1,instruction,1.5,6
64,0.22602739726027396,macro,2.002092962939485,25,qwen3b,11,"[15, 47]",2,instruction,1.5,16
4,0.0,macro,1.0397207708399179,26,qwen3b,11,[],0,instruction,1.0,3
16,0.2790368271954674,macro,1.488036044178116,26,qwen3b,11,"[1, 123]",2,instruction,1.0,6
64,0.2790368271954674,macro,1.8027303639651153,26,qwen3b,11,"[1, 123]",2,instruction,1.0,10
4,0.0,macro,-0.0,26,qwen3b,11,[],0,concise,1.0,1
16,0.0,macro,-0.0,26,qwen3b,11,[],0,concise,1.0,1
64,0.17563739376770537,macro,0.1607216478472394,26,qwen3b,11,[123],1,concise,1.0,3
4,0.0,macro,1.0397207708399179,26,qwen3b,11,[],0,fewshot,1.0,3
16,0.4886685552407932,macro,1.8364223867541591,26,qwen3b,11,"[24, 46, 123]",3,fewshot,1.0,8
64,0.4886685552407932,macro,2.0394020803857216,26,qwen3b,11,"[24, 46, 123]",3,fewshot,1.0,13
4,0.0,macro,1.0397207708399179,26,qwen3b,11,[],0,instruction,1.5,3
16,0.3881019830028329,macro,1.8903627753388679,26,qwen3b,11,"[1, 24, 123]",3,instruction,1.5,8
64,0.3881019830028329,macro,2.244530006310409,26,qwen3b,11,"[1, 24, 123]",3,instruction,1.5,16
4,0.1035548686244204,macro,1.0397207708399179,27,qwen3b,11,[27],1,instruction,1.0,3
16,0.1143740340030912,macro,1.1626998334975678,27,qwen3b,11,"[1, 27]",2,instruction,1.0,4
64,0.18856259659969088,macro,1.470777554810692,27,qwen3b,11,"[7, 27]",2,instruction,1.0,8
4,0.1947449768160742,macro,0.5623351446188083,27,qwen3b,11,[198],1,concise,1.0,2
16,0.1947449768160742,macro,1.1274832349932322,27,qwen3b,11,[198],1,concise,1.0,5
64,0.3678516228748068,macro,1.2668299088151405,27,qwen3b,11,"[83, 198]",2,concise,1.0,7
4,0.1947449768160742,macro,1.3862943611198906,27,qwen3b,11,[198],1,fewshot,1.0,4
16,0.1947449768160742,macro,1.9927981441098426,27,qwen3b,11,[198],1,fewshot,1.0,9
64,0.2797527047913447,macro,2.159973604377346,27,qwen3b,11,"[7, 198]",2,fewshot,1.0,16
4,0.1035548686244204,macro,1.0397207708399179,27,qwen3b,11,[27],1,instruction,1.5,3
16,0.1143740340030912,macro,1.836422386754159,27,qwen3b,11,"[1, 27]",2,instruction,1.5,8
64,0.2797527047913447,macro,2.001107657985635,27,qwen3b,11,"[7, 198]",2,instruction,1.5,13
4,0.15692821368948248,macro,0.5623351446188083,28,qwen3b,11,[1],1,instruction,1.0,2
16,0.21869782971619364,macro,0.908908734898781,28,qwen3b,11,"[1, 7]",2,instruction,1.0,5
64,0.21869782971619364,macro,0.8379439222386068,28,qwen3b,11,"[1, 7]",2,instruction,1.0,5
4,0.21035058430717862,macro,0.5623351446188083,28,qwen3b,11,[78],1,concise,1.0,2
16,0.21035058430717862,macro,1.1246702892376168,28,qwen3b,11,[78],1,concise,1.0,4
64,0.21035058430717862,macro,1.2357874819557235,28,qwen3b,11,[78],1,concise,1.0,6
4,0.21035058430717862,macro,1.3862943611198906,28,qwen3b,11,[78],1,fewshot,1.0,4
16,0.31886477462437396,macro,1.4013926466081228,28,qwen3b,11,"[6, 78]",2,fewshot,1.0,5
64,0.31886477462437396,macro,1.4869581980554185,28,qwen3b,11,"[6, 78]",2,fewshot,1.0,11
4,0.15692821368948248,macro,0.5623351446188083,28,qwen3b,11,[1],1,instruction,1.5,2
16,0.21702838063439064,macro,1.5366498974881577,28,qwen3b,11,[6],1,instruction,1.5,8
64,0.21702838063439064,macro,1.7009591215738726,28,qwen3b,11,[6],1,instruction,1.5,14
4,0.0,macro,-0.0,29,qwen3b,11,[],0,instruction,1.0,1
16,0.0,macro,0.7356219397587946,29,qwen3b,11,[],0,instruction,1.0,3
64,0.0,macro,1.0984268799981578,29,qwen3b,11,[],0,instruction,1.0,7
4,0.20512820512820512,macro,1.0397207708399179,29,qwen3b,11,[251],1,concise,1.0,3
16,0.20512820512820512,macro,1.7666900269684684,29,qwen3b,11,[251],1,concise,1.0,8
64,0.20512820512820512,macro,1.8182938232174288,29,qwen3b,11,[251],1,concise,1.0,13
4,0.0,macro,0.5623351446188083,29,qwen3b,11,[],0,fewshot,1.0,2
16,0.22735042735042735,macro,1.6631355916141728,29,qwen3b,11,[11],1,fewshot,1.0,6
64,0.22735042735042735,macro,1.7971550259870506,29,qwen3b,11,[11],1,fewshot,1.0,9
4,0.0,macro,0.5623351446188083,29,qwen3b,11,[],0,instruction,1.5,2
16,0.22735042735042735,macro,1.840748728569281,29,qwen3b,11,[11],1,instruction,1.5,8
64,0.22735042735042735,macro,2.073042971677543,29,qwen3b,11,[11],1,instruction,1.5,18
4,0.0,macro,0.6931471805599453,30,qwen3b,11,[],0,instruction,1.0,2
16,0.23307086614173228,macro,1.2468296415485096,30,qwen3b,11,[10],1,instruction,1.0,6
64,0.23307086614173228,macro,1.4652832288622748,30,qwen3b,11,[10],1,instruction,1.0,10
4,0.0,macro,0.5623351446188083,30,qwen3b,11,[],0,concise,1.0,2
16,0.0,macro,0.908908734898781,30,qwen3b,11,[],0,concise,1.0,5
64,0.0,macro,1.178961306682959,30,qwen3b,11,[],0,concise,1.0,7
4,0.23307086614173228,macro,1.0397207708399179,30,qwen3b,11,[10],1,fewshot,1.0,3
16,0.23307086614173228,macro,1.6304325826288886,30,qwen3b,11,[10],1,fewshot,1.0,6
64,0.3669291338582677,macro,1.8612292389742757,30,qwen3b,11,"[10, 101]",2,fewshot,1.0,11
4,0.0,macro,1.0397207708399179,30,qwen3b,11,[],0,instruction,1.5,3
16,0.23307086614173228,macro,1.4500064999181648,30,qwen3b,11,[10],1,instruction,1.5,7
64,0.23307086614173228,macro,2.1511322679863385,30,qwen3b,11,[10],1,instruction,1.5,17
4,0.1967930029154519,macro,0.5623351446188083,31,qwen3b,11,"[1, 16]",2,instruction,1.0,2
16,0.1967930029154519,macro,1.103432909638192,31,qwen3b,11,"[1, 16]",2,instruction,1.0,4
64,0.28425655976676384,macro,1.4747985846885225,31,qwen3b,11,"[1, 132]",2,instruction,1.0,9
4,0.17784256559766765,macro,-0.0,31,qwen3b,11,[132],1,concise,1.0,1
16,0.17784256559766765,macro,-0.0,31,qwen3b,11,[132],1,concise,1.0,1
64,0.17784256559766765,macro,-0.0,31,qwen3b,11,[132],1,concise,1.0,1
4,0.17784256559766765,macro,-0.0,31,qwen3b,11,[132],1,fewshot,1.0,1
16,0.282798833819242,macro,0.7029189307735104,31,qwen3b,11,"[4, 132]",2,fewshot,1.0,3
64,0.49854227405247814,macro,1.0204587085735137,31,qwen3b,11,"[4, 132, 145]",3,fewshot,1.0,6
4,0.1967930029154519,macro,1.0397207708399179,31,qwen3b,11,"[1, 16]",2,instruction,1.5,3
16,0.3892128279883382,macro,1.9061547465398494,31,qwen3b,11,"[1, 4, 132]",3,instruction,1.5,8
64,0.3892128279883382,macro,1.9556603051706043,31,qwen3b,11,"[1, 4, 132]",3,instruction,1.5,14
4,0.0,macro,1.0397207708399179,16,qwen3b,22,[],0,instruction,1.0,3
16,0.0,macro,1.1432752061942137,16,qwen3b,22,[],0,instruction,1.0,4
64,0.0,macro,1.3504000216161276,16,qwen3b,22,[],0,instruction,1.0,8
4,0.0,macro,1.0397207708399179,16,qwen3b,22,[],0,concise,1.0,3
16,0.0,macro,1.1246702892376166,16,qwen3b,22,[],0,concise,1.0,4
64,0.0,macro,1.2206476514444102,16,qwen3b,22,[],0,concise,1.0,5
4,0.10101010101010101,macro,1.3862943611198906,16,qwen3b,22,[6],1,fewshot,1.0,4
16,0.2053872053872054,macro,2.0140355237092673,16,qwen3b,22,[222],1,fewshot,1.0,10
64,0.2053872053872054,macro,2.11154678207825,16,qwen3b,22,[222],1,fewshot,1.0,15
4,0.0,macro,1.0397207708399179,16,qwen3b,22,[],0,instruction,1.5,3
16,0.0,macro,1.9273921261392744,16,qwen3b,22,[],0,instruction,1.5,9
64,0.0,macro,2.1003380533939247,16,qwen3b,22,[],0,instruction,1.5,16
4,0.019938650306748466,macro,-0.0,17,qwen3b,22,[8],1,instruction,1.0,1
16,0.09815950920245399,macro,0.6019239717322895,17,qwen3b,22,[17],1,instruction,1.0,3
64,0.09815950920245399,macro,0.8269017626458208,17,qwen3b,22,[17],1,instruction,1.0,6
4,0.19631901840490798,macro,0.5623351446188083,17,qwen3b,22,[143],1,concise,1.0,2
16,0.19631901840490798,macro,0.2337916587064593,17,qwen3b,22,[143],1,concise,1.0,2
64,0.19631901840490798,macro,0.2689376052451348,17,qwen3b,22,[143],1,concise,1.0,3
4,0.11196319018404909,macro,1.3862943611198906,17,qwen3b,22,"[17, 152]",2,fewshot,1.0,4
16,0.19631901840490798,macro,1.6674619334292948,17,qwen3b,22,[143],1,fewshot,1.0,7
64,0.19631901840490798,macro,1.5882841056181096,17,qwen3b,22,[143],1,fewshot,1.0,9
4,0.019938650306748466,macro,-0.0,17,qwen3b,22,[8],1,instruction,1.5,1
16,0.09815950920245399,macro,0.9180459180656309,17,qwen3b,22,[17],1,instruction,1.5,4
64,0.09815950920245399,macro,1.2161117823675167,17,qwen3b,22,[17],1,instruction,1.5,8
4,0.1036036036036036,macro,-0.0,18,qwen3b,22,[8],1,instruction,1.0,1
16,0.1036036036036036,macro,0.2337916587064593,18,qwen3b,22,[8],1,instruction,1.0,2
64,0.14414414414414414,macro,0.24070643156948457,18,qwen3b,22,"[8, 44]",2,instruction,1.0,4
4,0.21021021021021022,macro,0.5623351446188083,18,qwen3b,22,[84],1,concise,1.0,2
16,0.21021021021021022,macro,0.46341355882643,18,qwen3b,22,[84],1,concise,1.0,3
64,0.21021021021021022,macro,0.83828373678469,18,qwen3b,22,[84],1,concise,1.0,7
4,0.1036036036036036,macro,1.0397207708399179,18,qwen3b,22,[8],1,fewshot,1.0,3
16,0.21021021021021022,macro,1.6020559154587264,18,qwen3b,22,[84],1,fewshot,1.0,6
64,0.21021021021021022,macro,1.6776948430666374,18,qwen3b,22,[84],1,fewshot,1.0,8
4,0.1036036036036036,macro,-0.0,18,qwen3b,22,[8],1,instruction,1.5,1
16,0.1036036036036036,macro,0.2337916587064593,18,qwen3b,22,[8],1,instruction,1.5,2
64,0.14414414414414414,macro,0.4357849062669828,18,qwen3b,22,"[8, 44]",2,instruction,1.5,5
4,0.11461794019933555,macro,0.5623351446188083,19,qwen3b,22,[14],1,instruction,1.0,2
16,0.11461794019933555,macro,0.8647400965276372,19,qwen3b,22,[14],1,instruction,1.0,3
64,0.11461794019933555,macro,1.199324283766478,19,qwen3b,22,[14],1,instruction,1.0,8
4,0.11461794019933555,macro,1.0397207708399179,19,qwen3b,22,[14],1,concise,1.0,3
16,0.23255813953488372,macro,0.908908734898781,19,qwen3b,22,[194],1,concise,1.0,5
64,0.23255813953488372,macro,1.0480110144206207,19,qwen3b,22,[194],1,concise,1.0,8
4,0.11461794019933555,macro,0.5623351446188083,19,qwen3b,22,[14],1,fewshot,1.0,2
16,0.11461794019933555,macro,1.0373923246209082,19,qwen3b,22,[14],1,fewshot,1.0,5
64,0.23255813953488372,macro,1.417158509629172,19,qwen3b,22,[194],1,fewshot,1.0,10
4,0.11461794019933555,macro,1.0397207708399179,19,qwen3b,22,[14],1,instruction,1.5,3
16,0.11461794019933555,macro,1.42876912031874,19,qwen3b,22,[14],1,instruction,1.5,6
64,0.11461794019933555,macro,1.924708690947151,19,qwen3b,22,[14],1,instruction,1.5,14
4,0.0,macro,0.5623351446188083,20,qwen3b,22,[],0,instruction,1.0,2
16,0.27710843373493976,macro,1.5977295736436044,20,qwen3b,22,"[1, 17]",2,instruction,1.0,7
64,0.27710843373493976,macro,1.1733357060833822,20,qwen3b,22,"[1, 17]",2,instruction,1.0,8
4,0.26506024096385544,macro,-0.0,20,qwen3b,22,[140],1,concise,1.0,1
16,0.26506024096385544,macro,-0.0,20,qwen3b,22,[140],1,concise,1.0,1
64,0.26506024096385544,macro,-0.0,20,qwen3b,22,[140],1,concise,1.0,1
4,0.13453815261044177,macro,1.0397207708399179,20,qwen3b,22,[1],1,fewshot,1.0,3
16,0.39959839357429716,macro,1.482709508903449,20,qwen3b,22,"[1, 140]",2,fewshot,1.0,5
64,0.4879518072289157,macro,1.6933689616034835,20,qwen3b,22,"[1, 6, 140]",3,fewshot,1.0,10
4,0.13453815261044177,macro,1.0397207708399179,20,qwen3b,22,[1],1,instruction,1.5,3
16,0.27710843373493976,macro,2.0140355237092673,20,qwen3b,22,"[1, 17]",2,instruction,1.5,9
64,0.3654618473895582,macro,1.688314330464073,20,qwen3b,22,"[1, 6, 17]",3,instruction,1.5,12
4,0.11026033690658499,macro,1.0397207708399179,21,qwen3b,22,[1],1,instruction,1.0,3
16,0.23124042879019907,macro,1.0373923246209082,21,qwen3b,22,"[1, 15]",2,instruction,1.0,5
64,0.3552833078101072,macro,1.5350462598722574,21,qwen3b,22,"[1, 131]",2,instruction,1.0,10
4,0.2450229709035222,macro,1.0397207708399179,21,qwen3b,22,[131],1,concise,1.0,3
16,0.2450229709035222,macro,0.6885673693022827,21,qwen3b,22,[131],1,concise,1.0,4
64,0.2450229709035222,macro,0.8740425550059355,21,qwen3b,22,[131],1,concise,1.0,7
4,0.23124042879019907,macro,1.0397207708399179,21,qwen3b,22,"[1, 15]",2,fewshot,1.0,3
16,0.3552833078101072,macro,1.2996509635498974,21,qwen3b,22,"[1, 131]",2,fewshot,1.0,5
64,0.3552833078101072,macro,1.4377626003383466,21,qwen3b,22,"[1, 131]",2,fewshot,1.0,6
4,0.039816232771822356,macro,1.0397207708399179,21,qwen3b,22,[5],1,instruction,1.5,3
16,0.16079632465543645,macro,1.6613228393181023,21,qwen3b,22,"[5, 15]",2,instruction,1.5,7
64,0.39509954058192953,macro,1.9528275469038305,21,qwen3b,22,"[1, 5, 131]",3,instruction,1.5,15
4,0.0,macro,-0.0,22,qwen3b,22,[],0,instruction,1.0,1
16,0.0,macro,1.040839837423239,22,qwen3b,22,[],0,instruction,1.0,4
64,0.0,macro,1.2514653551807542,22,qwen3b,22,[],0,instruction,1.0,7
4,0.2176991150442478,macro,0.5623351446188083,22,qwen3b,22,[23],1,concise,1.0,2
16,0.2176991150442478,macro,1.6674619334292948,22,qwen3b,22,[23],1,concise,1.0,7
64,0.34690265486725663,macro,1.922173723959808,22,qwen3b,22,"[23, 178]",2,concise,1.0,13
4,0.0,macro,0.5623351446188083,22,qwen3b,22,[],0,fewshot,1.0,2
16,0.4336283185840708,macro,2.0467385326945515,22,qwen3b,22,"[23, 191]",2,fewshot,1.0,9
64,0.4336283185840708,macro,2.511289537781535,22,qwen3b,22,"[23, 191]",2,fewshot,1.0,18
4,0.0,macro,0.6931471805599453,22,qwen3b,22,[],0,instruction,1.5,2
16,0.0,macro,1.9770061729088613,22,qwen3b,22,[],0,instruction,1.5,9
64,0.0,macro,1.9641512610200045,22,qwen3b,22,[],0,instruction,1.5,13
4,0.0,macro,1.0397207708399179,23,qwen3b,22,[],0,instruction,1.0,3
16,0.0,macro,0.8647400965276372,23,qwen3b,22,[],0,instruction,1.0,3
64,0.0,macro,1.2515552620844024,23,qwen3b,22,[],0,instruction,1.0,8
4,0.0,macro,1.3862943611198906,23,qwen3b,22,[],0,concise,1.0,4
16,0.19295558958652373,macro,1.7170759801988817,23,qwen3b,22,[236],1,concise,1.0,7
64,0.19295558958652373,macro,1.6556554361580993,23,qwen3b,22,[236],1,concise,1.0,11
4,0.09494640122511486,macro,1.0397207708399179,23,qwen3b,22,[20],1,fewshot,1.0,3
16,0.19295558958652373,macro,1.5607002228431979,23,qwen3b,22,[236],1,fewshot,1.0,6
64,0.37978560490045943,macro,1.5834829826474464,23,qwen3b,22,"[210, 236]",2,fewshot,1.0,10
4,0.0,macro,1.0397207708399179,23,qwen3b,22,[],0,instruction,1.5,3
16,0.0,macro,1.488036044178116,23,qwen3b,22,[],0,instruction,1.5,6
64,0.0,macro,1.680108859936808,23,qwen3b,22,[],0,instruction,1.5,11
4,0.0,macro,0.5623351446188083,24,qwen3b,22,[],0,instruction,1.0,2
16,0.11317829457364341,macro,1.3633631023481716,24,qwen3b,22,"[1, 130]",2,instruction,1.0,6
64,0.11317829457364341,macro,1.381012591579789,24,qwen3b,22,"[1, 130]",2,instruction,1.0,9
4,0.0,macro,0.6931471805599453,24,qwen3b,22,[],0,concise,1.0,2
16,0.22945736434108527,macro,1.18030455699462,24,qwen3b,22,"[130, 181]",2,concise,1.0,4
64,0.22945736434108527,macro,1.2597310143307234,24,qwen3b,22,"[130, 181]",2,concise,1.0,6
4,0.11317829457364341,macro,1.3862943611198906,24,qwen3b,22,[1],1,fewshot,1.0,4
16,0.11317829457364341,macro,1.5977295736436044,24,qwen3b,22,"[1, 130]",2,fewshot,1.0,7
64,0.2062015503875969,macro,1.6489378968872828,24,qwen3b,22,"[1, 22]",2,fewshot,1.0,10
4,0.0,macro,1.0397207708399179,24,qwen3b,22,[],0,instruction,1.5,3
16,0.11317829457364341,macro,1.840748728569281,24,qwen3b,22,"[1, 130]",2,instruction,1.5,8
64,0.11317829457364341,macro,1.9191772944702001,24,qwen3b,22,"[1, 130]",2,instruction,1.5,13
4,0.023972602739726026,macro,1.3862943611198906,25,qwen3b,22,[15],1,instruction,1.0,4
16,0.023972602739726026,macro,1.3862943611198906,25,qwen3b,22,[15],1,instruction,1.0,6
64,0.023972602739726026,macro,1.3125648268725842,25,qwen3b,22,[15],1,instruction,1.0,8
4,0.20205479452054795,macro,0.5623351446188083,25,qwen3b,22,[47],1,concise,1.0,2
16,0.25,macro,0.8222653373287878,25,qwen3b,22,"[47, 131]",2,concise,1.0,4
64,0.25,macro,1.2171172796765073,25,qwen3b,22,"[47, 131]",2,concise,1.0,5
4,0.22602739726027396,macro,1.3862943611198906,25,qwen3b,22,"[15, 47]",2,fewshot,1.0,4
16,0.22602739726027396,macro,1.6674619334292948,25,qwen3b,22,"[15, 47]",2,fewshot,1.0,7
64,0.22602739726027396,macro,1.982035751162887,25,qwen3b,22,"[15, 47]",2,fewshot,1.0,10
4,0.023972602739726026,macro,1.3862943611198906,25,qwen3b,22,[15],1,instruction,1.5,4
16,0.023972602739726026,macro,1.5268781472745927,25,qwen3b,22,[15],1,instruction,1.5,7
64,0.023972602739726026,macro,1.9267246493367582,25,qwen3b,22,[15],1,instruction,1.5,14
4,0.17563739376770537,macro,1.0397207708399179,26,qwen3b,22,[123],1,instruction,1.0,3
16,0.17563739376770537,macro,0.9470571522825083,26,qwen3b,22,[123],1,instruction,1.0,3
64,0.2790368271954674,macro,1.3880282104632795,26,qwen3b,22,"[1, 123]",2,instruction,1.0,8
4,0.17563739376770537,macro,0.5623351446188083,26,qwen3b,22,[123],1,concise,1.0,2
16,0.17563739376770537,macro,0.6019239717322894,26,qwen3b,22,[123],1,concise,1.0,3
64,0.17563739376770537,macro,0.5283961070039248,26,qwen3b,22,[123],1,concise,1.0,5
4,0.17563739376770537,macro,1.0397207708399179,26,qwen3b,22,[123],1,fewshot,1.0,3
16,0.17563739376770537,macro,1.4183036843924253,26,qwen3b,22,[123],1,fewshot,1.0,6
64,0.17563739376770537,macro,1.6038407373514108,26,qwen3b,22,[123],1,fewshot,1.0,9
4,0.17563739376770537,macro,0.6931471805599453,26,qwen3b,22,[123],1,instruction,1.5,2
16,0.2790368271954674,macro,1.7170759801988817,26,qwen3b,22,"[1, 123]",2,instruction,1.5,7
64,0.3045325779036827,macro,1.9342123300923462,26,qwen3b,22,"[1, 5, 123]",3,instruction,1.5,13
4,0.0,macro,1.0397207708399179,27,qwen3b,22,[],0,instruction,1.0,3
16,0.010819165378670788,macro,1.3862943611198906,27,qwen3b,22,[1],1,instruction,1.0,6
64,0.010819165378670788,macro,1.2960697032715343,27,qwen3b,22,[1],1,instruction,1.0,9
4,0.0,macro,1.0397207708399179,27,qwen3b,22,[],0,concise,1.0,3
16,0.0,macro,1.331660286822432,27,qwen3b,22,[],0,concise,1.0,5
64,0.0,macro,1.7367176495122663,27,qwen3b,22,[],0,concise,1.0,9
4,0.0,macro,0.6931471805599453,27,qwen3b,22,[],0,fewshot,1.0,2
16,0.010819165378670788,macro,1.461472129304024,27,qwen3b,22,[1],1,fewshot,1.0,5
64,0.010819165378670788,macro,1.774512961387376,27,qwen3b,22,[1],1,fewshot,1.0,10
4,0.0,macro,1.0397207708399179,27,qwen3b,22,[],0,instruction,1.5,3
16,0.010819165378670788,macro,1.4880360441781157,27,qwen3b,22,[1],1,instruction,1.5,6
64,0.010819165378670788,macro,1.6477018018732779,27,qwen3b,22,[1],1,instruction,1.5,12
4,0.0,macro,0.5623351446188083,28,qwen3b,22,[],0,instruction,1.0,2
16,0.0,macro,0.7356219397587946,28,qwen3b,22,[],0,instruction,1.0,3
64,0.0,macro,0.7525740090721481,28,qwen3b,22,[],0,instruction,1.0,5
4,0.0,macro,1.0397207708399179,28,qwen3b,22,[],0,concise,1.0,3
16,0.0,macro,1.4226300262075475,28,qwen3b,22,[],0,concise,1.0,5
64,0.21035058430717862,macro,1.811380362458101,28,qwen3b,22,[78],1,concise,1.0,8
4,0.0,macro,0.6931471805599453,28,qwen3b,22,[],0,fewshot,1.0,2
16,0.21702838063439064,macro,0.8222653373287878,28,qwen3b,22,[6],1,fewshot,1.0,4
64,0.21702838063439064,macro,0.7996429855197869,28,qwen3b,22,[6],1,fewshot,1.0,5
4,0.0,macro,1.0397207708399179,28,qwen3b,22,[],0,instruction,1.5,3
16,0.21702838063439064,macro,1.1601862439785164,28,qwen3b,22,[6],1,instruction,1.5,5
64,0.21702838063439064,macro,1.7826964764822937,28,qwen3b,22,[6],1,instruction,1.5,15
4,0.0,macro,-0.0,29,qwen3b,22,[],0,instruction,1.0,1
16,0.0,macro,0.6019239717322894,29,qwen3b,22,[],0,instruction,1.0,3
64,0.0,macro,0.5283961070039248,29,qwen3b,22,[],0,instruction,1.0,5
4,0.0,macro,1.0397207708399179,29,qwen3b,22,[],0,concise,1.0,3
16,0.0,macro,0.7356219397587946,29,qwen3b,22,[],0,concise,1.0,3
64,0.0,macro,0.9375435965505681,29,qwen3b,22,[],0,concise,1.0,5
4,0.0,macro,1.0397207708399179,29,qwen3b,22,[],0,fewshot,1.0,3
16,0.0,macro,1.2123138802671547,29,qwen3b,22,[],0,fewshot,1.0,4
64,0.0,macro,1.51188890539351,29,qwen3b,22,[],0,fewshot,1.0,7
4,0.0,macro,0.5623351446188083,29,qwen3b,22,[],0,instruction,1.5,2
16,0.0,macro,1.2767197047781784,29,qwen3b,22,[],0,instruction,1.5,5
64,0.0,macro,1.515123833437781,29,qwen3b,22,[],0,instruction,1.5,12
4,0.0,macro,0.5623351446188083,30,qwen3b,22,[],0,instruction,1.0,2
16,0.0,macro,0.2337916587064593,30,qwen3b,22,[],0,instruction,1.0,2
64,0.0,macro,0.9586516808934952,30,qwen3b,22,[],0,instruction,1.0,8
4,0.0,macro,-0.0,30,qwen3b,22,[],0,concise,1.0,1
16,0.0,macro,0.9840865030829147,30,qwen3b,22,[],0,concise,1.0,3
64,0.0,macro,1.1087971046276615,30,qwen3b,22,[],0,concise,1.0,5
4,0.0,macro,0.5623351446188083,30,qwen3b,22,[],0,fewshot,1.0,2
16,0.0,macro,0.6019239717322895,30,qwen3b,22,[],0,fewshot,1.0,3
64,0.0,macro,1.238071777747436,30,qwen3b,22,[],0,fewshot,1.0,7
4,0.0,macro,0.5623351446188083,30,qwen3b,22,[],0,instruction,1.5,2
16,0.025196850393700787,macro,1.4729377586898837,30,qwen3b,22,[7],1,instruction,1.5,6
64,0.04566929133858268,macro,1.9075160986394604,30,qwen3b,22,"[7, 25]",2,instruction,1.5,15
4,0.08746355685131195,macro,0.5623351446188083,31,qwen3b,22,[16],1,instruction,1.0,2
16,0.28425655976676384,macro,1.249343231067561,31,qwen3b,22,"[1, 132]",2,instruction,1.0,5
64,0.28425655976676384,macro,1.3330896256445357,31,qwen3b,22,"[1, 132]",2,instruction,1.0,7
4,0.17784256559766765,macro,-0.0,31,qwen3b,22,[132],1,concise,1.0,1
16,0.17784256559766765,macro,-0.0,31,qwen3b,22,[132],1,concise,1.0,1
64,0.17784256559766765,macro,-0.0,31,qwen3b,22,[132],1,concise,1.0,1
4,0.17784256559766765,macro,1.0397207708399179,31,qwen3b,22,[132],1,fewshot,1.0,3
16,0.28425655976676384,macro,1.1240357221909014,31,qwen3b,22,"[1, 132]",2,fewshot,1.0,6
64,0.28425655976676384,macro,1.3686340331107998,31,qwen3b,22,"[1, 132]",2,fewshot,1.0,8
4,0.08746355685131195,macro,1.0397207708399179,31,qwen3b,22,[16],1,instruction,1.5,3
16,0.28425655976676384,macro,1.5934032318284823,31,qwen3b,22,"[1, 132]",2,instruction,1.5,6
64,0.3032069970845481,macro,1.8186338137371558,31,qwen3b,22,"[1, 27, 132]",3,instruction,1.5,11
4,0.0,macro,-0.0,16,qwen3b,33,[],0,instruction,1.0,1
16,0.0,macro,1.069917341816382,16,qwen3b,33,[],0,instruction,1.0,4
64,0.0,macro,1.46017112427825,16,qwen3b,33,[],0,instruction,1.0,9
4,0.0,macro,-0.0,16,qwen3b,33,[],0,concise,1.0,1
16,0.0,macro,0.46341355882643,16,qwen3b,33,[],0,concise,1.0,3
64,0.2053872053872054,macro,0.7361168275333547,16,qwen3b,33,[222],1,concise,1.0,6
4,0.0,macro,0.5623351446188083,16,qwen3b,33,[],0,fewshot,1.0,2
16,0.0,macro,1.1601862439785164,16,qwen3b,33,[],0,fewshot,1.0,5
64,0.2053872053872054,macro,1.7188541685417962,16,qwen3b,33,[222],1,fewshot,1.0,13
4,0.0,macro,0.5623351446188083,16,qwen3b,33,[],0,instruction,1.5,2
16,0.0,macro,1.331660286822432,16,qwen3b,33,[],0,instruction,1.5,5
64,0.0,macro,1.7407878035101993,16,qwen3b,33,[],0,instruction,1.5,10
4,0.09815950920245399,macro,1.3862943611198906,17,qwen3b,33,[17],1,instruction,1.0,4
16,0.09815950920245399,macro,1.4244427785036178,17,qwen3b,33,[17],1,instruction,1.0,5
64,0.09815950920245399,macro,1.2396242838661142,17,qwen3b,33,[17],1,instruction,1.0,5
4,0.19631901840490798,macro,1.0397207708399179,17,qwen3b,33,[143],1,concise,1.0,3
16,0.19631901840490798,macro,0.6019239717322894,17,qwen3b,33,[143],1,concise,1.0,3
64,0.19631901840490798,macro,0.7356636394593371,17,qwen3b,33,[143],1,concise,1.0,7
4,0.19631901840490798,macro,1.0397207708399179,17,qwen3b,33,[143],1,fewshot,1.0,3
16,0.19631901840490798,macro,0.9868994488385301,17,qwen3b,33,[143],1,fewshot,1.0,4
64,0.19631901840490798,macro,0.9648379955972541,17,qwen3b,33,[143],1,fewshot,1.0,5
4,0.09815950920245399,macro,1.0397207708399179,17,qwen3b,33,[17],1,instruction,1.5,3
16,0.09815950920245399,macro,1.593403231828482,17,qwen3b,33,[17],1,instruction,1.5,6
64,0.11503067484662577,macro,1.8373323386573102,17,qwen3b,33,"[17, 89]",2,instruction,1.5,12
4,0.1036036036036036,macro,0.5623351446188083,18,qwen3b,33,[8],1,instruction,1.0,2
16,0.1036036036036036,macro,0.908908734898781,18,qwen3b,33,[8],1,instruction,1.0,5
64,0.14414414414414414,macro,0.8401933150497706,18,qwen3b,33,"[8, 44]",2,instruction,1.0,9
4,0.21021021021021022,macro,1.0397207708399179,18,qwen3b,33,[84],1,concise,1.0,3
16,0.21021021021021022,macro,1.1626998334975678,18,qwen3b,33,[84],1,concise,1.0,4
64,0.21021021021021022,macro,1.1439943873464398,18,qwen3b,33,[84],1,concise,1.0,5
4,0.21021021021021022,macro,1.0397207708399179,18,qwen3b,33,[84],1,fewshot,1.0,3
16,0.21021021021021022,macro,1.1432752061942137,18,qwen3b,33,[84],1,fewshot,1.0,4
64,0.21021021021021022,macro,1.1519863006598925,18,qwen3b,33,[84],1,fewshot,1.0,6
4,0.21021021021021022,macro,1.0397207708399179,18,qwen3b,33,[84],1,instruction,1.5,3
16,0.21021021021021022,macro,1.715263227902811,18,qwen3b,33,[84],1,instruction,1.5,8
64,0.21021021021021022,macro,1.616269906441578,18,qwen3b,33,[84],1,instruction,1.5,13
4,0.11461794019933555,macro,-0.0,19,qwen3b,33,[14],1,instruction,1.0,1
16,0.11461794019933555,macro,-0.0,19,qwen3b,33,[14],1,instruction,1.0,1
64,0.11461794019933555,macro,0.1607216478472394,19,qwen3b,33,[14],1,instruction,1.0,3
4,0.0,macro,-0.0,19,qwen3b,33,[],0,concise,1.0,1
16,0.10631229235880399,macro,0.48257756517701206,19,qwen3b,33,[124],1,concise,1.0,2
64,0.23255813953488372,macro,0.9897416651126921,19,qwen3b,33,[194],1,concise,1.0,5
4,0.11461794019933555,macro,1.0397207708399179,19,qwen3b,33,[14],1,fewshot,1.0,3
16,0.23255813953488372,macro,1.1432752061942137,19,qwen3b,33,[194],1,fewshot,1.0,4
64,0.23255813953488372,macro,1.2434345842381416,19,qwen3b,33,[194],1,fewshot,1.0,7
4,0.11461794019933555,macro,-0.0,19,qwen3b,33,[14],1,instruction,1.5,1
16,0.11461794019933555,macro,0.6885673693022827,19,qwen3b,33,[14],1,instruction,1.5,4
64,0.11461794019933555,macro,1.3267607970959543,19,qwen3b,33,[14],1,instruction,1.5,10
4,0.0,macro,1.0397207708399179,20,qwen3b,33,[],0,instruction,1.0,3
16,0.142570281124498,macro,1.2123138802671547,20,qwen3b,33,[17],1,instruction,1.0,4
64,0.27710843373493976,macro,1.647079798480683,20,qwen3b,33,"[1, 17]",2,instruction,1.0,7
4,0.26506024096385544,macro,-0.0,20,qwen3b,33,[140],1,concise,1.0,1
16,0.26506024096385544,macro,-0.0,20,qwen3b,33,[140],1,concise,1.0,1
64,0.26506024096385544,macro,-0.0,20,qwen3b,33,[140],1,concise,1.0,1
4,0.142570281124498,macro,0.5623351446188083,20,qwen3b,33,[17],1,fewshot,1.0,2
16,0.26506024096385544,macro,0.8222653373287878,20,qwen3b,33,[140],1,fewshot,1.0,4
64,0.26506024096385544,macro,0.9873151889293462,20,qwen3b,33,[140],1,fewshot,1.0,6
4,0.0,macro,0.5623351446188083,20,qwen3b,33,[],0,instruction,1.5,2
16,0.142570281124498,macro,1.9770061729088613,20,qwen3b,33,[17],1,instruction,1.5,9
64,0.39959839357429716,macro,2.1868806024737424,20,qwen3b,33,"[1, 140]",2,instruction,1.5,14
4,0.23124042879019907,macro,1.3862943611198906,21,qwen3b,33,"[1, 15]",2,instruction,1.0,4
16,0.23124042879019907,macro,1.3316602868224323,21,qwen3b,33,"[1, 15]",2,instruction,1.0,5
64,0.23124042879019907,macro,1.358433094427856,21,qwen3b,33,"[1, 15]",2,instruction,1.0,8
4,0.2450229709035222,macro,1.0397207708399179,21,qwen3b,33,[131],1,concise,1.0,3
16,0.2450229709035222,macro,0.6885673693022827,21,qwen3b,33,[131],1,concise,1.0,4
64,0.2450229709035222,macro,0.5851160309455273,21,qwen3b,33,[131],1,concise,1.0,5
4,0.3552833078101072,macro,1.0397207708399179,21,qwen3b,33,"[1, 131]",2,fewshot,1.0,3
16,0.3552833078101072,macro,1.1240357221909014,21,qwen3b,33,"[1, 131]",2,fewshot,1.0,6
64,0.3552833078101072,macro,0.9411270827978848,21,qwen3b,33,"[1, 131]",2,fewshot,1.0,8
4,0.11026033690658499,macro,1.0397207708399179,21,qwen3b,33,[1],1,instruction,1.5,3
16,0.23124042879019907,macro,1.511086176073611,21,qwen3b,33,"[1, 15]",2,instruction,1.5,6
64,0.3552833078101072,macro,1.8721813281753446,21,qwen3b,33,"[1, 131]",2,instruction,1.5,14
4,0.0,macro,1.3862943611198906,22,qwen3b,33,[],0,instruction,1.0,4
16,0.0,macro,1.8407487285692812,22,qwen3b,33,[],0,instruction,1.0,7
64,0.0,macro,1.8530217966904983,22,qwen3b,33,[],0,instruction,1.0,8
4,0.06725663716814159,macro,1.0397207708399179,22,qwen3b,33,[177],1,concise,1.0,3
16,0.34690265486725663,macro,1.5764921940441796,22,qwen3b,33,"[23, 178]",2,concise,1.0,6
64,0.34690265486725663,macro,1.5628793384640811,22,qwen3b,33,"[23, 178]",2,concise,1.0,7
4,0.215929203539823,macro,1.0397207708399179,22,qwen3b,33,[191],1,fewshot,1.0,3
16,0.4336283185840708,macro,2.252728336819822,22,qwen3b,33,"[23, 191]",2,fewshot,1.0,11
64,0.5380530973451327,macro,2.3699430786260414,22,qwen3b,33,"[23, 178, 191]",3,fewshot,1.0,15
4,0.0,macro,1.3862943611198906,22,qwen3b,33,[],0,instruction,1.5,4
16,0.0,macro,1.9061547465398494,22,qwen3b,33,[],0,instruction,1.5,8
64,0.0,macro,2.2372982559288377,22,qwen3b,33,[],0,instruction,1.5,14
4,0.0,macro,-0.0,23,qwen3b,33,[],0,instruction,1.0,1
16,0.045941807044410414,macro,1.040839837423239,23,qwen3b,33,[16],1,instruction,1.0,4
64,0.045941807044410414,macro,1.0653628713207346,23,qwen3b,33,[16],1,instruction,1.0,6
4,0.0,macro,0.5623351446188083,23,qwen3b,33,[],0,concise,1.0,2
16,0.027565084226646247,macro,1.103432909638192,23,qwen3b,33,[141],1,concise,1.0,4
64,0.013782542113323124,macro,1.501592062298965,23,qwen3b,33,[17],1,concise,1.0,8
4,0.09494640122511486,macro,1.0397207708399179,23,qwen3b,33,[20],1,fewshot,1.0,3
16,0.09494640122511486,macro,1.6674619334292948,23,qwen3b,33,[20],1,fewshot,1.0,7
64,0.19295558958652373,macro,1.8729976721149382,23,qwen3b,33,[236],1,fewshot,1.0,11
4,0.0,macro,1.0397207708399179,23,qwen3b,33,[],0,instruction,1.5,3
16,0.045941807044410414,macro,1.749778989184166,23,qwen3b,33,[16],1,instruction,1.5,7
64,0.045941807044410414,macro,1.8245332875752258,23,qwen3b,33,[16],1,instruction,1.5,11
4,0.0,macro,0.5623351446188083,24,qwen3b,33,[],0,instruction,1.0,2
16,0.0,macro,1.4402347497045995,24,qwen3b,33,[130],1,instruction,1.0,6
64,0.0,macro,1.2646446562649245,24,qwen3b,33,[130],1,instruction,1.0,9
4,0.0,macro,0.5623351446188083,24,qwen3b,33,[],0,concise,1.0,2
16,0.0,macro,1.3535913521346064,24,qwen3b,33,[130],1,concise,1.0,5
64,0.0,macro,1.5182981597823004,24,qwen3b,33,[130],1,concise,1.0,7
4,0.0,macro,1.0397207708399179,24,qwen3b,33,[130],1,fewshot,1.0,3
16,0.11317829457364341,macro,1.6674619334292948,24,qwen3b,33,"[1, 130]",2,fewshot,1.0,6
64,0.11317829457364341,macro,1.9953941135877937,24,qwen3b,33,"[1, 130]",2,fewshot,1.0,13
4,0.0,macro,1.0397207708399179,24,qwen3b,33,[],0,instruction,1.5,3
16,0.11317829457364341,macro,1.9273921261392744,24,qwen3b,33,"[1, 130]",2,instruction,1.5,9
64,0.11317829457364341,macro,1.863741211780446,24,qwen3b,33,"[1, 130]",2,instruction,1.5,14
4,0.0,macro,1.0397207708399179,25,qwen3b,33,[],0,instruction,1.0,3
16,0.10102739726027397,macro,1.3917397695183338,25,qwen3b,33,[1],1,instruction,1.0,5
64,0.125,macro,1.5412025443582609,25,qwen3b,33,"[1, 15]",2,instruction,1.0,8
4,0.04794520547945205,macro,1.0397207708399179,25,qwen3b,33,[131],1,concise,1.0,3
16,0.04794520547945205,macro,1.2130075659799042,25,qwen3b,33,[131],1,concise,1.0,4
64,0.04794520547945205,macro,1.6284272594875853,25,qwen3b,33,[131],1,concise,1.0,10
4,0.0,macro,0.5623351446188083,25,qwen3b,33,[],0,fewshot,1.0,2
16,0.023972602739726026,macro,1.18030455699462,25,qwen3b,33,[15],1,fewshot,1.0,4
64,0.125,macro,1.3992977310619175,25,qwen3b,33,"[1, 15]",2,fewshot,1.0,8
4,0.0,macro,1.0397207708399179,25,qwen3b,33,[],0,instruction,1.5,3
16,0.10102739726027397,macro,1.7170759801988817,25,qwen3b,33,[1],1,instruction,1.5,7
64,0.125,macro,1.864688263916373,25,qwen3b,33,"[1, 15]",2,instruction,1.5,12
4,0.08640226628895184,macro,-0.0,26,qwen3b,33,[14],1,instruction,1.0,1
16,0.17563739376770537,macro,1.1432752061942137,26,qwen3b,33,[123],1,instruction,1.0,4
64,0.2790368271954674,macro,1.1833966924035966,26,qwen3b,33,"[1, 123]",2,instruction,1.0,8
4,0.17563739376770537,macro,0.5623351446188083,26,qwen3b,33,[123],1,concise,1.0,2
16,0.17563739376770537,macro,0.5623351446188083,26,qwen3b,33,[123],1,concise,1.0,2
64,0.17563739376770537,macro,0.9154614701876107,26,qwen3b,33,[123],1,concise,1.0,5
4,0.17563739376770537,macro,-0.0,26,qwen3b,33,[123],1,fewshot,1.0,1
16,0.17563739376770537,macro,0.6019239717322894,26,qwen3b,33,[123],1,fewshot,1.0,3
64,0.17563739376770537,macro,1.2468102622069188,26,qwen3b,33,[123],1,fewshot,1.0,8
4,0.08640226628895184,macro,-0.0,26,qwen3b,33,[14],1,instruction,1.5,1
16,0.17563739376770537,macro,1.5977295736436044,26,qwen3b,33,[123],1,instruction,1.5,7
64,0.2790368271954674,macro,1.907465990854889,26,qwen3b,33,"[1, 123]",2,instruction,1.5,13
4,0.0,macro,-0.0,27,qwen3b,33,[],0,instruction,1.0,1
16,0.0,macro,1.040839837423239,27,qwen3b,33,[],0,instruction,1.0,4
64,0.010819165378670788,macro,1.517943566791607,27,qwen3b,33,[1],1,instruction,1.0,9
4,0.0,macro,1.0397207708399179,27,qwen3b,33,[],0,concise,1.0,3
16,0.0,macro,0.7774621319109287,27,qwen3b,33,[],0,concise,1.0,3
64,0.1947449768160742,macro,1.1183029074979718,27,qwen3b,33,[198],1,concise,1.0,8
4,0.0,macro,1.3862943611198906,27,qwen3b,33,[],0,fewshot,1.0,4
16,0.0,macro,1.8364223867541591,27,qwen3b,33,[],0,fewshot,1.0,8
64,0.1947449768160742,macro,2.0267765595710108,27,qwen3b,33,[198],1,fewshot,1.0,13
4,0.0,macro,1.3862943611198906,27,qwen3b,33,[],0,instruction,1.5,4
16,0.0,macro,1.7710163687835907,27,qwen3b,33,[],0,instruction,1.5,7
64,0.010819165378670788,macro,2.093410455692923,27,qwen3b,33,[1],1,instruction,1.5,13
4,0.0,macro,-0.0,28,qwen3b,33,[],0,instruction,1.0,1
16,0.0,macro,0.46341355882643,28,qwen3b,33,[],0,instruction,1.0,3
64,0.0,macro,0.7814769408535163,28,qwen3b,33,[],0,instruction,1.0,5
4,0.0,macro,0.5623351446188083,28,qwen3b,33,[],0,concise,1.0,2
16,0.0,macro,0.9470571522825082,28,qwen3b,33,[],0,concise,1.0,3
64,0.0,macro,0.9473523214255914,28,qwen3b,33,[],0,concise,1.0,4
4,0.0,macro,0.5623351446188083,28,qwen3b,33,[],0,fewshot,1.0,2
16,0.0,macro,0.918045918065631,28,qwen3b,33,[],0,fewshot,1.0,4
64,0.08013355592654424,macro,1.190502940174773,28,qwen3b,33,[73],1,fewshot,1.0,8
4,0.0,macro,0.5623351446188083,28,qwen3b,33,[],0,instruction,1.5,2
16,0.0,macro,1.1601862439785164,28,qwen3b,33,[],0,instruction,1.5,5
64,0.0,macro,1.4321499401786684,28,qwen3b,33,[],0,instruction,1.5,8
4,0.0,macro,0.5623351446188083,29,qwen3b,33,[],0,instruction,1.0,2
16,0.0,macro,0.8305236914828464,29,qwen3b,33,[],0,instruction,1.0,3
64,0.0,macro,0.7670699176065032,29,qwen3b,33,[],0,instruction,1.0,6
4,0.0,macro,0.5623351446188083,29,qwen3b,33,[],0,concise,1.0,2
16,0.0,macro,1.229918603764207,29,qwen3b,33,[],0,concise,1.0,5
64,0.0,macro,1.4377283116957793,29,qwen3b,33,[],0,concise,1.0,9
4,0.0,macro,1.0397207708399179,29,qwen3b,33,[],0,fewshot,1.0,3
16,0.0,macro,1.1034329096381919,29,qwen3b,33,[],0,fewshot,1.0,4
64,0.22735042735042735,macro,1.4263961761522779,29,qwen3b,33,[11],1,fewshot,1.0,9
4,0.0,macro,0.5623351446188083,29,qwen3b,33,[],0,instruction,1.5,2
16,0.0,macro,1.2468296415485096,29,qwen3b,33,[],0,instruction,1.5,6
64,0.22735042735042735,macro,1.509111252099021,29,qwen3b,33,[11],1,instruction,1.5,14
4,0.0,macro,1.0397207708399179,30,qwen3b,33,[],0,instruction,1.0,3
16,0.0,macro,1.1601862439785164,30,qwen3b,33,[],0,instruction,1.0,5
64,0.0,macro,0.9844037508582852,30,qwen3b,33,[],0,instruction,1.0,6
4,0.0,macro,1.3862943611198906,30,qwen3b,33,[],0,concise,1.0,4
16,0.0,macro,1.3633631023481714,30,qwen3b,33,[],0,concise,1.0,6
64,0.0,macro,1.0628826115857295,30,qwen3b,33,[],0,concise,1.0,6
4,0.0,macro,1.0397207708399179,30,qwen3b,33,[],0,fewshot,1.0,3
16,0.0,macro,1.5764921940441796,30,qwen3b,33,[],0,fewshot,1.0,6
64,0.0,macro,1.4519093472281612,30,qwen3b,33,[],0,fewshot,1.0,8
4,0.0,macro,1.3862943611198906,30,qwen3b,33,[],0,instruction,1.5,4
16,0.0,macro,2.0140355237092673,30,qwen3b,33,[],0,instruction,1.5,10
64,0.02204724409448819,macro,2.0632430691117536,30,qwen3b,33,[9],1,instruction,1.5,16
4,0.08746355685131195,macro,-0.0,31,qwen3b,33,[16],1,instruction,1.0,1
16,0.17784256559766765,macro,0.8222653373287878,31,qwen3b,33,[132],1,instruction,1.0,4
64,0.17784256559766765,macro,1.0401739920602746,31,qwen3b,33,[132],1,instruction,1.0,7
4,0.17784256559766765,macro,-0.0,31,qwen3b,33,[132],1,concise,1.0,1
16,0.17784256559766765,macro,-0.0,31,qwen3b,33,[132],1,concise,1.0,1
64,0.17784256559766765,macro,0.13906079845474112,31,qwen3b,33,[132],1,concise,1.0,2
4,0.17784256559766765,macro,-0.0,31,qwen3b,33,[132],1,fewshot,1.0,1
16,0.17784256559766765,macro,-0.0,31,qwen3b,33,[132],1,fewshot,1.0,1
64,0.17784256559766765,macro,0.08048483706800685,31,qwen3b,33,[132],1,fewshot,1.0,2
4,0.08746355685131195,macro,0.5623351446188083,31,qwen3b,33,[16],1,instruction,1.5,2
16,0.08746355685131195,macro,1.715263227902811,31,qwen3b,33,[16],1,instruction,1.5,8
64,0.28425655976676384,macro,2.103948408915172,31,qwen3b,33,"[1, 132]",2,instruction,1.5,15
4,0.08754208754208755,base,1.3862943611198906,16,smol1.7b,11,[65],1,instruction,1.0,4
16,0.367003367003367,base,2.685945324669788,16,smol1.7b,11,"[6, 214]",2,instruction,1.0,15
64,0.4713804713804714,base,3.268201617566607,16,smol1.7b,11,"[214, 222]",2,instruction,1.0,32
4,0.0,base,1.3862943611198906,16,smol1.7b,11,[],0,concise,1.0,4
16,0.4713804713804714,base,2.479955520544517,16,smol1.7b,11,"[214, 222]",2,concise,1.0,13
64,0.4713804713804714,base,3.077481732480199,16,smol1.7b,11,"[214, 222]",2,concise,1.0,27
4,0.0,base,1.0397207708399179,16,smol1.7b,11,[],0,fewshot,1.0,3
16,0.4713804713804714,base,2.5126585295298014,16,smol1.7b,11,"[214, 222]",2,fewshot,1.0,13
64,0.5454545454545454,base,3.2412314232742534,16,smol1.7b,11,"[29, 214, 222]",3,fewshot,1.0,30
4,0.0,base,1.0397207708399179,16,smol1.7b,11,[],0,instruction,1.5,3
16,0.4713804713804714,base,2.599301927099795,16,smol1.7b,11,"[214, 222]",2,instruction,1.5,14
64,0.5454545454545454,base,3.460003088106798,16,smol1.7b,11,"[29, 214, 222]",3,instruction,1.5,36
4,0.2147239263803681,base,1.3862943611198906,17,smol1.7b,11,[235],1,instruction,1.0,4
16,0.2147239263803681,base,2.3933121229745242,17,smol1.7b,11,[235],1,instruction,1.0,12
64,0.4110429447852761,base,3.219117385807737,17,smol1.7b,11,"[143, 235]",2,instruction,1.0,33
4,0.2147239263803681,base,1.3862943611198906,17,smol1.7b,11,[235],1,concise,1.0,4
16,0.24233128834355827,base,2.2739657164192466,17,smol1.7b,11,"[161, 235]",2,concise,1.0,11
64,0.495398773006135,base,3.1232166505376426,17,smol1.7b,11,"[35, 143, 235]",3,concise,1.0,30
4,0.2147239263803681,base,1.3862943611198906,17,smol1.7b,11,[235],1,fewshot,1.0,4
16,0.2147239263803681,base,2.5665989181145106,17,smol1.7b,11,[235],1,fewshot,1.0,14
64,0.3220858895705521,base,3.169154708304218,17,smol1.7b,11,"[17, 161, 235]",3,fewshot,1.0,30
4,0.2147239263803681,base,1.3862943611198906,17,smol1.7b,11,[235],1,instruction,1.5,4
16,0.2147239263803681,base,2.512658529529802,17,smol1.7b,11,[235],1,instruction,1.5,13
64,0.495398773006135,base,3.3477508483440603,17,smol1.7b,11,"[33, 143, 235]",3,instruction,1.5,36
4,0.3048048048048048,base,1.3862943611198906,18,smol1.7b,11,"[25, 69]",2,instruction,1.0,4
16,0.5135135135135135,base,2.0467385326945515,18,smol1.7b,11,"[25, 69, 84]",3,instruction,1.0,9
64,0.6006006006006006,base,2.7558903748907655,18,smol1.7b,11,"[69, 84, 186]",3,instruction,1.0,23
4,0.39039039039039036,base,1.0397207708399179,18,smol1.7b,11,"[69, 186]",2,concise,1.0,3
16,0.6006006006006006,base,1.8946891171539901,18,smol1.7b,11,"[69, 84, 186]",3,concise,1.0,9
64,0.6006006006006006,base,2.3359832748812304,18,smol1.7b,11,"[69, 84, 186]",3,concise,1.0,16
4,0.08558558558558559,base,1.3862943611198906,18,smol1.7b,11,[25],1,fewshot,1.0,4
16,0.4039039039039039,base,2.3933121229745242,18,smol1.7b,11,"[5, 25, 84]",3,fewshot,1.0,12
64,0.6006006006006006,base,2.9539075664788457,18,smol1.7b,11,"[69, 84, 186]",3,fewshot,1.0,26
4,0.08558558558558559,base,1.3862943611198906,18,smol1.7b,11,[25],1,instruction,1.5,4
16,0.5135135135135135,base,2.599301927099795,18,smol1.7b,11,"[25, 69, 84]",3,instruction,1.5,14
64,0.6006006006006006,base,3.3232235916050974,18,smol1.7b,11,"[69, 84, 186]",3,instruction,1.5,35
4,0.2026578073089701,base,1.0397207708399179,19,smol1.7b,11,[215],1,instruction,1.0,3
16,0.43521594684385384,base,2.3393717343898155,19,smol1.7b,11,"[194, 215]",2,instruction,1.0,12
64,0.43521594684385384,base,3.182639805450396,19,smol1.7b,11,"[194, 215]",2,instruction,1.0,31
4,0.2026578073089701,base,1.0397207708399179,19,smol1.7b,11,[215],1,concise,1.0,3
16,0.43521594684385384,base,2.0467385326945515,19,smol1.7b,11,"[194, 215]",2,concise,1.0,9
64,0.43521594684385384,base,2.949756433969469,19,smol1.7b,11,"[194, 215]",2,concise,1.0,27
4,0.10299003322259136,base,1.3862943611198906,19,smol1.7b,11,[29],1,fewshot,1.0,4
16,0.43521594684385384,base,2.3393717343898155,19,smol1.7b,11,"[194, 215]",2,fewshot,1.0,12
64,0.43521594684385384,base,3.045580542302865,19,smol1.7b,11,"[194, 215]",2,fewshot,1.0,28
4,0.2026578073089701,base,1.0397207708399179,19,smol1.7b,11,[215],1,instruction,1.5,3
16,0.43521594684385384,base,2.479955520544517,19,smol1.7b,11,"[194, 215]",2,instruction,1.5,13
64,0.43521594684385384,base,3.532079803076832,19,smol1.7b,11,"[194, 215]",2,instruction,1.5,40
4,0.03614457831325301,base,1.3862943611198906,20,smol1.7b,11,[72],1,instruction,1.0,4
16,0.15261044176706828,base,2.220025327834538,20,smol1.7b,11,"[1, 42]",2,instruction,1.0,11
64,0.15261044176706828,base,2.7277619682079304,20,smol1.7b,11,"[1, 42]",2,instruction,1.0,24
4,0.10843373493975904,base,1.3862943611198906,20,smol1.7b,11,"[42, 44]",2,concise,1.0,4
16,0.15261044176706828,base,1.8946891171539901,20,smol1.7b,11,"[1, 42]",2,concise,1.0,9
64,0.15261044176706828,base,2.304287012290586,20,smol1.7b,11,"[1, 42]",2,concise,1.0,18
4,0.03614457831325301,base,1.3862943611198906,20,smol1.7b,11,[72],1,fewshot,1.0,4
16,0.25903614457831325,base,2.306668725404531,20,smol1.7b,11,"[1, 6, 228]",3,fewshot,1.0,11
64,0.25903614457831325,base,3.0213033339287874,20,smol1.7b,11,"[1, 6, 228]",3,fewshot,1.0,25
4,0.03614457831325301,base,1.3862943611198906,20,smol1.7b,11,[72],1,instruction,1.5,4
16,0.15261044176706828,base,2.3393717343898155,20,smol1.7b,11,"[1, 42]",2,instruction,1.5,12
64,0.28714859437751006,base,3.3627410007370924,20,smol1.7b,11,"[1, 32, 42]",3,instruction,1.5,37
4,0.34915773353751917,base,1.3862943611198906,21,smol1.7b,11,"[47, 131]",2,instruction,1.0,4
16,0.40428790199081166,base,2.3933121229745242,21,smol1.7b,11,"[47, 66, 131]",3,instruction,1.0,12
64,0.4992343032159265,base,2.928298724286102,21,smol1.7b,11,"[66, 131, 217]",3,instruction,1.0,27
4,0.34915773353751917,base,1.3862943611198906,21,smol1.7b,11,"[47, 131]",2,concise,1.0,4
16,0.34915773353751917,base,2.009709181894145,21,smol1.7b,11,"[47, 131]",2,concise,1.0,9
64,0.4992343032159265,base,2.6928975761926437,21,smol1.7b,11,"[66, 131, 217]",3,concise,1.0,26
4,0.0,base,1.3862943611198906,21,smol1.7b,11,[],0,fewshot,1.0,4
16,0.28483920367534454,base,2.5665989181145106,21,smol1.7b,11,"[5, 131]",2,fewshot,1.0,14
64,0.40428790199081166,base,3.5157282985841913,21,smol1.7b,11,"[47, 66, 131]",3,fewshot,1.0,39
4,0.34915773353751917,base,1.3862943611198906,21,smol1.7b,11,"[47, 131]",2,instruction,1.5,4
16,0.35834609494640124,base,2.5126585295298014,21,smol1.7b,11,"[102, 131]",2,instruction,1.5,13
64,0.4992343032159265,base,3.3722781050830237,21,smol1.7b,11,"[66, 131, 217]",3,instruction,1.5,33
4,0.30796460176991153,base,1.3862943611198906,22,smol1.7b,11,"[191, 203]",2,instruction,1.0,4
16,0.36106194690265486,base,2.133381930264545,22,smol1.7b,11,"[177, 191, 203]",3,instruction,1.0,10
64,0.431858407079646,base,2.6025544463097328,22,smol1.7b,11,"[178, 191]",2,instruction,1.0,24
4,0.14513274336283186,base,1.3862943611198906,22,smol1.7b,11,"[177, 203]",2,concise,1.0,4
16,0.431858407079646,base,2.1006789212792603,22,smol1.7b,11,"[178, 191]",2,concise,1.0,9
64,0.431858407079646,base,2.559169380164102,22,smol1.7b,11,"[178, 191]",2,concise,1.0,19
4,0.0,base,1.0397207708399179,22,smol1.7b,11,[],0,fewshot,1.0,3
16,0.2513274336283186,base,1.8903627753388679,22,smol1.7b,11,"[25, 177, 203]",3,fewshot,1.0,8
64,0.5380530973451327,base,2.9185881985119826,22,smol1.7b,11,"[23, 178, 191]",3,fewshot,1.0,24
4,0.06725663716814159,base,1.0397207708399179,22,smol1.7b,11,[177],1,instruction,1.5,3
16,0.2513274336283186,base,2.5126585295298014,22,smol1.7b,11,"[25, 177, 203]",3,instruction,1.5,13
64,0.431858407079646,base,3.4116518110677747,22,smol1.7b,11,"[178, 191]",2,instruction,1.5,36
4,0.027565084226646247,base,1.3862943611198906,23,smol1.7b,11,[141],1,instruction,1.0,4
16,0.37978560490045943,base,2.479955520544517,23,smol1.7b,11,"[210, 236]",2,instruction,1.0,13
64,0.37978560490045943,base,2.9230356652112564,23,smol1.7b,11,"[210, 236]",2,instruction,1.0,29
4,0.0,base,1.3862943611198906,23,smol1.7b,11,[],0,concise,1.0,4
16,0.5880551301684533,base,2.479955520544517,23,smol1.7b,11,"[203, 210, 236]",3,concise,1.0,13
64,0.5880551301684533,base,3.025122403248299,23,smol1.7b,11,"[203, 210, 236]",3,concise,1.0,28
4,0.20520673813169985,base,1.3862943611198906,23,smol1.7b,11,"[20, 23]",2,fewshot,1.0,4
16,0.49310872894333846,base,2.685945324669788,23,smol1.7b,11,"[29, 203, 236]",3,fewshot,1.0,15
64,0.49310872894333846,base,3.1477736255575506,23,smol1.7b,11,"[29, 203, 236]",3,fewshot,1.0,29
4,0.013782542113323124,base,1.3862943611198906,23,smol1.7b,11,[17],1,instruction,1.5,4
16,0.5880551301684533,base,2.6859453246697877,23,smol1.7b,11,"[203, 210, 236]",3,instruction,1.5,15
64,0.5880551301684533,base,3.267498381127704,23,smol1.7b,11,"[203, 210, 236]",3,instruction,1.5,35
4,0.027906976744186046,base,1.3862943611198906,24,smol1.7b,11,[42],1,instruction,1.0,4
16,0.40310077519379844,base,2.1660849392498287,24,smol1.7b,11,"[61, 181]",2,instruction,1.0,10
64,0.40310077519379844,base,2.6429348986891243,24,smol1.7b,11,"[61, 181]",2,instruction,1.0,21
4,0.027906976744186046,base,1.3862943611198906,24,smol1.7b,11,[42],1,concise,1.0,4
16,0.40310077519379844,base,2.306668725404531,24,smol1.7b,11,"[61, 181]",2,concise,1.0,11
64,0.40310077519379844,base,2.5846378271776045,24,smol1.7b,11,"[61, 181]",2,concise,1.0,17
4,0.08682170542635659,base,1.3862943611198906,24,smol1.7b,11,[4],1,fewshot,1.0,4
16,0.40310077519379844,base,2.4260151319598084,24,smol1.7b,11,"[61, 181]",2,fewshot,1.0,12
64,0.5922480620155038,base,2.977353237764028,24,smol1.7b,11,"[61, 169, 181]",3,fewshot,1.0,24
4,0.05891472868217054,base,1.3862943611198906,24,smol1.7b,11,[186],1,instruction,1.5,4
16,0.2868217054263566,base,2.3933121229745242,24,smol1.7b,11,"[24, 61]",2,instruction,1.5,12
64,0.40310077519379844,base,3.251396924999949,24,smol1.7b,11,"[61, 130, 181]",3,instruction,1.5,31
4,0.3476027397260274,base,1.3862943611198906,25,smol1.7b,11,"[1, 176]",2,instruction,1.0,4
16,0.4486301369863014,base,2.1006789212792607,25,smol1.7b,11,"[47, 176]",2,instruction,1.0,11
64,0.4486301369863014,base,2.758928244623182,25,smol1.7b,11,"[47, 176]",2,instruction,1.0,23
4,0.20205479452054795,base,1.0397207708399179,25,smol1.7b,11,[47],1,concise,1.0,3
16,0.20205479452054795,base,1.4500064999181648,25,smol1.7b,11,[47],1,concise,1.0,7
64,0.4486301369863014,base,2.264831692362762,25,smol1.7b,11,"[47, 176]",2,concise,1.0,20
4,0.10102739726027397,base,1.0397207708399179,25,smol1.7b,11,[1],1,fewshot,1.0,3
16,0.3476027397260274,base,2.4260151319598084,25,smol1.7b,11,"[1, 176]",2,fewshot,1.0,12
64,0.4486301369863014,base,3.1939617316890105,25,smol1.7b,11,"[47, 176]",2,fewshot,1.0,32
4,0.015410958904109588,base,1.0397207708399179,25,smol1.7b,11,[30],1,instruction,1.5,3
16,0.20205479452054795,base,2.5126585295298014,25,smol1.7b,11,[47],1,instruction,1.5,13
64,0.4486301369863014,base,3.317914246705241,25,smol1.7b,11,"[47, 176]",2,instruction,1.5,34
4,0.0453257790368272,base,1.3862943611198906,26,smol1.7b,11,[180],1,instruction,1.0,4
16,0.42492917847025496,base,2.306668725404531,26,smol1.7b,11,"[46, 240]",2,instruction,1.0,11
64,0.42492917847025496,base,2.9602984968324826,26,smol1.7b,11,"[46, 240]",2,instruction,1.0,25
4,0.20396600566572237,base,1.3862943611198906,26,smol1.7b,11,[46],1,concise,1.0,4
16,0.6005665722379604,base,2.1873223188492537,26,smol1.7b,11,"[46, 123, 240]",3,concise,1.0,10
64,0.6005665722379604,base,2.6420267346635313,26,smol1.7b,11,"[46, 123, 240]",3,concise,1.0,20
4,0.20396600566572237,base,1.0397207708399179,26,smol1.7b,11,[46],1,fewshot,1.0,3
16,0.24362606232294617,base,2.5126585295298014,26,smol1.7b,11,"[5, 20, 46]",3,fewshot,1.0,13
64,0.3271954674220963,base,3.494067449191693,26,smol1.7b,11,"[20, 24, 46]",3,fewshot,1.0,38
4,0.0453257790368272,base,1.3862943611198906,26,smol1.7b,11,[180],1,instruction,1.5,4
16,0.16147308781869688,base,2.5126585295298014,26,smol1.7b,11,"[1, 70, 181]",3,instruction,1.5,13
64,0.32152974504249293,base,3.312604901805385,26,smol1.7b,11,"[1, 240]",2,instruction,1.5,34
4,0.1947449768160742,base,0.5623351446188083,27,smol1.7b,11,[198],1,instruction,1.0,2
16,0.5935085007727975,base,1.64622455382987,27,smol1.7b,11,"[83, 198, 250]",3,instruction,1.0,8
64,0.5935085007727975,base,2.0594621359907483,27,smol1.7b,11,"[83, 198, 250]",3,instruction,1.0,18
4,0.1947449768160742,base,1.0397207708399179,27,smol1.7b,11,[198],1,concise,1.0,3
16,0.5935085007727975,base,1.8903627753388679,27,smol1.7b,11,"[83, 198, 250]",3,concise,1.0,8
64,0.5935085007727975,base,2.3231562933957606,27,smol1.7b,11,"[83, 198, 250]",3,concise,1.0,17
4,0.1947449768160742,base,1.0397207708399179,27,smol1.7b,11,[198],1,fewshot,1.0,3
16,0.3678516228748068,base,1.64622455382987,27,smol1.7b,11,"[83, 198]",2,fewshot,1.0,8
64,0.3678516228748068,base,2.159590630706919,27,smol1.7b,11,"[83, 198]",2,fewshot,1.0,20
4,0.0,base,1.3862943611198906,27,smol1.7b,11,[],0,instruction,1.5,4
16,0.4327666151468315,base,2.685945324669788,27,smol1.7b,11,"[63, 83, 250]",3,instruction,1.5,15
64,0.5935085007727975,base,3.1747438198499047,27,smol1.7b,11,"[83, 198, 250]",3,instruction,1.5,36
4,0.25375626043405675,base,1.0397207708399179,28,smol1.7b,11,"[42, 73]",2,instruction,1.0,3
16,0.4307178631051753,base,2.1660849392498287,28,smol1.7b,11,"[42, 78]",2,instruction,1.0,10
64,0.5409015025041736,base,2.5905440632987227,28,smol1.7b,11,"[27, 42, 78]",3,instruction,1.0,23
4,0.21035058430717862,base,0.6931471805599453,28,smol1.7b,11,[78],1,concise,1.0,2
16,0.4307178631051753,base,1.5764921940441796,28,smol1.7b,11,"[42, 78]",2,concise,1.0,6
64,0.46410684474123537,base,2.0786639817618493,28,smol1.7b,11,"[42, 78, 171]",3,concise,1.0,15
4,0.35392320534223703,base,1.3862943611198906,28,smol1.7b,11,"[1, 78, 171]",3,fewshot,1.0,4
16,0.5409015025041736,base,2.1660849392498287,28,smol1.7b,11,"[27, 42, 78]",3,fewshot,1.0,10
64,0.5409015025041736,base,2.5859528934522054,28,smol1.7b,11,"[27, 42, 78]",3,fewshot,1.0,21
4,0.25375626043405675,base,1.0397207708399179,28,smol1.7b,11,"[42, 73]",2,instruction,1.5,3
16,0.4307178631051753,base,2.1333819302645445,28,smol1.7b,11,"[42, 78]",2,instruction,1.5,10
64,0.5409015025041736,base,3.0011138907034534,28,smol1.7b,11,"[27, 42, 78]",3,instruction,1.5,31
4,0.10256410256410256,base,1.0397207708399179,29,smol1.7b,11,[107],1,instruction,1.0,3
16,0.14358974358974358,base,2.1873223188492537,29,smol1.7b,11,"[107, 249]",2,instruction,1.0,10
64,0.5452991452991452,base,3.0035904773365347,29,smol1.7b,11,"[11, 155, 251]",3,instruction,1.0,27
4,0.10256410256410256,base,1.3862943611198906,29,smol1.7b,11,[107],1,concise,1.0,4
16,0.19145299145299147,base,2.1546193098639694,29,smol1.7b,11,"[19, 107]",2,concise,1.0,10
64,0.28376068376068375,base,2.7361541197394468,29,smol1.7b,11,"[107, 155]",2,concise,1.0,24
4,0.0,base,1.3862943611198906,29,smol1.7b,11,[],0,fewshot,1.0,4
16,0.22735042735042735,base,2.0794415416798357,29,smol1.7b,11,[11],1,fewshot,1.0,9
64,0.3452991452991453,base,2.998840665728339,29,smol1.7b,11,"[11, 155]",2,fewshot,1.0,26
4,0.22735042735042735,base,1.0397207708399179,29,smol1.7b,11,[11],1,instruction,1.5,3
16,0.27350427350427353,base,2.3933121229745242,29,smol1.7b,11,"[11, 249]",2,instruction,1.5,12
64,0.36752136752136755,base,3.4600030881067974,29,smol1.7b,11,"[11, 155, 249]",3,instruction,1.5,37
4,0.2740157480314961,base,1.3862943611198906,30,smol1.7b,11,[101],1,instruction,1.0,4
16,0.3669291338582677,base,2.009709181894145,30,smol1.7b,11,"[10, 101]",2,instruction,1.0,9
64,0.3669291338582677,base,2.926030996038455,30,smol1.7b,11,"[10, 101]",2,instruction,1.0,26
4,0.2740157480314961,base,1.3862943611198906,30,smol1.7b,11,[101],1,concise,1.0,4
16,0.29606299212598425,base,2.1333819302645445,30,smol1.7b,11,"[9, 101]",2,concise,1.0,10
64,0.30551181102362207,base,2.6335634171747966,30,smol1.7b,11,"[101, 153]",2,concise,1.0,21
4,0.10708661417322834,base,1.3862943611198906,30,smol1.7b,11,[19],1,fewshot,1.0,4
16,0.38110236220472443,base,2.1873223188492537,30,smol1.7b,11,"[19, 101]",2,fewshot,1.0,10
64,0.47244094488188976,base,2.8013752445833218,30,smol1.7b,11,"[10, 19, 101]",3,fewshot,1.0,24
4,0.38110236220472443,base,1.3862943611198906,30,smol1.7b,11,"[19, 101]",2,instruction,1.5,4
16,0.38110236220472443,base,2.4260151319598084,30,smol1.7b,11,"[19, 101]",2,instruction,1.5,12
64,0.47244094488188976,base,3.34775084834406,30,smol1.7b,11,"[10, 19, 101]",3,instruction,1.5,35
4,0.2099125364431487,base,1.3862943611198906,31,smol1.7b,11,"[63, 132]",2,instruction,1.0,4
16,0.3163265306122449,base,2.252728336819822,31,smol1.7b,11,"[1, 63, 132]",3,instruction,1.0,11
64,0.6064139941690962,base,2.846243188594623,31,smol1.7b,11,"[132, 145, 220]",3,instruction,1.0,26
4,0.3935860058309038,base,1.3862943611198906,31,smol1.7b,11,"[132, 145]",2,concise,1.0,4
16,0.6064139941690962,base,1.8346096344580884,31,smol1.7b,11,"[132, 145, 220]",3,concise,1.0,9
64,0.6064139941690962,base,2.3363634117736654,31,smol1.7b,11,"[132, 145, 220]",3,concise,1.0,18
4,0.3236151603498542,base,1.0397207708399179,31,smol1.7b,11,"[4, 145]",2,fewshot,1.0,3
16,0.40816326530612246,base,2.252728336819822,31,smol1.7b,11,"[4, 24, 145]",3,fewshot,1.0,11
64,0.40816326530612246,base,2.709215615484549,31,smol1.7b,11,"[4, 24, 145]",3,fewshot,1.0,25
4,0.2099125364431487,base,1.3862943611198906,31,smol1.7b,11,"[63, 132]",2,instruction,1.5,4
16,0.4970845481049563,base,2.306668725404531,31,smol1.7b,11,"[1, 132, 220]",3,instruction,1.5,11
64,0.6064139941690962,base,3.1782386245761325,31,smol1.7b,11,"[132, 145, 220]",3,instruction,1.5,30
4,0.0,base,1.3862943611198906,16,smol1.7b,22,[],0,instruction,1.0,4
16,0.08754208754208755,base,2.685945324669788,16,smol1.7b,22,[65],1,instruction,1.0,15
64,0.4713804713804714,base,3.3207806540517057,16,smol1.7b,22,"[214, 222]",2,instruction,1.0,33
4,0.0,base,1.3862943611198906,16,smol1.7b,22,[],0,concise,1.0,4
16,0.265993265993266,base,2.4260151319598084,16,smol1.7b,22,[214],1,concise,1.0,12
64,0.4713804713804714,base,3.2124764070892144,16,smol1.7b,22,"[214, 222]",2,concise,1.0,30
4,0.0,base,1.3862943611198906,16,smol1.7b,22,[],0,fewshot,1.0,4
16,0.10101010101010101,base,2.4799555205445176,16,smol1.7b,22,[6],1,fewshot,1.0,13
64,0.14983164983164984,base,3.1495584474502345,16,smol1.7b,22,"[6, 65]",2,fewshot,1.0,29
4,0.0,base,1.3862943611198906,16,smol1.7b,22,[],0,instruction,1.5,4
16,0.0,base,2.685945324669788,16,smol1.7b,22,[],0,instruction,1.5,15
64,0.2996632996632997,base,3.5875252469083954,16,smol1.7b,22,"[222, 245]",2,instruction,1.5,42
4,0.2147239263803681,base,1.3862943611198906,17,smol1.7b,22,[235],1,instruction,1.0,4
16,0.5828220858895705,base,2.4260151319598084,17,smol1.7b,22,"[143, 235, 249]",3,instruction,1.0,12
64,0.5828220858895705,base,3.2067138741153407,17,smol1.7b,22,"[143, 235, 249]",3,instruction,1.0,30
4,0.2147239263803681,base,1.3862943611198906,17,smol1.7b,22,[235],1,concise,1.0,4
16,0.5828220858895705,base,2.339371734389815,17,smol1.7b,22,"[143, 235, 249]",3,concise,1.0,11
64,0.5828220858895705,base,3.016273755674762,17,smol1.7b,22,"[143, 235, 249]",3,concise,1.0,27
4,0.0,base,1.3862943611198906,17,smol1.7b,22,[],0,fewshot,1.0,4
16,0.04754601226993865,base,2.4799555205445176,17,smol1.7b,22,"[20, 152]",2,fewshot,1.0,13
64,0.3496932515337423,base,3.159035492403534,17,smol1.7b,22,"[19, 143, 155]",3,fewshot,1.0,31
4,0.2147239263803681,base,1.0397207708399179,17,smol1.7b,22,[235],1,instruction,1.5,3
16,0.5828220858895705,base,2.3933121229745242,17,smol1.7b,22,"[143, 235, 249]",3,instruction,1.5,12
64,0.5828220858895705,base,3.429084901014198,17,smol1.7b,22,"[143, 235, 249]",3,instruction,1.5,36
4,0.08708708708708708,base,1.3862943611198906,18,smol1.7b,22,[44],1,instruction,1.0,4
16,0.39039039039039036,base,2.339371734389815,18,smol1.7b,22,"[44, 61, 69]",3,instruction,1.0,12
64,0.4294294294294294,base,2.9656078417323384,18,smol1.7b,22,"[69, 84]",2,instruction,1.0,27
4,0.21021021021021022,base,1.3862943611198906,18,smol1.7b,22,[84],1,concise,1.0,4
16,0.4294294294294294,base,1.977006172908861,18,smol1.7b,22,"[69, 84]",2,concise,1.0,9
64,0.6006006006006006,base,2.464569937600985,18,smol1.7b,22,"[69, 84, 186]",3,concise,1.0,17
4,0.046546546546546545,base,1.3862943611198906,18,smol1.7b,22,[1],1,fewshot,1.0,4
16,0.4294294294294294,base,2.599301927099795,18,smol1.7b,22,"[69, 84]",2,fewshot,1.0,14
64,0.6006006006006006,base,3.202765881315096,18,smol1.7b,22,"[69, 84, 186]",3,fewshot,1.0,29
4,0.20270270270270271,base,1.3862943611198906,18,smol1.7b,22,"[1, 186]",2,instruction,1.5,4
16,0.4894894894894895,base,2.6859453246697877,18,smol1.7b,22,"[5, 84, 186]",3,instruction,1.5,15
64,0.6006006006006006,base,3.551955830576646,18,smol1.7b,22,"[69, 84, 186]",3,instruction,1.5,40
4,0.0,base,1.3862943611198906,19,smol1.7b,22,[],0,instruction,1.0,4
16,0.43521594684385384,base,2.599301927099795,19,smol1.7b,22,"[194, 215]",2,instruction,1.0,14
64,0.43521594684385384,base,3.3758026280901956,19,smol1.7b,22,"[194, 215]",2,instruction,1.0,37
4,0.0,base,1.3862943611198906,19,smol1.7b,22,[],0,concise,1.0,4
16,0.43521594684385384,base,2.3933121229745242,19,smol1.7b,22,"[194, 215]",2,concise,1.0,12
64,0.43521594684385384,base,3.151441851711965,19,smol1.7b,22,"[194, 215]",2,concise,1.0,34
4,0.0,base,1.3862943611198906,19,smol1.7b,22,[],0,fewshot,1.0,4
16,0.43521594684385384,base,2.5126585295298014,19,smol1.7b,22,"[194, 215]",2,fewshot,1.0,13
64,0.43521594684385384,base,3.1441742634912373,19,smol1.7b,22,"[194, 215]",2,fewshot,1.0,30
4,0.0,base,1.3862943611198906,19,smol1.7b,22,[],0,instruction,1.5,4
16,0.43521594684385384,base,2.599301927099795,19,smol1.7b,22,"[194, 215]",2,instruction,1.5,14
64,0.43521594684385384,base,3.76458661342044,19,smol1.7b,22,"[194, 215]",2,instruction,1.5,50
4,0.13453815261044177,base,1.3862943611198906,20,smol1.7b,22,[1],1,instruction,1.0,4
16,0.15261044176706828,base,2.4260151319598084,20,smol1.7b,22,"[1, 42]",2,instruction,1.0,12
64,0.25903614457831325,base,2.784848530784935,20,smol1.7b,22,"[1, 6, 228]",3,instruction,1.0,26
4,0.13453815261044177,base,1.3862943611198906,20,smol1.7b,22,[1],1,concise,1.0,4
16,0.15261044176706828,base,1.7214023220140038,20,smol1.7b,22,"[1, 42]",2,concise,1.0,7
64,0.41767068273092367,base,2.410853346016148,20,smol1.7b,22,"[1, 42, 140]",3,concise,1.0,20
4,0.03614457831325301,base,1.3862943611198906,20,smol1.7b,22,[72],1,fewshot,1.0,4
16,0.07630522088353414,base,2.1006789212792607,20,smol1.7b,22,[42],1,fewshot,1.0,11
64,0.4879518072289157,base,3.1546343115292705,20,smol1.7b,22,"[1, 6, 140]",3,fewshot,1.0,33
4,0.13453815261044177,base,1.3862943611198906,20,smol1.7b,22,[32],1,instruction,1.5,4
16,0.2429718875502008,base,2.5126585295298014,20,smol1.7b,22,"[32, 42, 44]",3,instruction,1.5,13
64,0.4879518072289157,base,3.4140650303402227,20,smol1.7b,22,"[1, 6, 140]",3,instruction,1.5,38
4,0.2450229709035222,base,1.0397207708399179,21,smol1.7b,22,[131],1,instruction,1.0,3
16,0.2450229709035222,base,2.306668725404531,21,smol1.7b,22,[131],1,instruction,1.0,11
64,0.4992343032159265,base,2.8706300501543454,21,smol1.7b,22,"[66, 131, 217]",3,instruction,1.0,25
4,0.34915773353751917,base,1.0397207708399179,21,smol1.7b,22,"[47, 131]",2,concise,1.0,3
16,0.34915773353751917,base,2.0097091818941455,21,smol1.7b,22,"[47, 131]",2,concise,1.0,9
64,0.4992343032159265,base,2.5257948247773703,21,smol1.7b,22,"[66, 131, 217]",3,concise,1.0,21
4,0.2450229709035222,base,1.3862943611198906,21,smol1.7b,22,[131],1,fewshot,1.0,4
16,0.2450229709035222,base,2.5126585295298014,21,smol1.7b,22,[131],1,fewshot,1.0,13
64,0.3889739663093415,base,3.468178840353118,21,smol1.7b,22,"[5, 47, 131]",3,fewshot,1.0,38
4,0.2450229709035222,base,1.0397207708399179,21,smol1.7b,22,[131],1,instruction,1.5,3
16,0.2450229709035222,base,2.3933121229745242,21,smol1.7b,22,[131],1,instruction,1.5,12
64,0.4992343032159265,base,3.2376617794888842,21,smol1.7b,22,"[66, 131, 217]",3,instruction,1.5,33
4,0.215929203539823,base,0.5623351446188083,22,smol1.7b,22,[191],1,instruction,1.0,2
16,0.431858407079646,base,2.0140355237092673,22,smol1.7b,22,"[178, 191]",2,instruction,1.0,10
64,0.431858407079646,base,2.6228035345981198,22,smol1.7b,22,"[178, 191]",2,instruction,1.0,24
4,0.431858407079646,base,1.0397207708399179,22,smol1.7b,22,"[178, 191]",2,concise,1.0,3
16,0.431858407079646,base,2.0097091818941455,22,smol1.7b,22,"[178, 191]",2,concise,1.0,9
64,0.431858407079646,base,2.626098699963963,22,smol1.7b,22,"[178, 191]",2,concise,1.0,20
4,0.10619469026548672,base,1.3862943611198906,22,smol1.7b,22,[25],1,fewshot,1.0,4
16,0.34690265486725663,base,2.0794415416798357,22,smol1.7b,22,"[25, 178]",2,fewshot,1.0,9
64,0.431858407079646,base,2.8489692007618466,22,smol1.7b,22,"[178, 191]",2,fewshot,1.0,24
4,0.215929203539823,base,1.0397207708399179,22,smol1.7b,22,[191],1,instruction,1.5,3
16,0.431858407079646,base,2.4260151319598084,22,smol1.7b,22,"[178, 191]",2,instruction,1.5,12
64,0.431858407079646,base,3.117483835844713,22,smol1.7b,22,"[178, 191]",2,instruction,1.5,31
4,0.0,base,1.3862943611198906,23,smol1.7b,22,[],0,instruction,1.0,4
16,0.19295558958652373,base,2.479955520544517,23,smol1.7b,22,[236],1,instruction,1.0,13
64,0.5880551301684533,base,3.2312708491352478,23,smol1.7b,22,"[203, 210, 236]",3,instruction,1.0,33
4,0.2082695252679939,base,1.3862943611198906,23,smol1.7b,22,[203],1,concise,1.0,4
16,0.4012251148545176,base,2.3066687254045313,23,smol1.7b,22,"[203, 236]",2,concise,1.0,11
64,0.5880551301684533,base,3.0931300005339377,23,smol1.7b,22,"[203, 210, 236]",3,concise,1.0,29
4,0.09494640122511486,base,1.3862943611198906,23,smol1.7b,22,[20],1,fewshot,1.0,4
16,0.19295558958652373,base,2.599301927099795,23,smol1.7b,22,[236],1,fewshot,1.0,14
64,0.4012251148545176,base,3.224176682342707,23,smol1.7b,22,"[203, 236]",2,fewshot,1.0,33
4,0.0,base,1.3862943611198906,23,smol1.7b,22,[],0,instruction,1.5,4
16,0.19295558958652373,base,2.685945324669788,23,smol1.7b,22,[236],1,instruction,1.5,15
64,0.5880551301684533,base,3.4021147067218434,23,smol1.7b,22,"[203, 210, 236]",3,instruction,1.5,37
4,0.40310077519379844,base,1.3862943611198906,24,smol1.7b,22,"[61, 181]",2,instruction,1.0,4
16,0.40310077519379844,base,2.0794415416798357,24,smol1.7b,22,"[61, 181]",2,instruction,1.0,9
64,0.40310077519379844,base,2.600239809406333,24,smol1.7b,22,"[61, 181]",2,instruction,1.0,20
4,0.12403100775193798,base,1.3862943611198906,24,smol1.7b,22,"[1, 42]",2,concise,1.0,4
16,0.2868217054263566,base,2.1333819302645445,24,smol1.7b,22,"[1, 61]",2,concise,1.0,9
64,0.40310077519379844,base,2.4329673834826635,24,smol1.7b,22,"[61, 181]",2,concise,1.0,16
4,0.31627906976744186,base,1.0397207708399179,24,smol1.7b,22,"[4, 181]",2,fewshot,1.0,3
16,0.40310077519379844,base,2.4799555205445176,24,smol1.7b,22,"[61, 181]",2,fewshot,1.0,13
64,0.5922480620155038,base,2.8498310789624295,24,smol1.7b,22,"[61, 169, 181]",3,fewshot,1.0,23
4,0.40310077519379844,base,1.3862943611198906,24,smol1.7b,22,"[61, 181]",2,instruction,1.5,4
16,0.40310077519379844,base,2.3066687254045313,24,smol1.7b,22,"[61, 181]",2,instruction,1.5,11
64,0.40310077519379844,base,2.972219102169917,24,smol1.7b,22,"[61, 130, 181]",3,instruction,1.5,25
4,0.0,base,1.3862943611198906,25,smol1.7b,22,[],0,instruction,1.0,4
16,0.20205479452054795,base,2.4260151319598084,25,smol1.7b,22,[47],1,instruction,1.0,13
64,0.4486301369863014,base,2.8270085168307064,25,smol1.7b,22,"[47, 176]",2,instruction,1.0,28
4,0.20205479452054795,base,0.5623351446188083,25,smol1.7b,22,[47],1,concise,1.0,2
16,0.20205479452054795,base,1.1240357221909014,25,smol1.7b,22,[47],1,concise,1.0,6
64,0.4486301369863014,base,2.113921732909148,25,smol1.7b,22,"[47, 176]",2,concise,1.0,19
4,0.0,base,1.3862943611198906,25,smol1.7b,22,[],0,fewshot,1.0,4
16,0.20205479452054795,base,2.306668725404531,25,smol1.7b,22,[47],1,fewshot,1.0,11
64,0.4486301369863014,base,2.8360662151704226,25,smol1.7b,22,"[47, 176]",2,fewshot,1.0,23
4,0.1232876712328767,base,1.0397207708399179,25,smol1.7b,22,[32],1,instruction,1.5,3
16,0.3236301369863014,base,2.599301927099795,25,smol1.7b,22,"[32, 47]",2,instruction,1.5,14
64,0.4486301369863014,base,3.4805823520455155,25,smol1.7b,22,"[47, 176]",2,instruction,1.5,39
4,0.0453257790368272,base,1.0397207708399179,26,smol1.7b,22,[37],1,instruction,1.0,3
16,0.32577903682719545,base,2.4260151319598084,26,smol1.7b,22,"[24, 123, 180]",3,instruction,1.0,13
64,0.4886685552407932,base,3.159194134165212,26,smol1.7b,22,"[24, 46, 123]",3,instruction,1.0,33
4,0.20396600566572237,base,1.3862943611198906,26,smol1.7b,22,[46],1,concise,1.0,4
16,0.42492917847025496,base,2.252728336819822,26,smol1.7b,22,"[46, 70, 123]",3,concise,1.0,11
64,0.42492917847025496,base,2.7934026320461323,26,smol1.7b,22,"[46, 70, 123]",3,concise,1.0,25
4,0.20396600566572237,base,1.3862943611198906,26,smol1.7b,22,[46],1,fewshot,1.0,4
16,0.42492917847025496,base,2.5126585295298014,26,smol1.7b,22,"[46, 70, 123]",3,fewshot,1.0,13
64,0.4886685552407932,base,3.208528414288969,26,smol1.7b,22,"[24, 46, 123]",3,fewshot,1.0,30
4,0.0453257790368272,base,1.3862943611198906,26,smol1.7b,22,[37],1,instruction,1.5,4
16,0.2577903682719547,base,2.685945324669788,26,smol1.7b,22,"[37, 123, 181]",3,instruction,1.5,15
64,0.4886685552407932,base,3.494067449191693,26,smol1.7b,22,"[24, 46, 123]",3,instruction,1.5,39
4,0.1947449768160742,base,1.3862943611198906,27,smol1.7b,22,[198],1,instruction,1.0,4
16,0.5935085007727975,base,2.4260151319598084,27,smol1.7b,22,"[83, 198, 250]",3,instruction,1.0,13
64,0.5935085007727975,base,2.3721828764703004,27,smol1.7b,22,"[83, 198, 250]",3,instruction,1.0,25
4,0.42040185471406494,base,1.3862943611198906,27,smol1.7b,22,"[198, 250]",2,concise,1.0,4
16,0.5935085007727975,base,2.3393717343898155,27,smol1.7b,22,"[83, 198, 250]",3,concise,1.0,12
64,0.5935085007727975,base,2.510631422120828,27,smol1.7b,22,"[83, 198, 250]",3,concise,1.0,22
4,0.1947449768160742,base,1.3862943611198906,27,smol1.7b,22,[198],1,fewshot,1.0,4
16,0.44513137557959814,base,1.9212530320280816,27,smol1.7b,22,"[198, 223, 250]",3,fewshot,1.0,10
64,0.5935085007727975,base,2.521151529551494,27,smol1.7b,22,"[83, 198, 250]",3,fewshot,1.0,25
4,0.0,base,1.3862943611198906,27,smol1.7b,22,[],0,instruction,1.5,4
16,0.5935085007727975,base,2.5665989181145106,27,smol1.7b,22,"[83, 198, 250]",3,instruction,1.5,14
64,0.5935085007727975,base,3.245116048713864,27,smol1.7b,22,"[83, 198, 250]",3,instruction,1.5,36
4,0.21035058430717862,base,1.0397207708399179,28,smol1.7b,22,[78],1,instruction,1.0,3
16,0.4307178631051753,base,2.0467385326945515,28,smol1.7b,22,"[42, 78]",2,instruction,1.0,9
64,0.4307178631051753,base,2.4245678342364716,28,smol1.7b,22,"[42, 78]",2,instruction,1.0,19
4,0.25041736227045075,base,1.3862943611198906,28,smol1.7b,22,"[37, 78]",2,concise,1.0,4
16,0.4307178631051753,base,1.6516699622283133,28,smol1.7b,22,"[42, 78]",2,concise,1.0,6
64,0.4307178631051753,base,2.0370054286573405,28,smol1.7b,22,"[42, 78]",2,concise,1.0,13
4,0.24373956594323873,base,1.3862943611198906,28,smol1.7b,22,"[72, 78]",2,fewshot,1.0,4
16,0.4307178631051753,base,2.1873223188492537,28,smol1.7b,22,"[42, 78]",2,fewshot,1.0,10
64,0.4307178631051753,base,2.6280884494433363,28,smol1.7b,22,"[42, 78]",2,fewshot,1.0,22
4,0.11352253756260434,base,1.3862943611198906,28,smol1.7b,22,[63],1,instruction,1.5,4
16,0.27712854757929883,base,2.3933121229745242,28,smol1.7b,22,"[42, 63]",2,instruction,1.5,12
64,0.4307178631051753,base,2.970714046923063,28,smol1.7b,22,"[42, 78]",2,instruction,1.5,26
4,0.0,base,1.0397207708399179,29,smol1.7b,22,[],0,instruction,1.0,3
16,0.24273504273504273,base,2.269639374604125,29,smol1.7b,22,[155],1,instruction,1.0,12
64,0.28376068376068375,base,2.938434507730853,29,smol1.7b,22,"[107, 155]",2,instruction,1.0,28
4,0.0,base,1.0397207708399179,29,smol1.7b,22,[],0,concise,1.0,3
16,0.24273504273504273,base,2.220025327834538,29,smol1.7b,22,[155],1,concise,1.0,11
64,0.28376068376068375,base,2.8993850663393843,29,smol1.7b,22,"[107, 155]",2,concise,1.0,26
4,0.24273504273504273,base,1.3862943611198906,29,smol1.7b,22,[155],1,fewshot,1.0,4
16,0.24273504273504273,base,2.5126585295298014,29,smol1.7b,22,[155],1,fewshot,1.0,13
64,0.28376068376068375,base,3.2365801940351036,29,smol1.7b,22,"[107, 155]",2,fewshot,1.0,33
4,0.0,base,1.0397207708399179,29,smol1.7b,22,[],0,instruction,1.5,3
16,0.24273504273504273,base,2.479955520544517,29,smol1.7b,22,[155],1,instruction,1.5,13
64,0.4478632478632479,base,3.4301664864679786,29,smol1.7b,22,"[155, 251]",2,instruction,1.5,38
4,0.2740157480314961,base,1.0397207708399179,30,smol1.7b,22,[101],1,instruction,1.0,3
16,0.2740157480314961,base,2.252728336819822,30,smol1.7b,22,[101],1,instruction,1.0,11
64,0.3984251968503937,base,2.94887798822482,30,smol1.7b,22,"[10, 101, 153]",3,instruction,1.0,29
4,0.2740157480314961,base,1.0397207708399179,30,smol1.7b,22,[101],1,concise,1.0,3
16,0.2740157480314961,base,2.306668725404531,30,smol1.7b,22,[101],1,concise,1.0,11
64,0.30551181102362207,base,2.888018642153316,30,smol1.7b,22,"[101, 153]",2,concise,1.0,28
4,0.38110236220472443,base,1.3862943611198906,30,smol1.7b,22,"[19, 101]",2,fewshot,1.0,4
16,0.47244094488188976,base,2.479955520544517,30,smol1.7b,22,"[10, 19, 101]",3,fewshot,1.0,13
64,0.47244094488188976,base,3.084501060213598,30,smol1.7b,22,"[10, 19, 101]",3,fewshot,1.0,30
4,0.38110236220472443,base,1.3862943611198906,30,smol1.7b,22,"[19, 101]",2,instruction,1.5,4
16,0.38110236220472443,base,2.5665989181145106,30,smol1.7b,22,"[19, 101]",2,instruction,1.5,14
64,0.5669291338582677,base,3.3623175309440185,30,smol1.7b,22,"[19, 101, 226]",3,instruction,1.5,37
4,0.21574344023323616,base,1.3862943611198906,31,smol1.7b,22,[145],1,instruction,1.0,4
16,0.21574344023323616,base,2.220025327834538,31,smol1.7b,22,[145],1,instruction,1.0,11
64,0.5160349854227405,base,2.908347857727147,31,smol1.7b,22,"[24, 145, 220]",3,instruction,1.0,29
4,0.27988338192419826,base,1.3862943611198906,31,smol1.7b,22,"[66, 145]",2,concise,1.0,4
16,0.27988338192419826,base,2.339371734389815,31,smol1.7b,22,"[66, 145]",2,concise,1.0,12
64,0.6064139941690962,base,2.8413755600702784,31,smol1.7b,22,"[132, 145, 220]",3,concise,1.0,26
4,0.3935860058309038,base,1.3862943611198906,31,smol1.7b,22,"[132, 145]",2,fewshot,1.0,4
16,0.3935860058309038,base,2.252728336819822,31,smol1.7b,22,"[132, 145]",2,fewshot,1.0,11
64,0.49854227405247814,base,2.780341004693029,31,smol1.7b,22,"[4, 132, 145]",3,fewshot,1.0,25
4,0.21574344023323616,base,1.3862943611198906,31,smol1.7b,22,[145],1,instruction,1.5,4
16,0.21574344023323616,base,2.4799555205445176,31,smol1.7b,22,[145],1,instruction,1.5,13
64,0.6064139941690962,base,3.315018121077833,31,smol1.7b,22,"[132, 145, 220]",3,instruction,1.5,38
4,0.265993265993266,base,1.3862943611198906,16,smol1.7b,33,[214],1,instruction,1.0,4
16,0.30303030303030304,base,2.3933121229745242,16,smol1.7b,33,"[77, 214]",2,instruction,1.0,12
64,0.4713804713804714,base,3.2191173858077375,16,smol1.7b,33,"[214, 222]",2,instruction,1.0,33
4,0.265993265993266,base,1.3862943611198906,16,smol1.7b,33,[214],1,concise,1.0,4
16,0.30303030303030304,base,2.4260151319598084,16,smol1.7b,33,"[77, 214]",2,concise,1.0,12
64,0.5454545454545454,base,3.0657066181675656,16,smol1.7b,33,"[29, 214, 222]",3,concise,1.0,29
4,0.07407407407407407,base,1.3862943611198906,16,smol1.7b,33,[76],1,fewshot,1.0,4
16,0.1111111111111111,base,2.0467385326945515,16,smol1.7b,33,"[76, 77]",2,fewshot,1.0,9
64,0.44276094276094274,base,3.1989913099430374,16,smol1.7b,33,"[6, 29, 214]",3,fewshot,1.0,30
4,0.265993265993266,base,1.3862943611198906,16,smol1.7b,33,[214],1,instruction,1.5,4
16,0.30303030303030304,base,2.5126585295298014,16,smol1.7b,33,"[77, 214]",2,instruction,1.5,13
64,0.5454545454545454,base,3.3694116977365587,16,smol1.7b,33,"[29, 214, 222]",3,instruction,1.5,35
4,0.4110429447852761,base,1.3862943611198906,17,smol1.7b,33,"[143, 235]",2,instruction,1.0,4
16,0.5828220858895705,base,2.273965716419247,17,smol1.7b,33,"[143, 235, 249]",3,instruction,1.0,11
64,0.5828220858895705,base,3.228374723507839,17,smol1.7b,33,"[143, 235, 249]",3,instruction,1.0,34
4,0.2147239263803681,base,1.3862943611198906,17,smol1.7b,33,[235],1,concise,1.0,4
16,0.49079754601226994,base,2.133381930264545,17,smol1.7b,33,"[35, 235, 249]",3,concise,1.0,10
64,0.5828220858895705,base,2.845510233874775,17,smol1.7b,33,"[143, 235, 249]",3,concise,1.0,27
4,0.0,base,1.3862943611198906,17,smol1.7b,33,[],0,fewshot,1.0,4
16,0.23159509202453987,base,2.3933121229745242,17,smol1.7b,33,"[20, 235]",2,fewshot,1.0,12
64,0.3220858895705521,base,3.232602482953914,17,smol1.7b,33,"[17, 161, 235]",3,fewshot,1.0,32
4,0.4110429447852761,base,1.3862943611198906,17,smol1.7b,33,"[143, 235]",2,instruction,1.5,4
16,0.5828220858895705,base,2.1873223188492537,17,smol1.7b,33,"[143, 235, 249]",3,instruction,1.5,10
64,0.5828220858895705,base,3.3889093762214966,17,smol1.7b,33,"[143, 235, 249]",3,instruction,1.5,37
4,0.4294294294294294,base,1.3862943611198906,18,smol1.7b,33,"[69, 84]",2,instruction,1.0,4
16,0.4294294294294294,base,2.5665989181145106,18,smol1.7b,33,"[69, 84]",2,instruction,1.0,14
64,0.6006006006006006,base,3.065783245104264,18,smol1.7b,33,"[69, 84, 186]",3,instruction,1.0,29
4,0.4294294294294294,base,1.3862943611198906,18,smol1.7b,33,"[69, 84]",2,concise,1.0,4
16,0.4294294294294294,base,2.339371734389815,18,smol1.7b,33,"[69, 84]",2,concise,1.0,12
64,0.6006006006006006,base,2.5076719291327842,18,smol1.7b,33,"[69, 84, 186]",3,concise,1.0,18
4,0.2972972972972973,base,1.3862943611198906,18,smol1.7b,33,"[6, 84]",2,fewshot,1.0,4
16,0.5135135135135135,base,2.599301927099795,18,smol1.7b,33,"[6, 69, 84]",3,fewshot,1.0,14
64,0.6006006006006006,base,3.3250084134977818,18,smol1.7b,33,"[69, 84, 186]",3,fewshot,1.0,34
4,0.21921921921921922,base,1.3862943611198906,18,smol1.7b,33,[69],1,instruction,1.5,4
16,0.21921921921921922,base,2.772588722239781,18,smol1.7b,33,[69],1,instruction,1.5,16
64,0.6006006006006006,base,3.332102580290322,18,smol1.7b,33,"[69, 84, 186]",3,instruction,1.5,33
4,0.2026578073089701,base,1.3862943611198906,19,smol1.7b,33,[215],1,instruction,1.0,4
16,0.31893687707641194,base,2.599301927099795,19,smol1.7b,33,"[26, 215]",2,instruction,1.0,14
64,0.43521594684385384,base,3.472406599799194,19,smol1.7b,33,"[194, 215]",2,instruction,1.0,38
4,0.43521594684385384,base,1.3862943611198906,19,smol1.7b,33,"[194, 215]",2,concise,1.0,4
16,0.43521594684385384,base,2.4260151319598084,19,smol1.7b,33,"[194, 215]",2,concise,1.0,12
64,0.43521594684385384,base,3.098236205724662,19,smol1.7b,33,"[194, 215]",2,concise,1.0,29
4,0.23255813953488372,base,0.5623351446188083,19,smol1.7b,33,[194],1,fewshot,1.0,2
16,0.2757475083056478,base,2.3933121229745242,19,smol1.7b,33,"[34, 194]",2,fewshot,1.0,12
64,0.2724252491694352,base,3.482995571317963,19,smol1.7b,33,"[34, 173, 194]",3,fewshot,1.0,39
4,0.0,base,1.3862943611198906,19,smol1.7b,33,[],0,instruction,1.5,4
16,0.15946843853820597,base,2.5665989181145106,19,smol1.7b,33,"[26, 34]",2,instruction,1.5,14
64,0.4950166112956811,base,3.5846588395619308,19,smol1.7b,33,"[35, 194, 250]",3,instruction,1.5,42
4,0.0321285140562249,base,1.0397207708399179,20,smol1.7b,33,[44],1,instruction,1.0,3
16,0.1606425702811245,base,2.1006789212792603,20,smol1.7b,33,"[73, 74, 228]",3,instruction,1.0,9
64,0.3413654618473896,base,2.6818536287223003,20,smol1.7b,33,"[42, 140]",2,instruction,1.0,23
4,0.07630522088353414,base,1.0397207708399179,20,smol1.7b,33,[42],1,concise,1.0,3
16,0.10843373493975904,base,1.977006172908861,20,smol1.7b,33,"[42, 44]",2,concise,1.0,9
64,0.3413654618473896,base,2.443241151398354,20,smol1.7b,33,"[42, 140]",2,concise,1.0,21
4,0.13453815261044177,base,1.0397207708399179,20,smol1.7b,33,[1],1,fewshot,1.0,3
16,0.357429718875502,base,2.252728336819822,20,smol1.7b,33,"[1, 6, 32]",3,fewshot,1.0,11
64,0.4879518072289157,base,3.2053822402966747,20,smol1.7b,33,"[1, 6, 140]",3,fewshot,1.0,31
4,0.0,base,1.0397207708399179,20,smol1.7b,33,[],0,instruction,1.5,3
16,0.10441767068273092,base,2.2739657164192466,20,smol1.7b,33,"[74, 228]",2,instruction,1.5,11
64,0.3413654618473896,base,3.1320505184446703,20,smol1.7b,33,"[42, 140]",2,instruction,1.5,32
4,0.34915773353751917,base,1.3862943611198906,21,smol1.7b,33,"[47, 131]",2,instruction,1.0,4
16,0.5696784073506891,base,2.479955520544517,21,smol1.7b,33,"[30, 131, 217]",3,instruction,1.0,13
64,0.5696784073506891,base,3.0449539328006603,21,smol1.7b,33,"[30, 131, 217]",3,instruction,1.0,29
4,0.34915773353751917,base,1.3862943611198906,21,smol1.7b,33,"[47, 131]",2,concise,1.0,4
16,0.5696784073506891,base,2.599301927099795,21,smol1.7b,33,"[30, 131, 217]",3,concise,1.0,14
64,0.5696784073506891,base,2.9616301306511494,21,smol1.7b,33,"[30, 131, 217]",3,concise,1.0,28
4,0.045941807044410414,base,1.3862943611198906,21,smol1.7b,33,[51],1,fewshot,1.0,4
16,0.24808575803981622,base,2.5126585295298014,21,smol1.7b,33,"[23, 47, 51]",3,fewshot,1.0,13
64,0.46248085758039814,base,3.3641023528367024,21,smol1.7b,33,"[30, 131]",2,fewshot,1.0,34
4,0.10413476263399694,base,1.3862943611198906,21,smol1.7b,33,[47],1,instruction,1.5,4
16,0.21898928024502298,base,2.5665989181145106,21,smol1.7b,33,[30],1,instruction,1.5,14
64,0.5696784073506891,base,3.382896794882736,21,smol1.7b,33,"[30, 131, 217]",3,instruction,1.5,37
4,0.215929203539823,base,1.3862943611198906,22,smol1.7b,33,[191],1,instruction,1.0,4
16,0.2831858407079646,base,2.252728336819822,22,smol1.7b,33,"[177, 191]",2,instruction,1.0,11
64,0.431858407079646,base,2.7830637088922505,22,smol1.7b,33,"[178, 191]",2,instruction,1.0,26
4,0.215929203539823,base,1.3862943611198906,22,smol1.7b,33,[191],1,concise,1.0,4
16,0.431858407079646,base,2.3933121229745242,22,smol1.7b,33,"[178, 191]",2,concise,1.0,12
64,0.431858407079646,base,2.4405275589734963,22,smol1.7b,33,"[178, 191]",2,concise,1.0,20
4,0.0920353982300885,base,1.0397207708399179,22,smol1.7b,33,[203],1,fewshot,1.0,3
16,0.4761061946902655,base,2.479955520544517,22,smol1.7b,33,"[23, 191, 203]",3,fewshot,1.0,13
64,0.4761061946902655,base,2.877504509693689,22,smol1.7b,33,"[23, 191, 203]",3,fewshot,1.0,23
4,0.0920353982300885,base,1.3862943611198906,22,smol1.7b,33,[203],1,instruction,1.5,4
16,0.36106194690265486,base,2.599301927099795,22,smol1.7b,33,"[177, 191, 203]",3,instruction,1.5,14
64,0.431858407079646,base,3.2801519411849864,22,smol1.7b,33,"[178, 191]",2,instruction,1.5,32
4,0.0,base,1.3862943611198906,23,smol1.7b,33,[],0,instruction,1.0,4
16,0.37978560490045943,base,2.5665989181145106,23,smol1.7b,33,"[210, 236]",2,instruction,1.0,14
64,0.37978560490045943,base,3.0117959478638,23,smol1.7b,33,"[210, 236]",2,instruction,1.0,27
4,0.0,base,1.0397207708399179,23,smol1.7b,33,[],0,concise,1.0,3
16,0.19295558958652373,base,2.306668725404531,23,smol1.7b,33,[236],1,concise,1.0,11
64,0.5880551301684533,base,3.0032418466026023,23,smol1.7b,33,"[203, 210, 236]",3,concise,1.0,27
4,0.0,base,1.3862943611198906,23,smol1.7b,33,[],0,fewshot,1.0,4
16,0.19295558958652373,base,2.4260151319598084,23,smol1.7b,33,[236],1,fewshot,1.0,12
64,0.37978560490045943,base,3.1073183341190185,23,smol1.7b,33,"[210, 236]",2,fewshot,1.0,29
4,0.0,base,1.3862943611198906,23,smol1.7b,33,[],0,instruction,1.5,4
16,0.37978560490045943,base,2.599301927099795,23,smol1.7b,33,"[210, 236]",2,instruction,1.5,14
64,0.37978560490045943,base,3.3754242790753186,23,smol1.7b,33,"[210, 236]",2,instruction,1.5,35
4,0.17364341085271318,base,1.3862943611198906,24,smol1.7b,33,[61],1,instruction,1.0,4
16,0.40310077519379844,base,1.836422386754159,24,smol1.7b,33,"[61, 181]",2,instruction,1.0,8
64,0.40310077519379844,base,2.4996379209914714,24,smol1.7b,33,"[61, 130, 181]",3,instruction,1.0,22
4,0.0,base,1.0397207708399179,24,smol1.7b,33,[],0,concise,1.0,3
16,0.40310077519379844,base,2.0140355237092673,24,smol1.7b,33,"[61, 181]",2,concise,1.0,10
64,0.40310077519379844,base,2.5730664754048465,24,smol1.7b,33,"[61, 130, 181]",3,concise,1.0,21
4,0.09302325581395349,base,1.0397207708399179,24,smol1.7b,33,[22],1,fewshot,1.0,3
16,0.5922480620155038,base,2.009709181894145,24,smol1.7b,33,"[61, 169, 181]",3,fewshot,1.0,9
64,0.5922480620155038,base,2.6368682329287707,24,smol1.7b,33,"[61, 169, 181]",3,fewshot,1.0,22
4,0.09302325581395349,base,1.3862943611198906,24,smol1.7b,33,[22],1,instruction,1.5,4
16,0.49612403100775193,base,2.3933121229745242,24,smol1.7b,33,"[22, 61, 181]",3,instruction,1.5,12
64,0.49612403100775193,base,3.0164934629279605,24,smol1.7b,33,"[22, 61, 181]",3,instruction,1.5,29
4,0.20205479452054795,base,1.0397207708399179,25,smol1.7b,33,[47],1,instruction,1.0,3
16,0.20205479452054795,base,2.3933121229745242,25,smol1.7b,33,[47],1,instruction,1.0,12
64,0.4486301369863014,base,2.870098898932139,25,smol1.7b,33,"[47, 176]",2,instruction,1.0,29
4,0.20205479452054795,base,1.0397207708399179,25,smol1.7b,33,[47],1,concise,1.0,3
16,0.20205479452054795,base,1.5268781472745927,25,smol1.7b,33,[47],1,concise,1.0,7
64,0.4486301369863014,base,1.9162917091354115,25,smol1.7b,33,"[47, 176]",2,concise,1.0,18
4,0.0,base,1.0397207708399179,25,smol1.7b,33,[],0,fewshot,1.0,3
16,0.10102739726027397,base,2.252728336819822,25,smol1.7b,33,[1],1,fewshot,1.0,11
64,0.4486301369863014,base,2.9055562894398235,25,smol1.7b,33,"[47, 176]",2,fewshot,1.0,27
4,0.20205479452054795,base,1.3862943611198906,25,smol1.7b,33,[47],1,instruction,1.5,4
16,0.20205479452054795,base,2.4260151319598084,25,smol1.7b,33,[47],1,instruction,1.5,12
64,0.4486301369863014,base,3.450745750406696,25,smol1.7b,33,"[47, 176]",2,instruction,1.5,39
4,0.22096317280453256,base,1.3862943611198906,26,smol1.7b,33,"[123, 180]",2,instruction,1.0,4
16,0.42492917847025496,base,2.5126585295298014,26,smol1.7b,33,"[46, 70, 123]",3,instruction,1.0,13
64,0.42492917847025496,base,2.984825753571445,26,smol1.7b,33,"[46, 70, 123]",3,instruction,1.0,25
4,0.17563739376770537,base,1.3862943611198906,26,smol1.7b,33,[123],1,concise,1.0,4
16,0.42492917847025496,base,2.36060911398924,26,smol1.7b,33,"[46, 70, 123]",3,concise,1.0,12
64,0.42492917847025496,base,2.7220291535150016,26,smol1.7b,33,"[46, 70, 123]",3,concise,1.0,21
4,0.22096317280453256,base,1.3862943611198906,26,smol1.7b,33,"[123, 180]",2,fewshot,1.0,4
16,0.4886685552407932,base,2.599301927099795,26,smol1.7b,33,"[24, 46, 123]",3,fewshot,1.0,14
64,0.4886685552407932,base,3.150640032904015,26,smol1.7b,33,"[24, 46, 123]",3,fewshot,1.0,29
4,0.17563739376770537,base,1.3862943611198906,26,smol1.7b,33,[123],1,instruction,1.5,4
16,0.42776203966005666,base,2.512658529529802,26,smol1.7b,33,"[123, 181, 240]",3,instruction,1.5,13
64,0.6005665722379604,base,3.3978869472757673,26,smol1.7b,33,"[46, 123, 240]",3,instruction,1.5,35
4,0.1947449768160742,base,0.6931471805599453,27,smol1.7b,33,[198],1,instruction,1.0,2
16,0.1947449768160742,base,1.8346096344580887,27,smol1.7b,33,[198],1,instruction,1.0,9
64,0.5935085007727975,base,2.2228823740391945,27,smol1.7b,33,"[83, 198, 250]",3,instruction,1.0,21
4,0.1947449768160742,base,1.0397207708399179,27,smol1.7b,33,[198],1,concise,1.0,3
16,0.3678516228748068,base,1.8080457195839967,27,smol1.7b,33,"[83, 198]",2,concise,1.0,8
64,0.5935085007727975,base,2.5508239153395027,27,smol1.7b,33,"[83, 198, 250]",3,concise,1.0,20
4,0.3678516228748068,base,1.0397207708399179,27,smol1.7b,33,"[83, 198]",2,fewshot,1.0,3
16,0.3678516228748068,base,1.6462245538298699,27,smol1.7b,33,"[83, 198]",2,fewshot,1.0,8
64,0.5935085007727975,base,1.9249491885858832,27,smol1.7b,33,"[83, 198, 250]",3,fewshot,1.0,15
4,0.02472952086553323,base,1.3862943611198906,27,smol1.7b,33,[43],1,instruction,1.5,4
16,0.1947449768160742,base,2.0467385326945515,27,smol1.7b,33,[198],1,instruction,1.5,9
64,0.5935085007727975,base,3.1074935434247632,27,smol1.7b,33,"[83, 198, 250]",3,instruction,1.5,33
4,0.22036727879799667,base,1.3862943611198906,28,smol1.7b,33,[42],1,instruction,1.0,4
16,0.22036727879799667,base,2.252728336819822,28,smol1.7b,33,[42],1,instruction,1.0,11
64,0.4307178631051753,base,2.836974379196015,28,smol1.7b,33,"[42, 78]",2,instruction,1.0,25
4,0.25375626043405675,base,1.0397207708399179,28,smol1.7b,33,"[42, 73]",2,concise,1.0,3
16,0.4307178631051753,base,1.8576597663535837,28,smol1.7b,33,"[42, 78]",2,concise,1.0,8
64,0.4307178631051753,base,1.9861367758876924,28,smol1.7b,33,"[42, 78]",2,concise,1.0,11
4,0.31886477462437396,base,1.0397207708399179,28,smol1.7b,33,"[6, 78]",2,fewshot,1.0,3
16,0.35225375626043404,base,2.4799555205445176,28,smol1.7b,33,"[6, 78, 171]",3,fewshot,1.0,13
64,0.46410684474123537,base,2.6565934172634895,28,smol1.7b,33,"[42, 78, 171]",3,fewshot,1.0,22
4,0.0,base,1.3862943611198906,28,smol1.7b,33,[],0,instruction,1.5,4
16,0.22036727879799667,base,2.479955520544517,28,smol1.7b,33,[42],1,instruction,1.5,13
64,0.4307178631051753,base,3.3559266005903816,28,smol1.7b,33,"[42, 78]",2,instruction,1.5,36
4,0.24273504273504273,base,1.0397207708399179,29,smol1.7b,33,[155],1,instruction,1.0,3
16,0.4478632478632479,base,2.5126585295298014,29,smol1.7b,33,"[155, 251]",2,instruction,1.0,13
64,0.4478632478632479,base,3.140226270690992,29,smol1.7b,33,"[155, 251]",2,instruction,1.0,31
4,0.24273504273504273,base,1.0397207708399179,29,smol1.7b,33,[155],1,concise,1.0,3
16,0.28376068376068375,base,2.009709181894145,29,smol1.7b,33,"[107, 155]",2,concise,1.0,9
64,0.28376068376068375,base,2.5372939193639668,29,smol1.7b,33,"[107, 155]",2,concise,1.0,21
4,0.24273504273504273,base,1.0397207708399179,29,smol1.7b,33,[155],1,fewshot,1.0,3
16,0.3452991452991453,base,2.133381930264545,29,smol1.7b,33,"[11, 155]",2,fewshot,1.0,10
64,0.3452991452991453,base,3.0105112227008886,29,smol1.7b,33,"[11, 155]",2,fewshot,1.0,29
4,0.24273504273504273,base,1.3862943611198906,29,smol1.7b,33,[155],1,instruction,1.5,4
16,0.28376068376068375,base,2.685945324669788,29,smol1.7b,33,"[107, 155]",2,instruction,1.5,15
64,0.46495726495726497,base,3.541337140776935,29,smol1.7b,33,"[11, 35, 155]",3,instruction,1.5,39
4,0.02204724409448819,base,1.0397207708399179,30,smol1.7b,33,[9],1,instruction,1.0,3
16,0.29606299212598425,base,2.5665989181145106,30,smol1.7b,33,"[9, 101]",2,instruction,1.0,14
64,0.29606299212598425,base,2.983464401471835,30,smol1.7b,33,"[9, 101]",2,instruction,1.0,28
4,0.02204724409448819,base,1.0397207708399179,30,smol1.7b,33,[9],1,concise,1.0,3
16,0.29606299212598425,base,2.599301927099795,30,smol1.7b,33,"[9, 101]",2,concise,1.0,14
64,0.30551181102362207,base,2.829501863388599,30,smol1.7b,33,"[101, 153]",2,concise,1.0,23
4,0.02204724409448819,base,0.5623351446188083,30,smol1.7b,33,[9],1,fewshot,1.0,2
16,0.2283464566929134,base,2.252728336819822,30,smol1.7b,33,"[9, 31, 151]",3,fewshot,1.0,11
64,0.3984251968503937,base,2.9325264837321776,30,smol1.7b,33,"[10, 101, 153]",3,fewshot,1.0,28
4,0.0,base,1.3862943611198906,30,smol1.7b,33,[],0,instruction,1.5,4
16,0.1826771653543307,base,2.772588722239781,30,smol1.7b,33,"[151, 211]",2,instruction,1.5,16
64,0.30551181102362207,base,3.4182927897862982,30,smol1.7b,33,"[101, 153]",2,instruction,1.5,38
4,0.17784256559766765,base,0.5623351446188083,31,smol1.7b,33,[132],1,instruction,1.0,2
16,0.6064139941690962,base,2.339371734389815,31,smol1.7b,33,"[132, 145, 220]",3,instruction,1.0,12
64,0.6064139941690962,base,2.8337296228346736,31,smol1.7b,33,"[132, 145, 220]",3,instruction,1.0,25
4,0.17784256559766765,base,0.6931471805599453,31,smol1.7b,33,[132],1,concise,1.0,2
16,0.6064139941690962,base,2.306668725404531,31,smol1.7b,33,"[132, 145, 220]",3,concise,1.0,11
64,0.6064139941690962,base,2.5555700180977885,31,smol1.7b,33,"[132, 145, 220]",3,concise,1.0,19
4,0.3935860058309038,base,1.3862943611198906,31,smol1.7b,33,"[132, 145]",2,fewshot,1.0,4
16,0.6064139941690962,base,2.1333819302645445,31,smol1.7b,33,"[132, 145, 220]",3,fewshot,1.0,10
64,0.6064139941690962,base,2.684440269422935,31,smol1.7b,33,"[132, 145, 220]",3,fewshot,1.0,22
4,0.17784256559766765,base,1.3862943611198906,31,smol1.7b,33,[132],1,instruction,1.5,4
16,0.6064139941690962,base,2.685945324669788,31,smol1.7b,33,"[132, 145, 220]",3,instruction,1.5,15
64,0.6064139941690962,base,3.268201617566607,31,smol1.7b,33,"[132, 145, 220]",3,instruction,1.5,33
4,0.0,flat,0.5623351446188083,16,smol1.7b,11,[],0,instruction,1.0,2
16,0.0,flat,1.5746794417481091,16,smol1.7b,11,[],0,instruction,1.0,7
64,0.0,flat,1.906380257599409,16,smol1.7b,11,[],0,instruction,1.0,13
4,0.0,flat,1.0397207708399179,16,smol1.7b,11,[],0,concise,1.0,3
16,0.07407407407407407,flat,1.9273921261392741,16,smol1.7b,11,[76],1,concise,1.0,9
64,0.07407407407407407,flat,2.2560785610331973,16,smol1.7b,11,[76],1,concise,1.0,16
4,0.0,flat,0.5623351446188083,16,smol1.7b,11,[],0,fewshot,1.0,2
16,0.10101010101010101,flat,1.8080457195839967,16,smol1.7b,11,[6],1,fewshot,1.0,8
64,0.13468013468013468,flat,2.5288437526121097,16,smol1.7b,11,"[6, 76]",2,fewshot,1.0,20
4,0.0,flat,1.0397207708399179,16,smol1.7b,11,[],0,instruction,1.5,3
16,0.07407407407407407,flat,1.6800466293984755,16,smol1.7b,11,[76],1,instruction,1.5,7
64,0.07407407407407407,flat,2.6047473354982382,16,smol1.7b,11,[76],1,instruction,1.5,22
4,0.0,flat,1.0397207708399179,17,smol1.7b,11,[],0,instruction,1.0,3
16,0.0,flat,1.9061547465398494,17,smol1.7b,11,[],0,instruction,1.0,8
64,0.0,flat,2.1373357268711524,17,smol1.7b,11,[],0,instruction,1.0,12
4,0.0,flat,0.5623351446188083,17,smol1.7b,11,[],0,concise,1.0,2
16,0.0,flat,1.0373923246209082,17,smol1.7b,11,[],0,concise,1.0,5
64,0.19631901840490798,flat,1.6679851148902414,17,smol1.7b,11,[143],1,concise,1.0,9
4,0.0,flat,1.3862943611198906,17,smol1.7b,11,[],0,fewshot,1.0,4
16,0.0,flat,1.923065784324152,17,smol1.7b,11,[],0,fewshot,1.0,8
64,0.0,flat,2.458057882363197,17,smol1.7b,11,[],0,fewshot,1.0,16
4,0.0,flat,1.0397207708399179,17,smol1.7b,11,[],0,instruction,1.5,3
16,0.0,flat,1.9273921261392741,17,smol1.7b,11,[],0,instruction,1.5,9
64,0.0,flat,2.4477319175654495,17,smol1.7b,11,[],0,instruction,1.5,19
4,0.10510510510510511,flat,1.3862943611198906,18,smol1.7b,11,[12],1,instruction,1.0,4
16,0.10510510510510511,flat,1.3633631023481716,18,smol1.7b,11,[12],1,instruction,1.0,6
64,0.12912912912912913,flat,1.369396613392826,18,smol1.7b,11,"[12, 109]",2,instruction,1.0,8
4,0.0960960960960961,flat,1.0397207708399179,18,smol1.7b,11,"[108, 109]",2,concise,1.0,3
16,0.0960960960960961,flat,1.1432752061942137,18,smol1.7b,11,"[108, 109]",2,concise,1.0,4
64,0.0960960960960961,flat,1.140416406131913,18,smol1.7b,11,"[108, 109]",2,concise,1.0,5
4,0.10510510510510511,flat,1.0397207708399179,18,smol1.7b,11,[12],1,fewshot,1.0,3
16,0.10510510510510511,flat,1.541976432762825,18,smol1.7b,11,[12],1,fewshot,1.0,6
64,0.12912912912912913,flat,1.48457274561039,18,smol1.7b,11,"[12, 109]",2,fewshot,1.0,7
4,0.10510510510510511,flat,1.0397207708399179,18,smol1.7b,11,[12],1,instruction,1.5,3
16,0.21021021021021022,flat,1.6631355916141728,18,smol1.7b,11,[84],1,instruction,1.5,6
64,0.21021021021021022,flat,1.9796655097474476,18,smol1.7b,11,[84],1,instruction,1.5,10
4,0.0,flat,-0.0,19,smol1.7b,11,[],0,instruction,1.0,1
16,0.11461794019933555,flat,0.6885673693022827,19,smol1.7b,11,[14],1,instruction,1.0,4
64,0.23255813953488372,flat,0.9413622278606908,19,smol1.7b,11,[194],1,instruction,1.0,6
4,0.0,flat,-0.0,19,smol1.7b,11,[],0,concise,1.0,1
16,0.10631229235880399,flat,0.2337916587064593,19,smol1.7b,11,[124],1,concise,1.0,2
64,0.11461794019933555,flat,0.6135712822702547,19,smol1.7b,11,[14],1,concise,1.0,4
4,0.11461794019933555,flat,0.5623351446188083,19,smol1.7b,11,[14],1,fewshot,1.0,2
16,0.11461794019933555,flat,1.0609581504393426,19,smol1.7b,11,[14],1,fewshot,1.0,4
64,0.23255813953488372,flat,1.1616395448974037,19,smol1.7b,11,[194],1,fewshot,1.0,5
4,0.11461794019933555,flat,1.3862943611198906,19,smol1.7b,11,[14],1,instruction,1.5,4
16,0.11461794019933555,flat,1.7214023220140038,19,smol1.7b,11,[14],1,instruction,1.5,7
64,0.23255813953488372,flat,1.6451162171235145,19,smol1.7b,11,[194],1,instruction,1.5,10
4,0.0,flat,0.5623351446188083,20,smol1.7b,11,[],0,instruction,1.0,2
16,0.04819277108433735,flat,1.2227793161934695,20,smol1.7b,11,[109],1,instruction,1.0,4
64,0.04819277108433735,flat,1.370089526802861,20,smol1.7b,11,[109],1,instruction,1.0,6
4,0.0,flat,1.0397207708399179,20,smol1.7b,11,[],0,concise,1.0,3
16,0.04819277108433735,flat,1.700164942414579,20,smol1.7b,11,[109],1,concise,1.0,6
64,0.04819277108433735,flat,1.638026223320457,20,smol1.7b,11,[109],1,concise,1.0,6
4,0.0,flat,0.6931471805599453,20,smol1.7b,11,[],0,fewshot,1.0,2
16,0.04819277108433735,flat,1.6020559154587264,20,smol1.7b,11,[109],1,fewshot,1.0,6
64,0.04819277108433735,flat,1.833177459228141,20,smol1.7b,11,[109],1,fewshot,1.0,10
4,0.0,flat,1.0397207708399179,20,smol1.7b,11,[],0,instruction,1.5,3
16,0.10843373493975904,flat,1.8080457195839967,20,smol1.7b,11,"[42, 44]",2,instruction,1.5,8
64,0.10843373493975904,flat,1.91946554489223,20,smol1.7b,11,"[42, 44]",2,instruction,1.5,11
4,0.0,flat,1.0397207708399179,21,smol1.7b,11,[],0,instruction,1.0,3
16,0.0,flat,1.3862943611198906,21,smol1.7b,11,[],0,instruction,1.0,6
64,0.045941807044410414,flat,1.7798127198130913,21,smol1.7b,11,[51],1,instruction,1.0,10
4,0.0,flat,1.0397207708399179,21,smol1.7b,11,[],0,concise,1.0,3
16,0.0,flat,1.5746794417481091,21,smol1.7b,11,[],0,concise,1.0,6
64,0.0,flat,1.7859388221353332,21,smol1.7b,11,[],0,concise,1.0,7
4,0.0,flat,1.0397207708399179,21,smol1.7b,11,[],0,fewshot,1.0,3
16,0.0,flat,1.808045719583997,21,smol1.7b,11,[],0,fewshot,1.0,7
64,0.045941807044410414,flat,2.229418729033227,21,smol1.7b,11,[51],1,fewshot,1.0,11
4,0.0,flat,1.3862943611198906,21,smol1.7b,11,[],0,instruction,1.5,4
16,0.0,flat,1.6674619334292946,21,smol1.7b,11,[],0,instruction,1.5,7
64,0.045941807044410414,flat,2.2625767139700863,21,smol1.7b,11,[51],1,instruction,1.5,16
4,0.0,flat,1.0397207708399179,22,smol1.7b,11,[],0,instruction,1.0,3
16,0.0,flat,1.8407487285692812,22,smol1.7b,11,[],0,instruction,1.0,7
64,0.0,flat,2.2886667834794197,22,smol1.7b,11,[],0,instruction,1.0,14
4,0.0,flat,1.0397207708399179,22,smol1.7b,11,[],0,concise,1.0,3
16,0.0,flat,1.8903627753388679,22,smol1.7b,11,[],0,concise,1.0,8
64,0.0,flat,2.2355768013967876,22,smol1.7b,11,[],0,concise,1.0,15
4,0.0,flat,1.3862943611198906,22,smol1.7b,11,[],0,fewshot,1.0,4
16,0.0,flat,2.009709181894145,22,smol1.7b,11,[],0,fewshot,1.0,9
64,0.0,flat,2.4889705727283298,22,smol1.7b,11,[],0,fewshot,1.0,19
4,0.0,flat,1.0397207708399179,22,smol1.7b,11,[],0,instruction,1.5,3
16,0.0,flat,1.9600951351245584,22,smol1.7b,11,[],0,instruction,1.5,8
64,0.0,flat,2.58285300528492,22,smol1.7b,11,[],0,instruction,1.5,19
4,0.0,flat,1.3862943611198906,23,smol1.7b,11,[],0,instruction,1.0,4
16,0.0,flat,2.1006789212792603,23,smol1.7b,11,[],0,instruction,1.0,9
64,0.0,flat,1.894825180652577,23,smol1.7b,11,[],0,instruction,1.0,12
4,0.0,flat,1.0397207708399179,23,smol1.7b,11,[],0,concise,1.0,3
16,0.0,flat,1.4075317407193153,23,smol1.7b,11,[],0,concise,1.0,5
64,0.0,flat,1.108353157905887,23,smol1.7b,11,[],0,concise,1.0,6
4,0.0,flat,1.0397207708399179,23,smol1.7b,11,[],0,fewshot,1.0,3
16,0.0,flat,1.3686896376228386,23,smol1.7b,11,[],0,fewshot,1.0,5
64,0.0,flat,1.5194466883518316,23,smol1.7b,11,[],0,fewshot,1.0,10
4,0.0,flat,1.0397207708399179,23,smol1.7b,11,[],0,instruction,1.5,3
16,0.0,flat,2.2739657164192466,23,smol1.7b,11,[],0,instruction,1.5,11
64,0.045941807044410414,flat,2.541489549820796,23,smol1.7b,11,[16],1,instruction,1.5,20
4,0.0,flat,1.3862943611198906,24,smol1.7b,11,[130],1,instruction,1.0,4
16,0.0,flat,1.5808185358593017,24,smol1.7b,11,[130],1,instruction,1.0,6
64,0.0,flat,2.153015672248069,24,smol1.7b,11,[130],1,instruction,1.0,13
4,0.0,flat,1.3862943611198906,24,smol1.7b,11,[],0,concise,1.0,4
16,0.22945736434108527,flat,2.0467385326945515,24,smol1.7b,11,"[130, 181]",2,concise,1.0,9
64,0.31007751937984496,flat,2.3540744804883604,24,smol1.7b,11,"[94, 130, 181]",3,concise,1.0,15
4,0.0,flat,1.3862943611198906,24,smol1.7b,11,[130],1,fewshot,1.0,4
16,0.11317829457364341,flat,1.840748728569281,24,smol1.7b,11,"[1, 130]",2,fewshot,1.0,8
64,0.11317829457364341,flat,2.2509227245416037,24,smol1.7b,11,"[1, 130]",2,fewshot,1.0,16
4,0.0,flat,1.3862943611198906,24,smol1.7b,11,[130],1,instruction,1.5,4
16,0.17364341085271318,flat,2.306668725404531,24,smol1.7b,11,"[61, 130]",2,instruction,1.5,11
64,0.40310077519379844,flat,2.6500290654816645,24,smol1.7b,11,"[61, 130, 181]",3,instruction,1.5,19
4,0.0,flat,0.5623351446188083,25,smol1.7b,11,[],0,instruction,1.0,2
16,0.20205479452054795,flat,1.3862943611198906,25,smol1.7b,11,[47],1,instruction,1.0,6
64,0.20205479452054795,flat,1.6166266803718934,25,smol1.7b,11,[47],1,instruction,1.0,11
4,0.0,flat,1.0397207708399179,25,smol1.7b,11,[],0,concise,1.0,3
16,0.20205479452054795,flat,1.559581156259877,25,smol1.7b,11,[47],1,concise,1.0,7
64,0.20205479452054795,flat,1.4779098114595195,25,smol1.7b,11,[47],1,concise,1.0,8
4,0.0,flat,1.0397207708399179,25,smol1.7b,11,[],0,fewshot,1.0,3
16,0.0,flat,1.7868083399845722,25,smol1.7b,11,[],0,fewshot,1.0,7
64,0.0,flat,1.9517756797309942,25,smol1.7b,11,[],0,fewshot,1.0,9
4,0.0,flat,1.3862943611198906,25,smol1.7b,11,[],0,instruction,1.5,4
16,0.20205479452054795,flat,2.1333819302645445,25,smol1.7b,11,[47],1,instruction,1.5,10
64,0.20205479452054795,flat,2.568415246165698,25,smol1.7b,11,[47],1,instruction,1.5,20
4,0.17563739376770537,flat,1.0397207708399179,26,smol1.7b,11,[123],1,instruction,1.0,3
16,0.17563739376770537,flat,1.1626998334975678,26,smol1.7b,11,[123],1,instruction,1.0,4
64,0.17563739376770537,flat,0.9656264857393884,26,smol1.7b,11,[123],1,instruction,1.0,5
4,0.17563739376770537,flat,0.5623351446188083,26,smol1.7b,11,[123],1,concise,1.0,2
16,0.17563739376770537,flat,0.37677016125643675,26,smol1.7b,11,[123],1,concise,1.0,2
64,0.17563739376770537,flat,0.2689376052451348,26,smol1.7b,11,[123],1,concise,1.0,3
4,0.0,flat,1.0397207708399179,26,smol1.7b,11,[],0,fewshot,1.0,3
16,0.17563739376770537,flat,1.6843729712135975,26,smol1.7b,11,[123],1,fewshot,1.0,6
64,0.17563739376770537,flat,1.6323383582410476,26,smol1.7b,11,[123],1,fewshot,1.0,7
4,0.0,flat,0.5623351446188083,26,smol1.7b,11,[],0,instruction,1.5,2
16,0.17563739376770537,flat,1.331660286822432,26,smol1.7b,11,[123],1,instruction,1.5,5
64,0.17563739376770537,flat,1.4306772558550402,26,smol1.7b,11,[123],1,instruction,1.5,10
4,0.0,flat,1.3862943611198906,27,smol1.7b,11,[],0,instruction,1.0,4
16,0.0,flat,1.7170759801988817,27,smol1.7b,11,[],0,instruction,1.0,6
64,0.1947449768160742,flat,2.144749264962562,27,smol1.7b,11,[198],1,instruction,1.0,15
4,0.0,flat,1.0397207708399179,27,smol1.7b,11,[],0,concise,1.0,3
16,0.0,flat,1.0337005498525014,27,smol1.7b,11,[],0,concise,1.0,4
64,0.0,flat,1.0672257468172028,27,smol1.7b,11,[],0,concise,1.0,5
4,0.02472952086553323,flat,1.3862943611198906,27,smol1.7b,11,[145],1,fewshot,1.0,4
16,0.10510046367851623,flat,1.7479662368880953,27,smol1.7b,11,"[18, 145]",2,fewshot,1.0,8
64,0.10510046367851623,flat,1.924604133607066,27,smol1.7b,11,"[18, 145]",2,fewshot,1.0,13
4,0.0,flat,1.3862943611198906,27,smol1.7b,11,[],0,instruction,1.5,4
16,0.0,flat,2.2739657164192466,27,smol1.7b,11,[],0,instruction,1.5,11
64,0.1947449768160742,flat,2.9168181562858067,27,smol1.7b,11,[198],1,instruction,1.5,25
4,0.08013355592654424,flat,1.0397207708399179,28,smol1.7b,11,[73],1,instruction,1.0,3
16,0.08013355592654424,flat,1.6674619334292948,28,smol1.7b,11,[73],1,instruction,1.0,7
64,0.08013355592654424,flat,1.9169504974368554,28,smol1.7b,11,[73],1,instruction,1.0,11
4,0.08013355592654424,flat,1.0397207708399179,28,smol1.7b,11,[73],1,concise,1.0,3
16,0.08013355592654424,flat,0.7356219397587946,28,smol1.7b,11,[73],1,concise,1.0,3
64,0.4307178631051753,flat,1.304433572573716,28,smol1.7b,11,"[42, 78]",2,concise,1.0,7
4,0.08013355592654424,flat,1.0397207708399179,28,smol1.7b,11,[73],1,fewshot,1.0,3
16,0.08013355592654424,flat,1.4013926466081226,28,smol1.7b,11,[73],1,fewshot,1.0,5
64,0.25375626043405675,flat,1.991913687646168,28,smol1.7b,11,"[6, 73]",2,fewshot,1.0,14
4,0.08013355592654424,flat,1.3862943611198906,28,smol1.7b,11,[73],1,instruction,1.5,4
16,0.08013355592654424,flat,1.981332514723983,28,smol1.7b,11,[73],1,instruction,1.5,8
64,0.21035058430717862,flat,2.408264917437955,28,smol1.7b,11,[78],1,instruction,1.5,16
4,0.0,flat,1.0397207708399179,29,smol1.7b,11,[],0,instruction,1.0,3
16,0.0,flat,1.541976432762825,29,smol1.7b,11,[],0,instruction,1.0,6
64,0.0,flat,1.8867931315534991,29,smol1.7b,11,[],0,instruction,1.0,10
4,0.0,flat,1.3862943611198906,29,smol1.7b,11,[],0,concise,1.0,4
16,0.0,flat,1.4402347497045995,29,smol1.7b,11,[],0,concise,1.0,6
64,0.0,flat,1.6406593087940289,29,smol1.7b,11,[],0,concise,1.0,9
4,0.0,flat,1.0397207708399179,29,smol1.7b,11,[],0,fewshot,1.0,3
16,0.0,flat,1.3334730391185028,29,smol1.7b,11,[],0,fewshot,1.0,7
64,0.0,flat,1.8008932953803796,29,smol1.7b,11,[],0,fewshot,1.0,12
4,0.0,flat,1.0397207708399179,29,smol1.7b,11,[],0,instruction,1.5,3
16,0.0,flat,1.8080457195839967,29,smol1.7b,11,[],0,instruction,1.5,8
64,0.0,flat,2.5217198675386245,29,smol1.7b,11,[],0,instruction,1.5,17
4,0.0,flat,1.0397207708399179,30,smol1.7b,11,[],0,instruction,1.0,3
16,0.0,flat,1.628619830332818,30,smol1.7b,11,[],0,instruction,1.0,7
64,0.0,flat,1.9322404843685297,30,smol1.7b,11,[],0,instruction,1.0,10
4,0.0,flat,0.5623351446188083,30,smol1.7b,11,[],0,concise,1.0,2
16,0.0,flat,0.9470571522825082,30,smol1.7b,11,[],0,concise,1.0,3
64,0.04094488188976378,flat,1.1180465008939044,30,smol1.7b,11,[97],1,concise,1.0,5
4,0.0,flat,1.0397207708399179,30,smol1.7b,11,[],0,fewshot,1.0,3
16,0.0,flat,1.6304325826288886,30,smol1.7b,11,[],0,fewshot,1.0,6
64,0.0,flat,1.7899782215387858,30,smol1.7b,11,[],0,fewshot,1.0,9
4,0.0,flat,1.3862943611198906,30,smol1.7b,11,[],0,instruction,1.5,4
16,0.0,flat,2.3393717343898155,30,smol1.7b,11,[],0,instruction,1.5,12
64,0.04094488188976378,flat,2.479009998589324,30,smol1.7b,11,[97],1,instruction,1.5,17
4,0.0,flat,0.5623351446188083,31,smol1.7b,11,[],0,instruction,1.0,2
16,0.17784256559766765,flat,1.560700222843198,31,smol1.7b,11,[132],1,instruction,1.0,6
64,0.17784256559766765,flat,1.7500830147199595,31,smol1.7b,11,[132],1,instruction,1.0,11
4,0.17784256559766765,flat,-0.0,31,smol1.7b,11,[132],1,concise,1.0,1
16,0.17784256559766765,flat,-0.0,31,smol1.7b,11,[132],1,concise,1.0,1
64,0.17784256559766765,flat,0.7761659426330068,31,smol1.7b,11,[132],1,concise,1.0,8
4,0.17784256559766765,flat,0.6931471805599453,31,smol1.7b,11,[132],1,fewshot,1.0,2
16,0.17784256559766765,flat,1.0373923246209082,31,smol1.7b,11,[132],1,fewshot,1.0,5
64,0.17784256559766765,flat,1.7021041832274746,31,smol1.7b,11,[132],1,fewshot,1.0,10
4,0.17784256559766765,flat,1.3862943611198906,31,smol1.7b,11,[132],1,instruction,1.5,4
16,0.17784256559766765,flat,2.067975912293976,31,smol1.7b,11,[132],1,instruction,1.5,9
64,0.17784256559766765,flat,2.296765908789042,31,smol1.7b,11,[132],1,instruction,1.5,16
4,0.0,flat,1.0397207708399179,16,smol1.7b,22,[],0,instruction,1.0,3
16,0.0,flat,1.7710163687835907,16,smol1.7b,22,[],0,instruction,1.0,7
64,0.07407407407407407,flat,2.54763105464029,16,smol1.7b,22,[76],1,instruction,1.0,20
4,0.07407407407407407,flat,0.5623351446188083,16,smol1.7b,22,[76],1,concise,1.0,2
16,0.07407407407407407,flat,1.700164942414579,16,smol1.7b,22,[76],1,concise,1.0,6
64,0.08754208754208755,flat,2.380149770331185,16,smol1.7b,22,[65],1,concise,1.0,16
4,0.0,flat,1.3862943611198906,16,smol1.7b,22,[],0,fewshot,1.0,4
16,0.07407407407407407,flat,2.306668725404531,16,smol1.7b,22,[76],1,fewshot,1.0,11
64,0.07407407407407407,flat,2.956147364323105,16,smol1.7b,22,[76],1,fewshot,1.0,24
4,0.0,flat,1.3862943611198906,16,smol1.7b,22,[],0,instruction,1.5,4
16,0.0,flat,2.220025327834538,16,smol1.7b,22,[],0,instruction,1.5,11
64,0.07407407407407407,flat,2.9563207857512923,16,smol1.7b,22,[76],1,instruction,1.5,25
4,0.0,flat,1.0397207708399179,17,smol1.7b,22,[],0,instruction,1.0,3
16,0.0,flat,1.5934032318284823,17,smol1.7b,22,[],0,instruction,1.0,6
64,0.0,flat,2.026297120131979,17,smol1.7b,22,[],0,instruction,1.0,12
4,0.0,flat,1.0397207708399179,17,smol1.7b,22,[],0,concise,1.0,3
16,0.19631901840490798,flat,1.5419764327628247,17,smol1.7b,22,[143],1,concise,1.0,6
64,0.19631901840490798,flat,1.8521615975282872,17,smol1.7b,22,[143],1,concise,1.0,11
4,0.0,flat,1.0397207708399179,17,smol1.7b,22,[],0,fewshot,1.0,3
16,0.0,flat,1.8364223867541591,17,smol1.7b,22,[],0,fewshot,1.0,8
64,0.0,flat,2.331098564821261,17,smol1.7b,22,[],0,fewshot,1.0,14
4,0.0,flat,1.0397207708399179,17,smol1.7b,22,[],0,instruction,1.5,3
16,0.0,flat,1.9273921261392741,17,smol1.7b,22,[],0,instruction,1.5,8
64,0.0,flat,2.532640902247259,17,smol1.7b,22,[],0,instruction,1.5,18
4,0.0,flat,1.0397207708399179,18,smol1.7b,22,[],0,instruction,1.0,3
16,0.0960960960960961,flat,1.3633631023481716,18,smol1.7b,22,"[108, 109]",2,instruction,1.0,6
64,0.21021021021021022,flat,1.6898260192606969,18,smol1.7b,22,[84],1,instruction,1.0,10
4,0.05405405405405406,flat,1.0397207708399179,18,smol1.7b,22,[109],1,concise,1.0,3
16,0.0960960960960961,flat,1.103432909638192,18,smol1.7b,22,"[108, 109]",2,concise,1.0,4
64,0.21021021021021022,flat,1.3653519744619358,18,smol1.7b,22,[84],1,concise,1.0,7
4,0.0,flat,1.0397207708399179,18,smol1.7b,22,[],0,fewshot,1.0,3
16,0.12912912912912913,flat,1.628619830332818,18,smol1.7b,22,"[12, 109]",2,fewshot,1.0,7
64,0.21021021021021022,flat,1.6373720842967725,18,smol1.7b,22,[84],1,fewshot,1.0,7
4,0.0,flat,1.0397207708399179,18,smol1.7b,22,[],0,instruction,1.5,3
16,0.12912912912912913,flat,1.9770061729088613,18,smol1.7b,22,"[12, 109]",2,instruction,1.5,9
64,0.21021021021021022,flat,2.2493398773112374,18,smol1.7b,22,[84],1,instruction,1.5,14
4,0.10631229235880399,flat,0.5623351446188083,19,smol1.7b,22,[124],1,instruction,1.0,2
16,0.23255813953488372,flat,0.6853142072764582,19,smol1.7b,22,[194],1,instruction,1.0,2
64,0.23255813953488372,flat,1.1790889977050125,19,smol1.7b,22,[194],1,instruction,1.0,6
4,0.10631229235880399,flat,0.6931471805599453,19,smol1.7b,22,[124],1,concise,1.0,2
16,0.10631229235880399,flat,0.6615632381579821,19,smol1.7b,22,[124],1,concise,1.0,2
64,0.11461794019933555,flat,0.8072961146416506,19,smol1.7b,22,[14],1,concise,1.0,4
4,0.11461794019933555,flat,1.0397207708399179,19,smol1.7b,22,[14],1,fewshot,1.0,3
16,0.23255813953488372,flat,1.2511559833636317,19,smol1.7b,22,[194],1,fewshot,1.0,4
64,0.23255813953488372,flat,1.4230057099792568,19,smol1.7b,22,[194],1,fewshot,1.0,7
4,0.11461794019933555,flat,1.0397207708399179,19,smol1.7b,22,[14],1,instruction,1.5,3
16,0.11461794019933555,flat,1.7214023220140038,19,smol1.7b,22,[14],1,instruction,1.5,7
64,0.23255813953488372,flat,1.7630420437752128,19,smol1.7b,22,[194],1,instruction,1.5,10
4,0.0,flat,0.6931471805599453,20,smol1.7b,22,[],0,instruction,1.0,2
16,0.0,flat,1.229918603764207,20,smol1.7b,22,[],0,instruction,1.0,5
64,0.04819277108433735,flat,1.5071755743493054,20,smol1.7b,22,[109],1,instruction,1.0,8
4,0.0,flat,0.6931471805599453,20,smol1.7b,22,[],0,concise,1.0,2
16,0.0,flat,1.0337005498525014,20,smol1.7b,22,[],0,concise,1.0,4
64,0.04819277108433735,flat,1.1399651614998854,20,smol1.7b,22,[109],1,concise,1.0,5
4,0.0,flat,1.0397207708399179,20,smol1.7b,22,[],0,fewshot,1.0,3
16,0.04819277108433735,flat,1.559581156259877,20,smol1.7b,22,[109],1,fewshot,1.0,7
64,0.04819277108433735,flat,1.6736734316357187,20,smol1.7b,22,[109],1,fewshot,1.0,9
4,0.0,flat,1.0397207708399179,20,smol1.7b,22,[],0,instruction,1.5,3
16,0.07228915662650602,flat,1.977006172908861,20,smol1.7b,22,[73],1,instruction,1.5,9
64,0.13253012048192772,flat,1.779721936040628,20,smol1.7b,22,"[44, 73, 74]",3,instruction,1.5,9
4,0.0,flat,1.3862943611198906,21,smol1.7b,22,[],0,instruction,1.0,4
16,0.0,flat,1.8903627753388679,21,smol1.7b,22,[],0,instruction,1.0,8
64,0.045941807044410414,flat,2.0596102799145877,21,smol1.7b,22,[51],1,instruction,1.0,11
4,0.0,flat,0.6931471805599453,21,smol1.7b,22,[],0,concise,1.0,2
16,0.0,flat,1.5110861760736112,21,smol1.7b,22,[],0,concise,1.0,6
64,0.045941807044410414,flat,1.6042897025839606,21,smol1.7b,22,[51],1,concise,1.0,7
4,0.0,flat,1.0397207708399179,21,smol1.7b,22,[],0,fewshot,1.0,3
16,0.0,flat,1.8576597663535837,21,smol1.7b,22,[],0,fewshot,1.0,8
64,0.12098009188361408,flat,2.042095066303999,21,smol1.7b,22,[15],1,fewshot,1.0,11
4,0.0,flat,1.3862943611198906,21,smol1.7b,22,[],0,instruction,1.5,4
16,0.0,flat,2.1333819302645445,21,smol1.7b,22,[],0,instruction,1.5,10
64,0.12098009188361408,flat,2.461925539376834,21,smol1.7b,22,[15],1,instruction,1.5,16
4,0.0,flat,1.3862943611198906,22,smol1.7b,22,[],0,instruction,1.0,4
16,0.0,flat,2.306668725404531,22,smol1.7b,22,[],0,instruction,1.0,11
64,0.0,flat,2.6179229477176413,22,smol1.7b,22,[],0,instruction,1.0,18
4,0.0,flat,1.0397207708399179,22,smol1.7b,22,[],0,concise,1.0,3
16,0.0,flat,1.8576597663535837,22,smol1.7b,22,[],0,concise,1.0,8
64,0.0,flat,2.404850448498336,22,smol1.7b,22,[],0,concise,1.0,15
4,0.0,flat,1.3862943611198906,22,smol1.7b,22,[],0,fewshot,1.0,4
16,0.0,flat,1.8903627753388679,22,smol1.7b,22,[],0,fewshot,1.0,8
64,0.0,flat,2.8457244444005054,22,smol1.7b,22,[],0,fewshot,1.0,25
4,0.0,flat,1.3862943611198906,22,smol1.7b,22,[],0,instruction,1.5,4
16,0.0,flat,2.5126585295298014,22,smol1.7b,22,[],0,instruction,1.5,13
64,0.0,flat,2.901328529993748,22,smol1.7b,22,[],0,instruction,1.5,21
4,0.0,flat,1.3862943611198906,23,smol1.7b,22,[],0,instruction,1.0,4
16,0.042879019908116385,flat,1.9273921261392744,23,smol1.7b,22,[135],1,instruction,1.0,9
64,0.042879019908116385,flat,2.2402073399123807,23,smol1.7b,22,[135],1,instruction,1.0,15
4,0.0,flat,-0.0,23,smol1.7b,22,[],0,concise,1.0,1
16,0.0,flat,0.46341355882643,23,smol1.7b,22,[],0,concise,1.0,3
64,0.0,flat,0.998179830054065,23,smol1.7b,22,[],0,concise,1.0,6
4,0.045941807044410414,flat,1.0397207708399179,23,smol1.7b,22,[16],1,fewshot,1.0,3
16,0.09494640122511486,flat,1.4183036843924253,23,smol1.7b,22,[20],1,fewshot,1.0,6
64,0.09494640122511486,flat,1.6941619118019733,23,smol1.7b,22,[20],1,fewshot,1.0,10
4,0.0,flat,1.3862943611198906,23,smol1.7b,22,[],0,instruction,1.5,4
16,0.042879019908116385,flat,2.1006789212792603,23,smol1.7b,22,[135],1,instruction,1.5,9
64,0.22970903522205208,flat,2.701117826386417,23,smol1.7b,22,"[135, 210]",2,instruction,1.5,19
4,0.0,flat,1.0397207708399179,24,smol1.7b,22,[130],1,instruction,1.0,3
16,0.0,flat,1.7868083399845722,24,smol1.7b,22,[130],1,instruction,1.0,7
64,0.17364341085271318,flat,2.2133469911864143,24,smol1.7b,22,"[61, 130]",2,instruction,1.0,16
4,0.0,flat,0.5623351446188083,24,smol1.7b,22,[],0,concise,1.0,2
16,0.0,flat,1.0373923246209082,24,smol1.7b,22,[130],1,concise,1.0,5
64,0.0,flat,1.873997656226531,24,smol1.7b,22,[130],1,concise,1.0,11
4,0.11317829457364341,flat,1.3862943611198906,24,smol1.7b,22,"[1, 130]",2,fewshot,1.0,4
16,0.11317829457364341,flat,1.5419764327628247,24,smol1.7b,22,"[1, 130]",2,fewshot,1.0,6
64,0.11317829457364341,flat,1.9200850619987844,24,smol1.7b,22,"[1, 130]",2,fewshot,1.0,12
4,0.2868217054263566,flat,1.3862943611198906,24,smol1.7b,22,"[1, 61]",2,instruction,1.5,4
16,0.40310077519379844,flat,2.0636495704788542,24,smol1.7b,22,"[61, 130, 181]",3,instruction,1.5,10
64,0.40310077519379844,flat,2.7567967510388,24,smol1.7b,22,"[61, 130, 181]",3,instruction,1.5,21
4,0.0,flat,0.5623351446188083,25,smol1.7b,22,[],0,instruction,1.0,2
16,0.0,flat,1.923065784324152,25,smol1.7b,22,[],0,instruction,1.0,9
64,0.0,flat,1.9369292304852057,25,smol1.7b,22,[],0,instruction,1.0,14
4,0.0,flat,-0.0,25,smol1.7b,22,[],0,concise,1.0,1
16,0.20205479452054795,flat,0.9868994488385301,25,smol1.7b,22,[47],1,concise,1.0,4
64,0.20205479452054795,flat,1.8770137416912773,25,smol1.7b,22,[47],1,concise,1.0,12
4,0.0,flat,1.3862943611198906,25,smol1.7b,22,[],0,fewshot,1.0,4
16,0.0,flat,2.0467385326945515,25,smol1.7b,22,[],0,fewshot,1.0,9
64,0.0,flat,2.3886741533114395,25,smol1.7b,22,[],0,fewshot,1.0,14
4,0.0,flat,1.0397207708399179,25,smol1.7b,22,[],0,instruction,1.5,3
16,0.0,flat,2.0636495704788542,25,smol1.7b,22,[],0,instruction,1.5,10
64,0.20205479452054795,flat,2.609073677313361,25,smol1.7b,22,[47],1,instruction,1.5,22
4,0.17563739376770537,flat,-0.0,26,smol1.7b,22,[123],1,instruction,1.0,1
16,0.17563739376770537,flat,0.5623351446188083,26,smol1.7b,22,[123],1,instruction,1.0,2
64,0.17563739376770537,flat,0.645245670517286,26,smol1.7b,22,[123],1,instruction,1.0,4
4,0.17563739376770537,flat,-0.0,26,smol1.7b,22,[123],1,concise,1.0,1
16,0.17563739376770537,flat,0.2337916587064593,26,smol1.7b,22,[123],1,concise,1.0,2
64,0.17563739376770537,flat,0.1607216478472394,26,smol1.7b,22,[123],1,concise,1.0,3
4,0.17563739376770537,flat,0.5623351446188083,26,smol1.7b,22,[123],1,fewshot,1.0,2
16,0.17563739376770537,flat,0.8305236914828464,26,smol1.7b,22,[123],1,fewshot,1.0,3
64,0.17563739376770537,flat,1.1291105709646687,26,smol1.7b,22,[123],1,fewshot,1.0,6
4,0.17563739376770537,flat,1.0397207708399179,26,smol1.7b,22,[123],1,instruction,1.5,3
16,0.17563739376770537,flat,1.229918603764207,26,smol1.7b,22,[123],1,instruction,1.5,5
64,0.21246458923512748,flat,1.54301519187406,26,smol1.7b,22,"[123, 181]",2,instruction,1.5,9
4,0.0,flat,1.0397207708399179,27,smol1.7b,22,[],0,instruction,1.0,3
16,0.1947449768160742,flat,2.1873223188492537,27,smol1.7b,22,[198],1,instruction,1.0,10
64,0.1947449768160742,flat,2.525936556168101,27,smol1.7b,22,[198],1,instruction,1.0,17
4,0.0,flat,0.5623351446188083,27,smol1.7b,22,[],0,concise,1.0,2
16,0.0,flat,1.3547104187179275,27,smol1.7b,22,[],0,concise,1.0,4
64,0.0,flat,1.6563344510435263,27,smol1.7b,22,[],0,concise,1.0,7
4,0.0,flat,1.3862943611198906,27,smol1.7b,22,[],0,fewshot,1.0,4
16,0.1947449768160742,flat,2.220025327834538,27,smol1.7b,22,[198],1,fewshot,1.0,10
64,0.1947449768160742,flat,2.3516333308125272,27,smol1.7b,22,[198],1,fewshot,1.0,17
4,0.0,flat,1.0397207708399179,27,smol1.7b,22,[],0,instruction,1.5,3
16,0.0,flat,2.3933121229745242,27,smol1.7b,22,[],0,instruction,1.5,12
64,0.1947449768160742,flat,2.7479177623535747,27,smol1.7b,22,[198],1,instruction,1.5,19
4,0.21035058430717862,flat,1.0397207708399179,28,smol1.7b,22,[78],1,instruction,1.0,3
16,0.21035058430717862,flat,2.009709181894145,28,smol1.7b,22,[78],1,instruction,1.0,9
64,0.4307178631051753,flat,2.034652268777526,28,smol1.7b,22,"[42, 78]",2,instruction,1.0,15
4,0.21035058430717862,flat,1.0397207708399179,28,smol1.7b,22,[78],1,concise,1.0,3
16,0.21035058430717862,flat,1.541976432762825,28,smol1.7b,22,[78],1,concise,1.0,6
64,0.4307178631051753,flat,1.648018704499871,28,smol1.7b,22,"[42, 78]",2,concise,1.0,8
4,0.0,flat,1.3862943611198906,28,smol1.7b,22,[],0,fewshot,1.0,4
16,0.0,flat,1.8903627753388679,28,smol1.7b,22,[],0,fewshot,1.0,8
64,0.21702838063439064,flat,2.1275516982493823,28,smol1.7b,22,[6],1,fewshot,1.0,13
4,0.21035058430717862,flat,1.0397207708399179,28,smol1.7b,22,[78],1,instruction,1.5,3
16,0.21035058430717862,flat,2.1660849392498287,28,smol1.7b,22,[78],1,instruction,1.5,10
64,0.4307178631051753,flat,2.4275125475580066,28,smol1.7b,22,"[42, 78]",2,instruction,1.5,16
4,0.0,flat,1.0397207708399179,29,smol1.7b,22,[],0,instruction,1.0,3
16,0.0,flat,1.6886993130287196,29,smol1.7b,22,[],0,instruction,1.0,7
64,0.0,flat,1.9076691305640203,29,smol1.7b,22,[],0,instruction,1.0,12
4,0.0,flat,0.6931471805599453,29,smol1.7b,22,[],0,concise,1.0,2
16,0.0,flat,1.069917341816382,29,smol1.7b,22,[],0,concise,1.0,4
64,0.0,flat,1.5365079822184724,29,smol1.7b,22,[],0,concise,1.0,10
4,0.0,flat,1.3862943611198906,29,smol1.7b,22,[],0,fewshot,1.0,4
16,0.0,flat,1.8903627753388679,29,smol1.7b,22,[],0,fewshot,1.0,8
64,0.0,flat,2.128570539173272,29,smol1.7b,22,[],0,fewshot,1.0,14
4,0.0,flat,1.0397207708399179,29,smol1.7b,22,[],0,instruction,1.5,3
16,0.0,flat,2.1333819302645445,29,smol1.7b,22,[],0,instruction,1.5,10
64,0.0,flat,2.5729227722576034,29,smol1.7b,22,[],0,instruction,1.5,19
4,0.0,flat,0.6931471805599453,30,smol1.7b,22,[],0,instruction,1.0,2
16,0.0,flat,1.7666900269684684,30,smol1.7b,22,[],0,instruction,1.0,8
64,0.0,flat,1.8863868521352365,30,smol1.7b,22,[],0,instruction,1.0,13
4,0.0,flat,0.6931471805599453,30,smol1.7b,22,[],0,concise,1.0,2
16,0.0,flat,1.0337005498525014,30,smol1.7b,22,[],0,concise,1.0,4
64,0.0,flat,1.1513838822299902,30,smol1.7b,22,[],0,concise,1.0,7
4,0.10708661417322834,flat,1.3862943611198906,30,smol1.7b,22,[19],1,fewshot,1.0,4
16,0.10708661417322834,flat,1.8080457195839967,30,smol1.7b,22,[19],1,fewshot,1.0,8
64,0.10708661417322834,flat,2.279491460604299,30,smol1.7b,22,[19],1,fewshot,1.0,17
4,0.0,flat,0.6931471805599453,30,smol1.7b,22,[],0,instruction,1.5,2
16,0.0,flat,2.0794415416798357,30,smol1.7b,22,[],0,instruction,1.5,10
64,0.0,flat,2.5065022450437993,30,smol1.7b,22,[],0,instruction,1.5,21
4,0.17784256559766765,flat,1.0397207708399179,31,smol1.7b,22,[132],1,instruction,1.0,3
16,0.17784256559766765,flat,1.474056825273205,31,smol1.7b,22,[132],1,instruction,1.0,5
64,0.17784256559766765,flat,1.5657151501639925,31,smol1.7b,22,[132],1,instruction,1.0,9
4,0.17784256559766765,flat,-0.0,31,smol1.7b,22,[132],1,concise,1.0,1
16,0.17784256559766765,flat,0.2337916587064593,31,smol1.7b,22,[132],1,concise,1.0,2
64,0.17784256559766765,flat,0.1607216478472394,31,smol1.7b,22,[132],1,concise,1.0,3
4,0.17784256559766765,flat,1.0397207708399179,31,smol1.7b,22,[132],1,fewshot,1.0,3
16,0.17784256559766765,flat,1.7214023220140038,31,smol1.7b,22,[132],1,fewshot,1.0,7
64,0.17784256559766765,flat,2.07974556721563,31,smol1.7b,22,[132],1,fewshot,1.0,14
4,0.17784256559766765,flat,1.0397207708399179,31,smol1.7b,22,[132],1,instruction,1.5,3
16,0.17784256559766765,flat,1.8080457195839967,31,smol1.7b,22,[132],1,instruction,1.5,8
64,0.17784256559766765,flat,2.348077130482176,31,smol1.7b,22,[132],1,instruction,1.5,18
4,0.0,flat,0.5623351446188083,16,smol1.7b,33,[],0,instruction,1.0,2
16,0.0,flat,0.9868994488385301,16,smol1.7b,33,[],0,instruction,1.0,4
64,0.07407407407407407,flat,1.2698697375897927,16,smol1.7b,33,[76],1,instruction,1.0,9
4,0.0,flat,1.0397207708399179,16,smol1.7b,33,[],0,concise,1.0,3
16,0.07407407407407407,flat,1.5977295736436044,16,smol1.7b,33,[76],1,concise,1.0,7
64,0.07407407407407407,flat,1.768492581452033,16,smol1.7b,33,[76],1,concise,1.0,11
4,0.0,flat,0.5623351446188083,16,smol1.7b,33,[],0,fewshot,1.0,2
16,0.07407407407407407,flat,1.628619830332818,16,smol1.7b,33,[76],1,fewshot,1.0,7
64,0.13468013468013468,flat,1.9413313218714174,16,smol1.7b,33,"[6, 76]",2,fewshot,1.0,16
4,0.0,flat,0.5623351446188083,16,smol1.7b,33,[],0,instruction,1.5,2
16,0.07407407407407407,flat,1.5268781472745927,16,smol1.7b,33,[76],1,instruction,1.5,7
64,0.07407407407407407,flat,1.8646626353821025,16,smol1.7b,33,[76],1,instruction,1.5,14
4,0.0,flat,0.5623351446188083,17,smol1.7b,33,[],0,instruction,1.0,2
16,0.0,flat,1.2996509635498974,17,smol1.7b,33,[],0,instruction,1.0,5
64,0.0,flat,1.8465870111142444,17,smol1.7b,33,[],0,instruction,1.0,10
4,0.0,flat,0.5623351446188083,17,smol1.7b,33,[],0,concise,1.0,2
16,0.19631901840490798,flat,1.3686896376228386,17,smol1.7b,33,[143],1,concise,1.0,5
64,0.19631901840490798,flat,1.8507408088667887,17,smol1.7b,33,[143],1,concise,1.0,10
4,0.0,flat,1.3862943611198906,17,smol1.7b,33,[],0,fewshot,1.0,4
16,0.0,flat,1.9600951351245584,17,smol1.7b,33,[],0,fewshot,1.0,8
64,0.09815950920245399,flat,2.148099907695666,17,smol1.7b,33,[17],1,fewshot,1.0,14
4,0.0,flat,1.3862943611198906,17,smol1.7b,33,[],0,instruction,1.5,4
16,0.0,flat,2.0467385326945515,17,smol1.7b,33,[],0,instruction,1.5,9
64,0.019938650306748466,flat,2.4945354627205387,17,smol1.7b,33,[8],1,instruction,1.5,17
4,0.0,flat,0.5623351446188083,18,smol1.7b,33,[],0,instruction,1.0,2
16,0.042042042042042045,flat,1.488036044178116,18,smol1.7b,33,[108],1,instruction,1.0,6
64,0.0960960960960961,flat,1.2511108625854346,18,smol1.7b,33,"[108, 109]",2,instruction,1.0,7
4,0.0,flat,-0.0,18,smol1.7b,33,[],0,concise,1.0,1
16,0.0960960960960961,flat,0.9507489270509151,18,smol1.7b,33,"[108, 109]",2,concise,1.0,4
64,0.0960960960960961,flat,0.9241025593424556,18,smol1.7b,33,"[108, 109]",2,concise,1.0,6
4,0.10510510510510511,flat,1.0397207708399179,18,smol1.7b,33,[12],1,fewshot,1.0,3
16,0.12912912912912913,flat,1.4880360441781157,18,smol1.7b,33,"[12, 109]",2,fewshot,1.0,6
64,0.12912912912912913,flat,1.2971552655696528,18,smol1.7b,33,"[12, 109]",2,fewshot,1.0,8
4,0.21021021021021022,flat,1.3862943611198906,18,smol1.7b,33,[84],1,instruction,1.5,4
16,0.21021021021021022,flat,2.1660849392498287,18,smol1.7b,33,[84],1,instruction,1.5,10
64,0.21021021021021022,flat,2.0448926095623614,18,smol1.7b,33,[84],1,instruction,1.5,14
4,0.0,flat,0.6931471805599453,19,smol1.7b,33,[],0,instruction,1.0,2
16,0.23255813953488372,flat,1.1246702892376168,19,smol1.7b,33,[194],1,instruction,1.0,4
64,0.23255813953488372,flat,1.1553449126574615,19,smol1.7b,33,[194],1,instruction,1.0,6
4,0.0,flat,-0.0,19,smol1.7b,33,[],0,concise,1.0,1
16,0.11461794019933555,flat,0.6019239717322895,19,smol1.7b,33,[14],1,concise,1.0,3
64,0.11461794019933555,flat,0.7970651610070015,19,smol1.7b,33,[14],1,concise,1.0,5
4,0.0,flat,-0.0,19,smol1.7b,33,[],0,fewshot,1.0,1
16,0.23255813953488372,flat,1.0373923246209082,19,smol1.7b,33,[194],1,fewshot,1.0,5
64,0.23255813953488372,flat,1.1323200124774797,19,smol1.7b,33,[194],1,fewshot,1.0,6
4,0.0,flat,0.6931471805599453,19,smol1.7b,33,[],0,instruction,1.5,2
16,0.23255813953488372,flat,1.511086176073611,19,smol1.7b,33,[194],1,instruction,1.5,6
64,0.23255813953488372,flat,1.847948363213855,19,smol1.7b,33,[194],1,instruction,1.5,13
4,0.0,flat,0.5623351446188083,20,smol1.7b,33,[],0,instruction,1.0,2
16,0.0,flat,0.8647400965276372,20,smol1.7b,33,[],0,instruction,1.0,3
64,0.04819277108433735,flat,1.1010459082979427,20,smol1.7b,33,[109],1,instruction,1.0,6
4,0.0,flat,0.5623351446188083,20,smol1.7b,33,[],0,concise,1.0,2
16,0.0,flat,0.6615632381579821,20,smol1.7b,33,[],0,concise,1.0,2
64,0.04819277108433735,flat,0.9473523214255914,20,smol1.7b,33,[109],1,concise,1.0,4
4,0.0,flat,0.5623351446188083,20,smol1.7b,33,[],0,fewshot,1.0,2
16,0.030120481927710843,flat,0.8647400965276372,20,smol1.7b,33,[12],1,fewshot,1.0,3
64,0.030120481927710843,flat,0.6565276849329175,20,smol1.7b,33,[12],1,fewshot,1.0,3
4,0.0,flat,0.5623351446188083,20,smol1.7b,33,[],0,instruction,1.5,2
16,0.0,flat,1.069917341816382,20,smol1.7b,33,[],0,instruction,1.5,4
64,0.04819277108433735,flat,1.54102132433349,20,smol1.7b,33,[109],1,instruction,1.5,9
4,0.12098009188361408,flat,1.3862943611198906,21,smol1.7b,33,[15],1,instruction,1.0,4
16,0.12098009188361408,flat,1.331660286822432,21,smol1.7b,33,[15],1,instruction,1.0,5
64,0.12098009188361408,flat,1.8948386241075952,21,smol1.7b,33,[15],1,instruction,1.0,12
4,0.0,flat,1.0397207708399179,21,smol1.7b,33,[],0,concise,1.0,3
16,0.0,flat,1.9600951351245584,21,smol1.7b,33,[],0,concise,1.0,8
64,0.045941807044410414,flat,1.8091012264259394,21,smol1.7b,33,[51],1,concise,1.0,9
4,0.12098009188361408,flat,1.3862943611198906,21,smol1.7b,33,[15],1,fewshot,1.0,4
16,0.12098009188361408,flat,1.8407487285692812,21,smol1.7b,33,[15],1,fewshot,1.0,7
64,0.14088820826952528,flat,1.9978370511411854,21,smol1.7b,33,"[15, 51]",2,fewshot,1.0,12
4,0.12098009188361408,flat,1.3862943611198906,21,smol1.7b,33,[15],1,instruction,1.5,4
16,0.12098009188361408,flat,1.923065784324152,21,smol1.7b,33,[15],1,instruction,1.5,9
64,0.12098009188361408,flat,2.1797060998945934,21,smol1.7b,33,[15],1,instruction,1.5,15
4,0.0,flat,0.5623351446188083,22,smol1.7b,33,[],0,instruction,1.0,2
16,0.0,flat,1.574679441748109,22,smol1.7b,33,[],0,instruction,1.0,7
64,0.0,flat,2.1153519490968615,22,smol1.7b,33,[],0,instruction,1.0,15
4,0.0,flat,1.3862943611198906,22,smol1.7b,33,[],0,concise,1.0,4
16,0.0,flat,1.836422386754159,22,smol1.7b,33,[],0,concise,1.0,8
64,0.0,flat,2.240082539611136,22,smol1.7b,33,[],0,concise,1.0,15
4,0.0,flat,1.0397207708399179,22,smol1.7b,33,[],0,fewshot,1.0,3
16,0.0,flat,1.8080457195839967,22,smol1.7b,33,[],0,fewshot,1.0,8
64,0.0,flat,2.0713739225287155,22,smol1.7b,33,[],0,fewshot,1.0,16
4,0.0,flat,1.0397207708399179,22,smol1.7b,33,[],0,instruction,1.5,3
16,0.0,flat,2.1660849392498287,22,smol1.7b,33,[],0,instruction,1.5,10
64,0.0,flat,2.8054443622677194,22,smol1.7b,33,[],0,instruction,1.5,23
4,0.0,flat,1.0397207708399179,23,smol1.7b,33,[],0,instruction,1.0,3
16,0.0,flat,1.5110861760736112,23,smol1.7b,33,[],0,instruction,1.0,6
64,0.042879019908116385,flat,1.5632138123622492,23,smol1.7b,33,[135],1,instruction,1.0,10
4,0.0,flat,0.5623351446188083,23,smol1.7b,33,[],0,concise,1.0,2
16,0.0,flat,1.0337005498525014,23,smol1.7b,33,[],0,concise,1.0,4
64,0.0,flat,1.087497235289967,23,smol1.7b,33,[],0,concise,1.0,6
4,0.0,flat,1.0397207708399179,23,smol1.7b,33,[],0,fewshot,1.0,3
16,0.0,flat,1.749778989184166,23,smol1.7b,33,[],0,fewshot,1.0,7
64,0.0,flat,1.6275525606627286,23,smol1.7b,33,[],0,fewshot,1.0,9
4,0.0,flat,1.3862943611198906,23,smol1.7b,33,[],0,instruction,1.5,4
16,0.0,flat,1.9770061729088613,23,smol1.7b,33,[],0,instruction,1.5,9
64,0.042879019908116385,flat,2.184672310787984,23,smol1.7b,33,[135],1,instruction,1.5,14
4,0.0,flat,1.0397207708399179,24,smol1.7b,33,[130],1,instruction,1.0,3
16,0.0,flat,1.9061547465398494,24,smol1.7b,33,[130],1,instruction,1.0,8
64,0.0,flat,2.2968144964831683,24,smol1.7b,33,[130],1,instruction,1.0,13
4,0.0,flat,1.0397207708399179,24,smol1.7b,33,[],0,concise,1.0,3
16,0.22945736434108527,flat,1.9061547465398494,24,smol1.7b,33,"[130, 181]",2,concise,1.0,8
64,0.22945736434108527,flat,2.13351978164069,24,smol1.7b,33,"[130, 181]",2,concise,1.0,14
4,0.0,flat,1.0397207708399179,24,smol1.7b,33,[130],1,fewshot,1.0,3
16,0.0,flat,1.861986108168706,24,smol1.7b,33,[130],1,fewshot,1.0,7
64,0.0,flat,2.275165118789176,24,smol1.7b,33,[130],1,fewshot,1.0,13
4,0.0,flat,1.3862943611198906,24,smol1.7b,33,[130],1,instruction,1.5,4
16,0.0,flat,1.8734517375545654,24,smol1.7b,33,[130],1,instruction,1.5,7
64,0.22945736434108527,flat,2.488283903833492,24,smol1.7b,33,"[130, 181]",2,instruction,1.5,17
4,0.0,flat,1.0397207708399179,25,smol1.7b,33,[],0,instruction,1.0,3
16,0.0,flat,1.3862943611198906,25,smol1.7b,33,[],0,instruction,1.0,6
64,0.0,flat,1.4322353859148351,25,smol1.7b,33,[],0,instruction,1.0,8
4,0.0,flat,1.0397207708399179,25,smol1.7b,33,[],0,concise,1.0,3
16,0.0,flat,1.8576597663535837,25,smol1.7b,33,[],0,concise,1.0,8
64,0.0,flat,1.7851316511870885,25,smol1.7b,33,[],0,concise,1.0,9
4,0.0,flat,1.0397207708399179,25,smol1.7b,33,[],0,fewshot,1.0,3
16,0.0,flat,1.8080457195839967,25,smol1.7b,33,[],0,fewshot,1.0,8
64,0.0,flat,1.8693600416070764,25,smol1.7b,33,[],0,fewshot,1.0,11
4,0.0,flat,1.3862943611198906,25,smol1.7b,33,[],0,instruction,1.5,4
16,0.0,flat,1.9061547465398494,25,smol1.7b,33,[],0,instruction,1.5,8
64,0.0,flat,2.3080300775041422,25,smol1.7b,33,[],0,instruction,1.5,15
4,0.17563739376770537,flat,1.0397207708399179,26,smol1.7b,33,[123],1,instruction,1.0,3
16,0.17563739376770537,flat,1.0239287996389363,26,smol1.7b,33,[123],1,instruction,1.0,3
64,0.17563739376770537,flat,1.1566019492599164,26,smol1.7b,33,[123],1,instruction,1.0,4
4,0.17563739376770537,flat,0.5623351446188083,26,smol1.7b,33,[123],1,concise,1.0,2
16,0.17563739376770537,flat,0.7774621319109288,26,smol1.7b,33,[123],1,concise,1.0,3
64,0.17563739376770537,flat,0.7513152381014975,26,smol1.7b,33,[123],1,concise,1.0,3
4,0.17563739376770537,flat,1.0397207708399179,26,smol1.7b,33,[123],1,fewshot,1.0,3
16,0.17563739376770537,flat,1.0433534269422906,26,smol1.7b,33,[123],1,fewshot,1.0,3
64,0.17563739376770537,flat,1.1472409456893369,26,smol1.7b,33,[123],1,fewshot,1.0,5
4,0.17563739376770537,flat,1.0397207708399179,26,smol1.7b,33,[123],1,instruction,1.5,3
16,0.17563739376770537,flat,1.1626998334975678,26,smol1.7b,33,[123],1,instruction,1.5,4
64,0.17563739376770537,flat,1.3767208093563066,26,smol1.7b,33,[123],1,instruction,1.5,7
4,0.0,flat,0.5623351446188083,27,smol1.7b,33,[],0,instruction,1.0,2
16,0.0,flat,1.7214023220140038,27,smol1.7b,33,[],0,instruction,1.0,7
64,0.0,flat,1.9750497174655472,27,smol1.7b,33,[],0,instruction,1.0,11
4,0.0,flat,0.5623351446188083,27,smol1.7b,33,[],0,concise,1.0,2
16,0.0,flat,1.4402347497045995,27,smol1.7b,33,[],0,concise,1.0,6
64,0.02472952086553323,flat,1.5997605794868333,27,smol1.7b,33,[145],1,concise,1.0,9
4,0.0,flat,0.6931471805599453,27,smol1.7b,33,[],0,fewshot,1.0,2
16,0.0,flat,1.4402347497045995,27,smol1.7b,33,[],0,fewshot,1.0,6
64,0.0,flat,1.92484296656818,27,smol1.7b,33,[],0,fewshot,1.0,12
4,0.0,flat,1.0397207708399179,27,smol1.7b,33,[],0,instruction,1.5,3
16,0.0,flat,1.8903627753388679,27,smol1.7b,33,[],0,instruction,1.5,8
64,0.1947449768160742,flat,2.4146706274581007,27,smol1.7b,33,[198],1,instruction,1.5,17
4,0.0,flat,1.0397207708399179,28,smol1.7b,33,[],0,instruction,1.0,3
16,0.0,flat,1.5110861760736112,28,smol1.7b,33,[],0,instruction,1.0,6
64,0.0,flat,1.336759908315372,28,smol1.7b,33,[],0,instruction,1.0,8
4,0.0,flat,0.6931471805599453,28,smol1.7b,33,[],0,concise,1.0,2
16,0.0,flat,1.1274832349932322,28,smol1.7b,33,[],0,concise,1.0,5
64,0.21035058430717862,flat,1.5216846983185337,28,smol1.7b,33,[78],1,concise,1.0,9
4,0.0,flat,1.0397207708399179,28,smol1.7b,33,[],0,fewshot,1.0,3
16,0.0,flat,1.5092734237775405,28,smol1.7b,33,[],0,fewshot,1.0,6
64,0.0,flat,1.5362027507695843,28,smol1.7b,33,[],0,fewshot,1.0,8
4,0.0,flat,1.3862943611198906,28,smol1.7b,33,[],0,instruction,1.5,4
16,0.0,flat,1.9273921261392741,28,smol1.7b,33,[],0,instruction,1.5,8
64,0.19365609348914858,flat,1.933608757699114,28,smol1.7b,33,"[1, 43]",2,instruction,1.5,15
4,0.0,flat,-0.0,29,smol1.7b,33,[],0,instruction,1.0,1
16,0.0,flat,0.918045918065631,29,smol1.7b,33,[],0,instruction,1.0,4
64,0.0,flat,1.3963863150435651,29,smol1.7b,33,[],0,instruction,1.0,9
4,0.0,flat,0.6931471805599453,29,smol1.7b,33,[],0,concise,1.0,2
16,0.0,flat,1.4013926466081228,29,smol1.7b,33,[],0,concise,1.0,5
64,0.0,flat,1.6000617882649975,29,smol1.7b,33,[],0,concise,1.0,7
4,0.0,flat,0.5623351446188083,29,smol1.7b,33,[],0,fewshot,1.0,2
16,0.0,flat,1.4614721293040243,29,smol1.7b,33,[],0,fewshot,1.0,5
64,0.0,flat,1.9170961808424,29,smol1.7b,33,[],0,fewshot,1.0,10
4,0.0,flat,1.0397207708399179,29,smol1.7b,33,[],0,instruction,1.5,3
16,0.0,flat,1.5808185358593017,29,smol1.7b,33,[],0,instruction,1.5,6
64,0.0,flat,2.049007171454146,29,smol1.7b,33,[],0,instruction,1.5,14
4,0.0,flat,1.0397207708399179,30,smol1.7b,33,[],0,instruction,1.0,3
16,0.0,flat,1.4183036843924253,30,smol1.7b,33,[],0,instruction,1.0,6
64,0.0,flat,1.5736366021326598,30,smol1.7b,33,[],0,instruction,1.0,9
4,0.0,flat,0.6931471805599453,30,smol1.7b,33,[],0,concise,1.0,2
16,0.0,flat,1.3686896376228386,30,smol1.7b,33,[],0,concise,1.0,5
64,0.0,flat,1.2208822847111582,30,smol1.7b,33,[],0,concise,1.0,5
4,0.0,flat,1.0397207708399179,30,smol1.7b,33,[],0,fewshot,1.0,3
16,0.0,flat,1.42876912031874,30,smol1.7b,33,[],0,fewshot,1.0,6
64,0.0,flat,1.508931652800841,30,smol1.7b,33,[],0,fewshot,1.0,10
4,0.0,flat,1.0397207708399179,30,smol1.7b,33,[],0,instruction,1.5,3
16,0.0,flat,1.715263227902811,30,smol1.7b,33,[],0,instruction,1.5,8
64,0.0,flat,2.110495792271023,30,smol1.7b,33,[],0,instruction,1.5,15
4,0.0,flat,0.5623351446188083,31,smol1.7b,33,[],0,instruction,1.0,2
16,0.17784256559766765,flat,1.803719377768875,31,smol1.7b,33,[132],1,instruction,1.0,7
64,0.17784256559766765,flat,1.5908245184577081,31,smol1.7b,33,[132],1,instruction,1.0,7
4,0.17784256559766765,flat,-0.0,31,smol1.7b,33,[132],1,concise,1.0,1
16,0.17784256559766765,flat,0.6019239717322894,31,smol1.7b,33,[132],1,concise,1.0,3
64,0.17784256559766765,flat,1.1360296966057732,31,smol1.7b,33,[132],1,concise,1.0,8
4,0.0,flat,0.6931471805599453,31,smol1.7b,33,[],0,fewshot,1.0,2
16,0.17784256559766765,flat,1.5110861760736112,31,smol1.7b,33,[132],1,fewshot,1.0,6
64,0.17784256559766765,flat,1.6299457454751798,31,smol1.7b,33,[132],1,fewshot,1.0,8
4,0.0,flat,0.5623351446188083,31,smol1.7b,33,[],0,instruction,1.5,2
16,0.17784256559766765,flat,1.8903627753388679,31,smol1.7b,33,[132],1,instruction,1.5,8
64,0.17784256559766765,flat,2.117604567565395,31,smol1.7b,33,[132],1,instruction,1.5,13
4,0.0,macro,1.3862943611198906,16,smol1.7b,11,[],0,instruction,1.0,4
16,0.0,macro,1.4898487964741864,16,smol1.7b,11,[],0,instruction,1.0,5
64,0.07407407407407407,macro,1.8134779772455623,16,smol1.7b,11,[76],1,instruction,1.0,11
4,0.0,macro,0.5623351446188083,16,smol1.7b,11,[],0,concise,1.0,2
16,0.0,macro,0.9002560512685369,16,smol1.7b,11,[],0,concise,1.0,3
64,0.07407407407407407,macro,1.3441903112872615,16,smol1.7b,11,[76],1,concise,1.0,6
4,0.0,macro,1.3862943611198906,16,smol1.7b,11,[],0,fewshot,1.0,4
16,0.13468013468013468,macro,1.8903627753388679,16,smol1.7b,11,"[6, 76]",2,fewshot,1.0,8
64,0.13468013468013468,macro,1.843618775584852,16,smol1.7b,11,"[6, 76]",2,fewshot,1.0,9
4,0.0,macro,1.3862943611198906,16,smol1.7b,11,[],0,instruction,1.5,4
16,0.0,macro,2.0467385326945515,16,smol1.7b,11,[],0,instruction,1.5,9
64,0.07407407407407407,macro,2.3286523192998674,16,smol1.7b,11,[76],1,instruction,1.5,16
4,0.0,macro,0.5623351446188083,17,smol1.7b,11,[],0,instruction,1.0,2
16,0.0,macro,1.4898487964741864,17,smol1.7b,11,[],0,instruction,1.0,5
64,0.0,macro,1.98895649652724,17,smol1.7b,11,[],0,instruction,1.0,13
4,0.19631901840490798,macro,1.0397207708399179,17,smol1.7b,11,[143],1,concise,1.0,3
16,0.19631901840490798,macro,1.4013926466081228,17,smol1.7b,11,[143],1,concise,1.0,5
64,0.19631901840490798,macro,1.8355772350455697,17,smol1.7b,11,[143],1,concise,1.0,10
4,0.0,macro,1.3862943611198906,17,smol1.7b,11,[],0,fewshot,1.0,4
16,0.03067484662576687,macro,2.1660849392498287,17,smol1.7b,11,[152],1,fewshot,1.0,10
64,0.11809815950920245,macro,2.557168158986222,17,smol1.7b,11,"[19, 152]",2,fewshot,1.0,18
4,0.0,macro,1.0397207708399179,17,smol1.7b,11,[],0,instruction,1.5,3
16,0.0,macro,1.977006172908861,17,smol1.7b,11,[],0,instruction,1.5,9
64,0.0,macro,2.480863684570111,17,smol1.7b,11,[],0,instruction,1.5,18
4,0.08708708708708708,macro,1.0397207708399179,18,smol1.7b,11,[44],1,instruction,1.0,3
16,0.21021021021021022,macro,1.1601862439785164,18,smol1.7b,11,[84],1,instruction,1.0,5
64,0.21021021021021022,macro,1.041251007337676,18,smol1.7b,11,[84],1,instruction,1.0,6
4,0.0960960960960961,macro,0.6931471805599453,18,smol1.7b,11,"[108, 109]",2,concise,1.0,2
16,0.21021021021021022,macro,1.2511559833636317,18,smol1.7b,11,[84],1,concise,1.0,4
64,0.21021021021021022,macro,1.1981220463333278,18,smol1.7b,11,[84],1,concise,1.0,4
4,0.10510510510510511,macro,0.5623351446188083,18,smol1.7b,11,[12],1,fewshot,1.0,2
16,0.21021021021021022,macro,1.370502389918909,18,smol1.7b,11,[84],1,fewshot,1.0,4
64,0.2972972972972973,macro,1.5743154085169235,18,smol1.7b,11,"[6, 84]",2,fewshot,1.0,7
4,0.08708708708708708,macro,1.3862943611198906,18,smol1.7b,11,[44],1,instruction,1.5,4
16,0.21021021021021022,macro,1.4402347497045995,18,smol1.7b,11,[84],1,instruction,1.5,6
64,0.6006006006006006,macro,1.7271351367069332,18,smol1.7b,11,"[69, 84, 186]",3,instruction,1.5,13
4,0.0,macro,0.5623351446188083,19,smol1.7b,11,[],0,instruction,1.0,2
16,0.0,macro,0.9507489270509151,19,smol1.7b,11,[],0,instruction,1.0,4
64,0.23255813953488372,macro,1.5514781128657855,19,smol1.7b,11,[194],1,instruction,1.0,10
4,0.10631229235880399,macro,-0.0,19,smol1.7b,11,[124],1,concise,1.0,1
16,0.10631229235880399,macro,-0.0,19,smol1.7b,11,[124],1,concise,1.0,1
64,0.23255813953488372,macro,0.39006309770439546,19,smol1.7b,11,[194],1,concise,1.0,3
4,0.23255813953488372,macro,-0.0,19,smol1.7b,11,[194],1,fewshot,1.0,1
16,0.23255813953488372,macro,0.8222653373287878,19,smol1.7b,11,[194],1,fewshot,1.0,4
64,0.23255813953488372,macro,1.082775993036322,19,smol1.7b,11,[194],1,fewshot,1.0,5
4,0.0,macro,1.0397207708399179,19,smol1.7b,11,[],0,instruction,1.5,3
16,0.10631229235880399,macro,1.3306600933628874,19,smol1.7b,11,[124],1,instruction,1.5,6
64,0.23255813953488372,macro,2.060790925980986,19,smol1.7b,11,[194],1,instruction,1.5,14
4,0.04417670682730924,macro,-0.0,20,smol1.7b,11,[37],1,instruction,1.0,1
16,0.15261044176706828,macro,1.2130075659799042,20,smol1.7b,11,"[1, 42]",2,instruction,1.0,4
64,0.15261044176706828,macro,1.3638250593696721,20,smol1.7b,11,"[1, 42]",2,instruction,1.0,7
4,0.12048192771084337,macro,1.0397207708399179,20,smol1.7b,11,"[42, 109]",2,concise,1.0,3
16,0.12048192771084337,macro,1.5268781472745927,20,smol1.7b,11,"[42, 109]",2,concise,1.0,5
64,0.12048192771084337,macro,1.517938057349862,20,smol1.7b,11,"[42, 109]",2,concise,1.0,7
4,0.04417670682730924,macro,0.5623351446188083,20,smol1.7b,11,[37],1,fewshot,1.0,2
16,0.15261044176706828,macro,1.2996509635498974,20,smol1.7b,11,"[1, 42]",2,fewshot,1.0,5
64,0.2429718875502008,macro,1.358195812038361,20,smol1.7b,11,"[1, 6, 109]",3,fewshot,1.0,9
4,0.07630522088353414,macro,1.0397207708399179,20,smol1.7b,11,[42],1,instruction,1.5,3
16,0.15261044176706828,macro,1.700164942414579,20,smol1.7b,11,"[1, 42]",2,instruction,1.5,6
64,0.15261044176706828,macro,1.9097874026422221,20,smol1.7b,11,"[1, 42]",2,instruction,1.5,11
4,0.0,macro,0.5623351446188083,21,smol1.7b,11,[],0,instruction,1.0,2
16,0.1562021439509954,macro,1.1900763072081852,21,smol1.7b,11,"[1, 51]",2,instruction,1.0,5
64,0.1562021439509954,macro,1.1449724696539603,21,smol1.7b,11,"[1, 51]",2,instruction,1.0,5
4,0.0,macro,-0.0,21,smol1.7b,11,[],0,concise,1.0,1
16,0.0,macro,0.46341355882643,21,smol1.7b,11,[],0,concise,1.0,3
64,0.045941807044410414,macro,0.40594830462816345,21,smol1.7b,11,[51],1,concise,1.0,4
4,0.0,macro,0.5623351446188083,21,smol1.7b,11,[],0,fewshot,1.0,2
16,0.11026033690658499,macro,1.1246702892376168,21,smol1.7b,11,[1],1,fewshot,1.0,4
64,0.11026033690658499,macro,1.3106194133823692,21,smol1.7b,11,[1],1,fewshot,1.0,6
4,0.026033690658499236,macro,1.3862943611198906,21,smol1.7b,11,[2],1,instruction,1.5,4
16,0.1562021439509954,macro,1.6674619334292948,21,smol1.7b,11,"[1, 51]",2,instruction,1.5,7
64,0.1562021439509954,macro,1.8691646647465414,21,smol1.7b,11,"[1, 51]",2,instruction,1.5,12
4,0.0,macro,1.3862943611198906,22,smol1.7b,11,[],0,instruction,1.0,4
16,0.0,macro,1.1274832349932322,22,smol1.7b,11,[],0,instruction,1.0,5
64,0.0,macro,1.4569629546549208,22,smol1.7b,11,[],0,instruction,1.0,12
4,0.0,macro,1.3862943611198906,22,smol1.7b,11,[],0,concise,1.0,4
16,0.26548672566371684,macro,1.840748728569281,22,smol1.7b,11,[178],1,concise,1.0,8
64,0.26548672566371684,macro,2.3789800862422004,22,smol1.7b,11,[178],1,concise,1.0,19
4,0.0,macro,1.3862943611198906,22,smol1.7b,11,[],0,fewshot,1.0,4
16,0.26548672566371684,macro,2.0467385326945515,22,smol1.7b,11,[178],1,fewshot,1.0,9
64,0.26548672566371684,macro,2.566705263332154,22,smol1.7b,11,[178],1,fewshot,1.0,20
4,0.0,macro,1.3862943611198906,22,smol1.7b,11,[],0,instruction,1.5,4
16,0.0,macro,2.5126585295298014,22,smol1.7b,11,[],0,instruction,1.5,13
64,0.0,macro,2.6025040373052333,22,smol1.7b,11,[],0,instruction,1.5,21
4,0.0,macro,0.6931471805599453,23,smol1.7b,11,[],0,instruction,1.0,2
16,0.0,macro,1.0609581504393426,23,smol1.7b,11,[],0,instruction,1.0,4
64,0.0,macro,1.5252483671328638,23,smol1.7b,11,[],0,instruction,1.0,7
4,0.027565084226646247,macro,1.3862943611198906,23,smol1.7b,11,[141],1,concise,1.0,4
16,0.027565084226646247,macro,1.5481155268740174,23,smol1.7b,11,[141],1,concise,1.0,6
64,0.027565084226646247,macro,1.4075317407193153,23,smol1.7b,11,[141],1,concise,1.0,8
4,0.09494640122511486,macro,1.3862943611198906,23,smol1.7b,11,[20],1,fewshot,1.0,4
16,0.09494640122511486,macro,1.9273921261392741,23,smol1.7b,11,[20],1,fewshot,1.0,8
64,0.09494640122511486,macro,1.775102212959981,23,smol1.7b,11,[20],1,fewshot,1.0,8
4,0.0,macro,1.0397207708399179,23,smol1.7b,11,[],0,instruction,1.5,3
16,0.0,macro,1.749778989184166,23,smol1.7b,11,[],0,instruction,1.5,7
64,0.0,macro,1.830314175970724,23,smol1.7b,11,[],0,instruction,1.5,9
4,0.17364341085271318,macro,1.0397207708399179,24,smol1.7b,11,[61],1,instruction,1.0,3
16,0.2868217054263566,macro,1.4402347497045995,24,smol1.7b,11,"[1, 61]",2,instruction,1.0,6
64,0.2868217054263566,macro,1.8833089335042972,24,smol1.7b,11,"[1, 61]",2,instruction,1.0,13
4,0.027906976744186046,macro,1.3862943611198906,24,smol1.7b,11,[42],1,concise,1.0,4
16,0.40310077519379844,macro,1.6304325826288886,24,smol1.7b,11,"[61, 181]",2,concise,1.0,6
64,0.40310077519379844,macro,1.4531513957539945,24,smol1.7b,11,"[61, 181]",2,concise,1.0,7
4,0.11317829457364341,macro,0.5623351446188083,24,smol1.7b,11,[1],1,fewshot,1.0,2
16,0.40310077519379844,macro,1.4402347497045995,24,smol1.7b,11,"[61, 181]",2,fewshot,1.0,6
64,0.40310077519379844,macro,1.5394789469050223,24,smol1.7b,11,"[61, 181]",2,fewshot,1.0,8
4,0.17364341085271318,macro,1.0397207708399179,24,smol1.7b,11,[61],1,instruction,1.5,3
16,0.17364341085271318,macro,1.6286198303328179,24,smol1.7b,11,[61],1,instruction,1.5,7
64,0.40310077519379844,macro,2.4911948091274105,24,smol1.7b,11,"[61, 181]",2,instruction,1.5,22
4,0.10102739726027397,macro,1.0397207708399179,25,smol1.7b,11,[1],1,instruction,1.0,3
16,0.20205479452054795,macro,1.1240357221909014,25,smol1.7b,11,[47],1,instruction,1.0,6
64,0.20205479452054795,macro,0.7281952458935705,25,smol1.7b,11,[47],1,instruction,1.0,8
4,0.0,macro,1.0397207708399179,25,smol1.7b,11,[],0,concise,1.0,3
16,0.20205479452054795,macro,1.103432909638192,25,smol1.7b,11,[47],1,concise,1.0,4
64,0.20205479452054795,macro,1.0911040658402595,25,smol1.7b,11,[47],1,concise,1.0,4
4,0.10102739726027397,macro,1.3862943611198906,25,smol1.7b,11,[1],1,fewshot,1.0,4
16,0.10102739726027397,macro,1.661322839318102,25,smol1.7b,11,[1],1,fewshot,1.0,7
64,0.10102739726027397,macro,1.4091728594647566,25,smol1.7b,11,[1],1,fewshot,1.0,8
4,0.20205479452054795,macro,1.0397207708399179,25,smol1.7b,11,[47],1,instruction,1.5,3
16,0.20205479452054795,macro,1.8080457195839967,25,smol1.7b,11,[47],1,instruction,1.5,8
64,0.20205479452054795,macro,1.8343577982156443,25,smol1.7b,11,[47],1,instruction,1.5,13
4,0.056657223796033995,macro,0.5623351446188083,26,smol1.7b,11,[50],1,instruction,1.0,2
16,0.056657223796033995,macro,0.6210863745552451,26,smol1.7b,11,[50],1,instruction,1.0,2
64,0.056657223796033995,macro,0.6754645824509031,26,smol1.7b,11,[50],1,instruction,1.0,2
4,0.17563739376770537,macro,0.5623351446188083,26,smol1.7b,11,[123],1,concise,1.0,2
16,0.17563739376770537,macro,0.6931471805599453,26,smol1.7b,11,[123],1,concise,1.0,2
64,0.17563739376770537,macro,0.7779211220073821,26,smol1.7b,11,[123],1,concise,1.0,3
4,0.056657223796033995,macro,-0.0,26,smol1.7b,11,[50],1,fewshot,1.0,1
16,0.056657223796033995,macro,0.2337916587064593,26,smol1.7b,11,[50],1,fewshot,1.0,2
64,0.056657223796033995,macro,0.6066537188650785,26,smol1.7b,11,[50],1,fewshot,1.0,4
4,0.056657223796033995,macro,0.5623351446188083,26,smol1.7b,11,[50],1,instruction,1.5,2
16,0.056657223796033995,macro,0.8647400965276372,26,smol1.7b,11,[50],1,instruction,1.5,3
64,0.056657223796033995,macro,1.1067323375038847,26,smol1.7b,11,[50],1,instruction,1.5,8
4,0.03400309119010819,macro,1.3862943611198906,27,smol1.7b,11,[63],1,instruction,1.0,4
16,0.03400309119010819,macro,1.5419764327628247,27,smol1.7b,11,[63],1,instruction,1.0,6
64,0.03400309119010819,macro,1.8815901318712858,27,smol1.7b,11,[63],1,instruction,1.0,12
4,0.02472952086553323,macro,1.3862943611198906,27,smol1.7b,11,[145],1,concise,1.0,4
16,0.02472952086553323,macro,1.6516699622283133,27,smol1.7b,11,[145],1,concise,1.0,6
64,0.1731066460587326,macro,1.655194485235485,27,smol1.7b,11,[83],1,concise,1.0,8
4,0.02472952086553323,macro,0.5623351446188083,27,smol1.7b,11,[145],1,fewshot,1.0,2
16,0.10510046367851623,macro,1.249343231067561,27,smol1.7b,11,"[18, 145]",2,fewshot,1.0,5
64,0.1947449768160742,macro,1.457283638865047,27,smol1.7b,11,[198],1,fewshot,1.0,11
4,0.0,macro,1.3862943611198906,27,smol1.7b,11,[],0,instruction,1.5,4
16,0.0,macro,1.7479662368880953,27,smol1.7b,11,[],0,instruction,1.5,8
64,0.2071097372488408,macro,2.311910994093843,27,smol1.7b,11,"[63, 83]",2,instruction,1.5,16
4,0.22036727879799667,macro,0.6931471805599453,28,smol1.7b,11,[42],1,instruction,1.0,2
16,0.25375626043405675,macro,0.8815322611881637,28,smol1.7b,11,"[42, 73]",2,instruction,1.0,3
64,0.25375626043405675,macro,1.3663673610707812,28,smol1.7b,11,"[42, 73]",2,instruction,1.0,7
4,0.25375626043405675,macro,0.5623351446188083,28,smol1.7b,11,"[42, 73]",2,concise,1.0,2
16,0.25375626043405675,macro,0.9840865030829147,28,smol1.7b,11,"[42, 73]",2,concise,1.0,3
64,0.4307178631051753,macro,1.3987682670811232,28,smol1.7b,11,"[42, 78]",2,concise,1.0,7
4,0.24040066777963273,macro,1.0397207708399179,28,smol1.7b,11,"[1, 42]",2,fewshot,1.0,3
16,0.25375626043405675,macro,1.069917341816382,28,smol1.7b,11,"[42, 73]",2,fewshot,1.0,4
64,0.337228714524207,macro,1.6793603613855446,28,smol1.7b,11,"[6, 42, 73]",3,fewshot,1.0,11
4,0.22036727879799667,macro,0.6931471805599453,28,smol1.7b,11,[42],1,instruction,1.5,2
16,0.25375626043405675,macro,0.9832739442463889,28,smol1.7b,11,"[42, 73]",2,instruction,1.5,3
64,0.337228714524207,macro,1.8506266650525622,28,smol1.7b,11,"[6, 42, 73]",3,instruction,1.5,13
4,0.0,macro,0.5623351446188083,29,smol1.7b,11,[],0,instruction,1.0,2
16,0.0,macro,1.3917397695183338,29,smol1.7b,11,[],0,instruction,1.0,5
64,0.0,macro,1.9775657062005216,29,smol1.7b,11,[],0,instruction,1.0,11
4,0.0,macro,0.5623351446188083,29,smol1.7b,11,[],0,concise,1.0,2
16,0.24273504273504273,macro,1.4500064999181648,29,smol1.7b,11,[155],1,concise,1.0,7
64,0.24273504273504273,macro,1.9322857640946534,29,smol1.7b,11,[155],1,concise,1.0,14
4,0.0,macro,1.0397207708399179,29,smol1.7b,11,[],0,fewshot,1.0,3
16,0.11965811965811966,macro,1.2767197047781784,29,smol1.7b,11,[19],1,fewshot,1.0,5
64,0.11965811965811966,macro,1.8449467697344126,29,smol1.7b,11,[19],1,fewshot,1.0,13
4,0.0,macro,1.0397207708399179,29,smol1.7b,11,[],0,instruction,1.5,3
16,0.0,macro,2.1660849392498287,29,smol1.7b,11,[],0,instruction,1.5,10
64,0.0,macro,2.6340376634214606,29,smol1.7b,11,[],0,instruction,1.5,20
4,0.0,macro,0.6931471805599453,30,smol1.7b,11,[],0,instruction,1.0,2
16,0.0,macro,1.628619830332818,30,smol1.7b,11,[],0,instruction,1.0,7
64,0.0,macro,2.0536907842174066,30,smol1.7b,11,[],0,instruction,1.0,12
4,0.0,macro,-0.0,30,smol1.7b,11,[],0,concise,1.0,1
16,0.0,macro,0.2337916587064593,30,smol1.7b,11,[],0,concise,1.0,2
64,0.0,macro,0.4497363009820342,30,smol1.7b,11,[],0,concise,1.0,4
4,0.10708661417322834,macro,1.0397207708399179,30,smol1.7b,11,[19],1,fewshot,1.0,3
16,0.10708661417322834,macro,1.1274832349932322,30,smol1.7b,11,[19],1,fewshot,1.0,5
64,0.10708661417322834,macro,0.9741098584289992,30,smol1.7b,11,[19],1,fewshot,1.0,7
4,0.0,macro,1.3862943611198906,30,smol1.7b,11,[],0,instruction,1.5,4
16,0.0,macro,1.9273921261392744,30,smol1.7b,11,[],0,instruction,1.5,9
64,0.23307086614173228,macro,2.598044961175593,30,smol1.7b,11,[10],1,instruction,1.5,22
4,0.02040816326530612,macro,0.5623351446188083,31,smol1.7b,11,[52],1,instruction,1.0,2
16,0.02040816326530612,macro,1.4075317407193153,31,smol1.7b,11,[52],1,instruction,1.0,5
64,0.05539358600583091,macro,1.4155655776959508,31,smol1.7b,11,"[52, 63]",2,instruction,1.0,7
4,0.17784256559766765,macro,1.0397207708399179,31,smol1.7b,11,[132],1,concise,1.0,3
16,0.17784256559766765,macro,1.474056825273205,31,smol1.7b,11,[132],1,concise,1.0,5
64,0.17784256559766765,macro,1.394123270509837,31,smol1.7b,11,[132],1,concise,1.0,7
4,0.10787172011661808,macro,1.0397207708399179,31,smol1.7b,11,[4],1,fewshot,1.0,3
16,0.1282798833819242,macro,1.700164942414579,31,smol1.7b,11,"[4, 52]",2,fewshot,1.0,6
64,0.23760932944606414,macro,1.7929534844731732,31,smol1.7b,11,"[1, 4, 52]",3,fewshot,1.0,8
4,0.02040816326530612,macro,0.5623351446188083,31,smol1.7b,11,[52],1,instruction,1.5,2
16,0.05539358600583091,macro,1.6886993130287196,31,smol1.7b,11,"[52, 63]",2,instruction,1.5,7
64,0.23760932944606414,macro,1.8610892446769416,31,smol1.7b,11,"[1, 4, 52]",3,instruction,1.5,12
4,0.0,macro,1.0397207708399179,16,smol1.7b,22,[],0,instruction,1.0,3
16,0.07407407407407407,macro,1.749778989184166,16,smol1.7b,22,[76],1,instruction,1.0,7
64,0.08754208754208755,macro,2.165558763908219,16,smol1.7b,22,[65],1,instruction,1.0,15
4,0.08754208754208755,macro,1.3862943611198906,16,smol1.7b,22,[65],1,concise,1.0,4
16,0.08754208754208755,macro,1.749778989184166,16,smol1.7b,22,[65],1,concise,1.0,7
64,0.08754208754208755,macro,1.6957392242349896,16,smol1.7b,22,[65],1,concise,1.0,8
4,0.0,macro,1.0397207708399179,16,smol1.7b,22,[],0,fewshot,1.0,3
16,0.07407407407407407,macro,1.7710163687835907,16,smol1.7b,22,[76],1,fewshot,1.0,7
64,0.13468013468013468,macro,1.993230942680233,16,smol1.7b,22,"[6, 76]",2,fewshot,1.0,10
4,0.0,macro,1.0397207708399179,16,smol1.7b,22,[],0,instruction,1.5,3
16,0.07407407407407407,macro,1.9927981441098428,16,smol1.7b,22,[76],1,instruction,1.5,9
64,0.08754208754208755,macro,2.70278152339495,16,smol1.7b,22,[65],1,instruction,1.5,19
4,0.0,macro,1.3862943611198906,17,smol1.7b,22,[],0,instruction,1.0,4
16,0.0,macro,1.803719377768875,17,smol1.7b,22,[],0,instruction,1.0,7
64,0.0,macro,2.3709557999917186,17,smol1.7b,22,[],0,instruction,1.0,16
4,0.19631901840490798,macro,0.5623351446188083,17,smol1.7b,22,[143],1,concise,1.0,2
16,0.19631901840490798,macro,0.6019239717322894,17,smol1.7b,22,[143],1,concise,1.0,3
64,0.19631901840490798,macro,0.8925572304061387,17,smol1.7b,22,[143],1,concise,1.0,6
4,0.03067484662576687,macro,1.3862943611198906,17,smol1.7b,22,[152],1,fewshot,1.0,4
16,0.19631901840490798,macro,2.306668725404531,17,smol1.7b,22,[143],1,fewshot,1.0,11
64,0.19631901840490798,macro,2.687413021987042,17,smol1.7b,22,[143],1,fewshot,1.0,17
4,0.0,macro,1.3862943611198906,17,smol1.7b,22,[],0,instruction,1.5,4
16,0.0,macro,1.9600951351245584,17,smol1.7b,22,[],0,instruction,1.5,8
64,0.19631901840490798,macro,2.734009195414324,17,smol1.7b,22,[143],1,instruction,1.5,21
4,0.21021021021021022,macro,0.5623351446188083,18,smol1.7b,22,[84],1,instruction,1.0,2
16,0.21021021021021022,macro,1.157373298222901,18,smol1.7b,22,[84],1,instruction,1.0,4
64,0.4294294294294294,macro,1.6167758519320816,18,smol1.7b,22,"[69, 84]",2,instruction,1.0,10
4,0.21021021021021022,macro,0.5623351446188083,18,smol1.7b,22,[84],1,concise,1.0,2
16,0.21021021021021022,macro,0.48257756517701206,18,smol1.7b,22,[84],1,concise,1.0,2
64,0.21021021021021022,macro,1.041856134544033,18,smol1.7b,22,[84],1,concise,1.0,4
4,0.21021021021021022,macro,1.0397207708399179,18,smol1.7b,22,[84],1,fewshot,1.0,3
16,0.21021021021021022,macro,1.3917397695183338,18,smol1.7b,22,[84],1,fewshot,1.0,5
64,0.21021021021021022,macro,1.5483970813974057,18,smol1.7b,22,[84],1,fewshot,1.0,8
4,0.21021021021021022,macro,1.0397207708399179,18,smol1.7b,22,[84],1,instruction,1.5,3
16,0.21021021021021022,macro,1.8080457195839967,18,smol1.7b,22,[84],1,instruction,1.5,8
64,0.4294294294294294,macro,1.9668698754725522,18,smol1.7b,22,"[69, 84]",2,instruction,1.5,13
4,0.0,macro,0.5623351446188083,19,smol1.7b,22,[],0,instruction,1.0,2
16,0.10631229235880399,macro,1.803719377768875,19,smol1.7b,22,[124],1,instruction,1.0,7
64,0.11461794019933555,macro,1.8927030073437223,19,smol1.7b,22,[14],1,instruction,1.0,11
4,0.10631229235880399,macro,-0.0,19,smol1.7b,22,[124],1,concise,1.0,1
16,0.10631229235880399,macro,-0.0,19,smol1.7b,22,[124],1,concise,1.0,1
64,0.11461794019933555,macro,0.34840580122776915,19,smol1.7b,22,[14],1,concise,1.0,4
4,0.11461794019933555,macro,1.0397207708399179,19,smol1.7b,22,[14],1,fewshot,1.0,3
16,0.23255813953488372,macro,1.18030455699462,19,smol1.7b,22,[194],1,fewshot,1.0,4
64,0.23255813953488372,macro,0.9846398667076226,19,smol1.7b,22,[194],1,fewshot,1.0,6
4,0.0,macro,1.0397207708399179,19,smol1.7b,22,[],0,instruction,1.5,3
16,0.10631229235880399,macro,2.1006789212792603,19,smol1.7b,22,[124],1,instruction,1.5,9
64,0.11461794019933555,macro,2.166879118409123,19,smol1.7b,22,[14],1,instruction,1.5,12
4,0.04417670682730924,macro,-0.0,20,smol1.7b,22,[37],1,instruction,1.0,1
16,0.07630522088353414,macro,0.9507489270509151,20,smol1.7b,22,[42],1,instruction,1.0,4
64,0.10843373493975904,macro,1.2560675999070203,20,smol1.7b,22,"[42, 44]",2,instruction,1.0,8
4,0.12048192771084337,macro,1.0397207708399179,20,smol1.7b,22,"[42, 109]",2,concise,1.0,3
16,0.12048192771084337,macro,1.0433534269422906,20,smol1.7b,22,"[42, 109]",2,concise,1.0,3
64,0.12048192771084337,macro,1.2323710920437525,20,smol1.7b,22,"[42, 109]",2,concise,1.0,6
4,0.13453815261044177,macro,1.3862943611198906,20,smol1.7b,22,[1],1,fewshot,1.0,4
16,0.15261044176706828,macro,1.3686896376228384,20,smol1.7b,22,"[1, 42]",2,fewshot,1.0,5
64,0.2429718875502008,macro,1.541974644885267,20,smol1.7b,22,"[1, 6, 109]",3,fewshot,1.0,9
4,0.03614457831325301,macro,1.3862943611198906,20,smol1.7b,22,[72],1,instruction,1.5,4
16,0.07630522088353414,macro,1.8903627753388679,20,smol1.7b,22,[42],1,instruction,1.5,8
64,0.10843373493975904,macro,2.0654355574183523,20,smol1.7b,22,"[42, 44]",2,instruction,1.5,12
4,0.0,macro,0.5623351446188083,21,smol1.7b,22,[],0,instruction,1.0,2
16,0.045941807044410414,macro,1.4500064999181648,21,smol1.7b,22,[51],1,instruction,1.0,7
64,0.1562021439509954,macro,1.5187723884152005,21,smol1.7b,22,"[1, 51]",2,instruction,1.0,12
4,0.0,macro,-0.0,21,smol1.7b,22,[],0,concise,1.0,1
16,0.0,macro,0.6885673693022827,21,smol1.7b,22,[],0,concise,1.0,4
64,0.15007656967840735,macro,0.6333760960772563,21,smol1.7b,22,"[47, 51]",2,concise,1.0,5
4,0.0,macro,0.5623351446188083,21,smol1.7b,22,[],0,fewshot,1.0,2
16,0.045941807044410414,macro,0.908908734898781,21,smol1.7b,22,[51],1,fewshot,1.0,5
64,0.19754977029096477,macro,1.3809309776367158,21,smol1.7b,22,"[1, 51, 66]",3,fewshot,1.0,9
4,0.0,macro,1.0397207708399179,21,smol1.7b,22,[],0,instruction,1.5,3
16,0.045941807044410414,macro,1.840748728569281,21,smol1.7b,22,[51],1,instruction,1.5,8
64,0.4058192955589586,macro,2.1172162294105448,21,smol1.7b,22,"[1, 66, 131]",3,instruction,1.5,15
4,0.0,macro,-0.0,22,smol1.7b,22,[],0,instruction,1.0,1
16,0.0,macro,1.0373923246209082,22,smol1.7b,22,[],0,instruction,1.0,5
64,0.0,macro,1.827099760721071,22,smol1.7b,22,[],0,instruction,1.0,16
4,0.26548672566371684,macro,0.5623351446188083,22,smol1.7b,22,[178],1,concise,1.0,2
16,0.26548672566371684,macro,1.4500064999181648,22,smol1.7b,22,[178],1,concise,1.0,7
64,0.26548672566371684,macro,1.6981565913091359,22,smol1.7b,22,[178],1,concise,1.0,13
4,0.26548672566371684,macro,1.0397207708399179,22,smol1.7b,22,[178],1,fewshot,1.0,3
16,0.26548672566371684,macro,1.5808185358593017,22,smol1.7b,22,[178],1,fewshot,1.0,6
64,0.431858407079646,macro,2.3780554635117266,22,smol1.7b,22,"[178, 191]",2,fewshot,1.0,17
4,0.0,macro,0.5623351446188083,22,smol1.7b,22,[],0,instruction,1.5,2
16,0.0,macro,1.8346096344580884,22,smol1.7b,22,[],0,instruction,1.5,9
64,0.215929203539823,macro,2.6743811129148822,22,smol1.7b,22,[191],1,instruction,1.5,25
4,0.0,macro,0.5623351446188083,23,smol1.7b,22,[],0,instruction,1.0,2
16,0.0,macro,1.541976432762825,23,smol1.7b,22,[],0,instruction,1.0,6
64,0.0,macro,1.7835968776592903,23,smol1.7b,22,[],0,instruction,1.0,12
4,0.0,macro,0.5623351446188083,23,smol1.7b,22,[],0,concise,1.0,2
16,0.0,macro,0.7774621319109287,23,smol1.7b,22,[],0,concise,1.0,3
64,0.027565084226646247,macro,1.1636656462074912,23,smol1.7b,22,[141],1,concise,1.0,8
4,0.0,macro,0.5623351446188083,23,smol1.7b,22,[],0,fewshot,1.0,2
16,0.09494640122511486,macro,1.3032836196522701,23,smol1.7b,22,[20],1,fewshot,1.0,4
64,0.09494640122511486,macro,1.5207820310204077,23,smol1.7b,22,[20],1,fewshot,1.0,7
4,0.0,macro,1.0397207708399179,23,smol1.7b,22,[],0,instruction,1.5,3
16,0.0,macro,1.8080457195839967,23,smol1.7b,22,[],0,instruction,1.5,8
64,0.0,macro,2.179223193539632,23,smol1.7b,22,[],0,instruction,1.5,15
4,0.2868217054263566,macro,1.0397207708399179,24,smol1.7b,22,"[1, 61]",2,instruction,1.0,3
16,0.2868217054263566,macro,1.8364223867541591,24,smol1.7b,22,"[1, 61]",2,instruction,1.0,8
64,0.2868217054263566,macro,1.7902746055806675,24,smol1.7b,22,"[1, 61]",2,instruction,1.0,12
4,0.027906976744186046,macro,0.5623351446188083,24,smol1.7b,22,[42],1,concise,1.0,2
16,0.027906976744186046,macro,1.040839837423239,24,smol1.7b,22,[42],1,concise,1.0,4
64,0.08062015503875969,macro,1.0464899054139427,24,smol1.7b,22,[76],1,concise,1.0,5
4,0.11317829457364341,macro,-0.0,24,smol1.7b,22,[1],1,fewshot,1.0,1
16,0.11317829457364341,macro,1.157373298222901,24,smol1.7b,22,[1],1,fewshot,1.0,4
64,0.12403100775193798,macro,1.3323463328865253,24,smol1.7b,22,"[1, 42]",2,fewshot,1.0,6
4,0.2868217054263566,macro,1.0397207708399179,24,smol1.7b,22,"[1, 61]",2,instruction,1.5,3
16,0.2868217054263566,macro,1.9273921261392744,24,smol1.7b,22,"[1, 61]",2,instruction,1.5,8
64,0.2868217054263566,macro,2.397648015515801,24,smol1.7b,22,"[1, 61]",2,instruction,1.5,18
4,0.0,macro,0.5623351446188083,25,smol1.7b,22,[],0,instruction,1.0,2
16,0.20205479452054795,macro,1.3334730391185028,25,smol1.7b,22,[47],1,instruction,1.0,7
64,0.20205479452054795,macro,1.5119776594454861,25,smol1.7b,22,[47],1,instruction,1.0,12
4,0.20205479452054795,macro,1.0397207708399179,25,smol1.7b,22,[47],1,concise,1.0,3
16,0.20205479452054795,macro,1.3917397695183338,25,smol1.7b,22,[47],1,concise,1.0,5
64,0.20205479452054795,macro,1.6487182320888656,25,smol1.7b,22,[47],1,concise,1.0,9
4,0.0,macro,1.3862943611198906,25,smol1.7b,22,[],0,fewshot,1.0,4
16,0.10102739726027397,macro,1.9061547465398494,25,smol1.7b,22,[1],1,fewshot,1.0,8
64,0.10102739726027397,macro,1.7466478626454922,25,smol1.7b,22,[1],1,fewshot,1.0,11
4,0.0,macro,0.5623351446188083,25,smol1.7b,22,[],0,instruction,1.5,2
16,0.20205479452054795,macro,1.7479662368880953,25,smol1.7b,22,[47],1,instruction,1.5,8
64,0.20205479452054795,macro,2.1706299464712755,25,smol1.7b,22,[47],1,instruction,1.5,15
4,0.056657223796033995,macro,0.6931471805599453,26,smol1.7b,22,[50],1,instruction,1.0,2
16,0.056657223796033995,macro,0.6931471805599453,26,smol1.7b,22,[50],1,instruction,1.0,2
64,0.17563739376770537,macro,1.0850714881113863,26,smol1.7b,22,[123],1,instruction,1.0,7
4,0.17563739376770537,macro,0.5623351446188083,26,smol1.7b,22,[123],1,concise,1.0,2
16,0.17563739376770537,macro,0.9832739442463889,26,smol1.7b,22,[123],1,concise,1.0,3
64,0.17563739376770537,macro,0.9609939881815612,26,smol1.7b,22,[123],1,concise,1.0,4
4,0.056657223796033995,macro,-0.0,26,smol1.7b,22,[50],1,fewshot,1.0,1
16,0.056657223796033995,macro,0.7029189307735104,26,smol1.7b,22,[50],1,fewshot,1.0,3
64,0.056657223796033995,macro,0.6442697621096568,26,smol1.7b,22,[50],1,fewshot,1.0,4
4,0.056657223796033995,macro,1.0397207708399179,26,smol1.7b,22,[50],1,instruction,1.5,3
16,0.056657223796033995,macro,1.069917341816382,26,smol1.7b,22,[50],1,instruction,1.5,4
64,0.22096317280453256,macro,1.4951130205958456,26,smol1.7b,22,"[123, 180]",2,instruction,1.5,8
4,0.1731066460587326,macro,1.3862943611198906,27,smol1.7b,22,[83],1,instruction,1.0,4
16,0.2071097372488408,macro,2.0140355237092673,27,smol1.7b,22,"[63, 83]",2,instruction,1.0,9
64,0.2071097372488408,macro,1.8430173673288757,27,smol1.7b,22,"[63, 83]",2,instruction,1.0,12
4,0.1731066460587326,macro,0.5623351446188083,27,smol1.7b,22,[83],1,concise,1.0,2
16,0.1731066460587326,macro,1.6304325826288886,27,smol1.7b,22,[83],1,concise,1.0,6
64,0.2689335394126739,macro,1.7517034122606696,27,smol1.7b,22,"[18, 83]",2,concise,1.0,8
4,0.10510046367851623,macro,1.0397207708399179,27,smol1.7b,22,"[18, 145]",2,fewshot,1.0,3
16,0.10510046367851623,macro,1.5607002228431979,27,smol1.7b,22,"[18, 145]",2,fewshot,1.0,6
64,0.10510046367851623,macro,1.4074611641600248,27,smol1.7b,22,"[18, 145]",2,fewshot,1.0,6
4,0.02472952086553323,macro,1.3862943611198906,27,smol1.7b,22,[43],1,instruction,1.5,4
16,0.1947449768160742,macro,2.4260151319598084,27,smol1.7b,22,[198],1,instruction,1.5,12
64,0.3678516228748068,macro,2.2079400700163987,27,smol1.7b,22,"[83, 198]",2,instruction,1.5,16
4,0.15025041736227046,macro,0.6931471805599453,28,smol1.7b,22,"[37, 73]",2,instruction,1.0,2
16,0.25375626043405675,macro,1.2996509635498974,28,smol1.7b,22,"[42, 73]",2,instruction,1.0,5
64,0.25375626043405675,macro,1.1517065340140624,28,smol1.7b,22,"[42, 73]",2,instruction,1.0,6
4,0.17362270450751252,macro,0.6931471805599453,28,smol1.7b,22,"[72, 73]",2,concise,1.0,2
16,0.337228714524207,macro,0.918045918065631,28,smol1.7b,22,"[6, 42, 73]",3,concise,1.0,4
64,0.337228714524207,macro,0.887152878892352,28,smol1.7b,22,"[6, 42, 73]",3,concise,1.0,4
4,0.15025041736227046,macro,0.5623351446188083,28,smol1.7b,22,"[37, 73]",2,fewshot,1.0,2
16,0.337228714524207,macro,1.249343231067561,28,smol1.7b,22,"[6, 42, 73]",3,fewshot,1.0,5
64,0.337228714524207,macro,1.2653395211284855,28,smol1.7b,22,"[6, 42, 73]",3,fewshot,1.0,5
4,0.15025041736227046,macro,0.6931471805599453,28,smol1.7b,22,"[37, 73]",2,instruction,1.5,2
16,0.25375626043405675,macro,1.3421257227487469,28,smol1.7b,22,"[42, 73]",2,instruction,1.5,5
64,0.4307178631051753,macro,1.6978580683597746,28,smol1.7b,22,"[42, 78]",2,instruction,1.5,12
4,0.0,macro,1.3862943611198906,29,smol1.7b,22,[],0,instruction,1.0,4
16,0.0,macro,2.0467385326945515,29,smol1.7b,22,[],0,instruction,1.0,9
64,0.0,macro,2.1696860891937,29,smol1.7b,22,[],0,instruction,1.0,13
4,0.0,macro,-0.0,29,smol1.7b,22,[],0,concise,1.0,1
16,0.24273504273504273,macro,0.8222653373287878,29,smol1.7b,22,[155],1,concise,1.0,4
64,0.24273504273504273,macro,1.4558398110680062,29,smol1.7b,22,[155],1,concise,1.0,10
4,0.0,macro,1.0397207708399179,29,smol1.7b,22,[],0,fewshot,1.0,3
16,0.0,macro,1.4402347497045995,29,smol1.7b,22,[],0,fewshot,1.0,6
64,0.24273504273504273,macro,1.7197353297517461,29,smol1.7b,22,[155],1,fewshot,1.0,12
4,0.0,macro,1.3862943611198906,29,smol1.7b,22,[],0,instruction,1.5,4
16,0.0,macro,2.5126585295298014,29,smol1.7b,22,[],0,instruction,1.5,13
64,0.0,macro,2.7717417826536352,29,smol1.7b,22,[],0,instruction,1.5,23
4,0.0,macro,1.0397207708399179,30,smol1.7b,22,[],0,instruction,1.0,3
16,0.0,macro,1.7868083399845722,30,smol1.7b,22,[],0,instruction,1.0,7
64,0.0,macro,2.0266962237844024,30,smol1.7b,22,[],0,instruction,1.0,12
4,0.0,macro,-0.0,30,smol1.7b,22,[],0,concise,1.0,1
16,0.0,macro,0.46341355882643,30,smol1.7b,22,[],0,concise,1.0,3
64,0.0,macro,0.5067352576114266,30,smol1.7b,22,[],0,concise,1.0,4
4,0.0,macro,0.5623351446188083,30,smol1.7b,22,[],0,fewshot,1.0,2
16,0.0,macro,0.918045918065631,30,smol1.7b,22,[],0,fewshot,1.0,4
64,0.23307086614173228,macro,0.9983424452200522,30,smol1.7b,22,[10],1,fewshot,1.0,8
4,0.0,macro,1.3862943611198906,30,smol1.7b,22,[],0,instruction,1.5,4
16,0.0,macro,2.133381930264545,30,smol1.7b,22,[],0,instruction,1.5,10
64,0.23307086614173228,macro,2.4763450519136194,30,smol1.7b,22,[10],1,instruction,1.5,19
4,0.0,macro,0.5623351446188083,31,smol1.7b,22,[],0,instruction,1.0,2
16,0.02040816326530612,macro,1.424442778503618,31,smol1.7b,22,[52],1,instruction,1.0,5
64,0.282798833819242,macro,1.8686192882906454,31,smol1.7b,22,"[4, 132]",2,instruction,1.0,12
4,0.17784256559766765,macro,1.3862943611198906,31,smol1.7b,22,[132],1,concise,1.0,4
16,0.17784256559766765,macro,1.5934032318284823,31,smol1.7b,22,[132],1,concise,1.0,6
64,0.17784256559766765,macro,1.7160929771141473,31,smol1.7b,22,[132],1,concise,1.0,9
4,0.0,macro,1.0397207708399179,31,smol1.7b,22,[],0,fewshot,1.0,3
16,0.1282798833819242,macro,1.6020559154587264,31,smol1.7b,22,"[4, 52]",2,fewshot,1.0,6
64,0.3892128279883382,macro,1.832067892586813,31,smol1.7b,22,"[1, 4, 132]",3,fewshot,1.0,11
4,0.0,macro,0.5623351446188083,31,smol1.7b,22,[],0,instruction,1.5,2
16,0.02040816326530612,macro,1.424442778503618,31,smol1.7b,22,[52],1,instruction,1.5,5
64,0.3892128279883382,macro,2.1111356613492918,31,smol1.7b,22,"[1, 4, 132]",3,instruction,1.5,16
4,0.0,macro,1.0397207708399179,16,smol1.7b,33,[],0,instruction,1.0,3
16,0.08754208754208755,macro,1.541976432762825,16,smol1.7b,33,[65],1,instruction,1.0,6
64,0.08754208754208755,macro,1.900360830607414,16,smol1.7b,33,[65],1,instruction,1.0,12
4,0.07407407407407407,macro,1.0397207708399179,16,smol1.7b,33,[76],1,concise,1.0,3
16,0.12457912457912458,macro,1.803719377768875,16,smol1.7b,33,"[65, 77]",2,concise,1.0,7
64,0.12457912457912458,macro,1.6060171678350355,16,smol1.7b,33,"[65, 77]",2,concise,1.0,7
4,0.07407407407407407,macro,1.0397207708399179,16,smol1.7b,33,[76],1,fewshot,1.0,3
16,0.12457912457912458,macro,1.9600951351245584,16,smol1.7b,33,"[65, 77]",2,fewshot,1.0,8
64,0.14983164983164984,macro,2.0082041266472914,16,smol1.7b,33,"[6, 65]",2,fewshot,1.0,11
4,0.0,macro,1.0397207708399179,16,smol1.7b,33,[],0,instruction,1.5,3
16,0.08754208754208755,macro,2.0636495704788542,16,smol1.7b,33,[65],1,instruction,1.5,10
64,0.08754208754208755,macro,2.2837843752885667,16,smol1.7b,33,[65],1,instruction,1.5,14
4,0.0,macro,1.3862943611198906,17,smol1.7b,33,[],0,instruction,1.0,4
16,0.0,macro,1.9273921261392741,17,smol1.7b,33,[],0,instruction,1.0,8
64,0.0,macro,2.346239560379389,17,smol1.7b,33,[],0,instruction,1.0,15
4,0.0,macro,-0.0,17,smol1.7b,33,[],0,concise,1.0,1
16,0.19631901840490798,macro,0.7774621319109288,17,smol1.7b,33,[143],1,concise,1.0,3
64,0.19631901840490798,macro,1.3105757171987296,17,smol1.7b,33,[143],1,concise,1.0,10
4,0.0,macro,1.0397207708399179,17,smol1.7b,33,[],0,fewshot,1.0,3
16,0.2147239263803681,macro,2.1873223188492537,17,smol1.7b,33,[235],1,fewshot,1.0,10
64,0.2147239263803681,macro,2.3226714279985647,17,smol1.7b,33,[235],1,fewshot,1.0,15
4,0.0,macro,1.3862943611198906,17,smol1.7b,33,[],0,instruction,1.5,4
16,0.0,macro,2.0794415416798357,17,smol1.7b,33,[],0,instruction,1.5,9
64,0.0,macro,2.681760543080721,17,smol1.7b,33,[],0,instruction,1.5,21
4,0.21021021021021022,macro,0.5623351446188083,18,smol1.7b,33,[84],1,instruction,1.0,2
16,0.21021021021021022,macro,1.5746794417481091,18,smol1.7b,33,[84],1,instruction,1.0,7
64,0.21021021021021022,macro,1.0200032946125506,18,smol1.7b,33,[84],1,instruction,1.0,9
4,0.21021021021021022,macro,0.6931471805599453,18,smol1.7b,33,[84],1,concise,1.0,2
16,0.21021021021021022,macro,1.157373298222901,18,smol1.7b,33,[84],1,concise,1.0,4
64,0.21021021021021022,macro,0.892496039113032,18,smol1.7b,33,[84],1,concise,1.0,4
4,0.21021021021021022,macro,1.0397207708399179,18,smol1.7b,33,[84],1,fewshot,1.0,3
16,0.21021021021021022,macro,1.234244945579329,18,smol1.7b,33,[84],1,fewshot,1.0,4
64,0.21021021021021022,macro,1.2765747234744698,18,smol1.7b,33,[84],1,fewshot,1.0,7
4,0.4294294294294294,macro,1.3862943611198906,18,smol1.7b,33,"[69, 84]",2,instruction,1.5,4
16,0.4294294294294294,macro,2.0636495704788542,18,smol1.7b,33,"[69, 84]",2,instruction,1.5,10
64,0.4294294294294294,macro,1.7358070675985577,18,smol1.7b,33,"[69, 84]",2,instruction,1.5,13
4,0.0,macro,1.0397207708399179,19,smol1.7b,33,[],0,instruction,1.0,3
16,0.0,macro,1.7479662368880953,19,smol1.7b,33,[],0,instruction,1.0,8
64,0.11461794019933555,macro,2.1922976415170092,19,smol1.7b,33,[14],1,instruction,1.0,14
4,0.10631229235880399,macro,-0.0,19,smol1.7b,33,[124],1,concise,1.0,1
16,0.23255813953488372,macro,0.46341355882643,19,smol1.7b,33,[194],1,concise,1.0,3
64,0.23255813953488372,macro,0.7710886844723513,19,smol1.7b,33,[194],1,concise,1.0,6
4,0.10631229235880399,macro,0.5623351446188083,19,smol1.7b,33,[124],1,fewshot,1.0,2
16,0.23255813953488372,macro,1.1274832349932322,19,smol1.7b,33,[194],1,fewshot,1.0,5
64,0.23255813953488372,macro,1.4000525913621282,19,smol1.7b,33,[194],1,fewshot,1.0,8
4,0.0,macro,1.0397207708399179,19,smol1.7b,33,[],0,instruction,1.5,3
16,0.23255813953488372,macro,2.3393717343898155,19,smol1.7b,33,[194],1,instruction,1.5,12
64,0.23255813953488372,macro,2.6229822442526114,19,smol1.7b,33,[194],1,instruction,1.5,20
4,0.04417670682730924,macro,0.6931471805599453,20,smol1.7b,33,[37],1,instruction,1.0,2
16,0.04417670682730924,macro,1.0239287996389363,20,smol1.7b,33,[37],1,instruction,1.0,3
64,0.10843373493975904,macro,1.3552432863149926,20,smol1.7b,33,"[42, 44]",2,instruction,1.0,6
4,0.07630522088353414,macro,-0.0,20,smol1.7b,33,[42],1,concise,1.0,1
16,0.12048192771084337,macro,1.0717300941124526,20,smol1.7b,33,"[42, 109]",2,concise,1.0,3
64,0.12048192771084337,macro,1.3885707627280817,20,smol1.7b,33,"[42, 109]",2,concise,1.0,6
4,0.10843373493975904,macro,1.0397207708399179,20,smol1.7b,33,"[42, 44]",2,fewshot,1.0,3
16,0.10843373493975904,macro,1.6020559154587264,20,smol1.7b,33,"[42, 44]",2,fewshot,1.0,6
64,0.10843373493975904,macro,1.6471999172659477,20,smol1.7b,33,"[42, 44]",2,fewshot,1.0,7
4,0.04417670682730924,macro,1.0397207708399179,20,smol1.7b,33,[37],1,instruction,1.5,3
16,0.04417670682730924,macro,1.8080457195839967,20,smol1.7b,33,[37],1,instruction,1.5,8
64,0.10843373493975904,macro,2.049737503190858,20,smol1.7b,33,"[42, 44]",2,instruction,1.5,13
4,0.0,macro,1.3862943611198906,21,smol1.7b,33,[],0,instruction,1.0,4
16,0.11026033690658499,macro,1.7170759801988817,21,smol1.7b,33,[1],1,instruction,1.0,7
64,0.1562021439509954,macro,1.6329680918323008,21,smol1.7b,33,"[1, 51]",2,instruction,1.0,10
4,0.0,macro,0.5623351446188083,21,smol1.7b,33,[],0,concise,1.0,2
16,0.0,macro,0.6019239717322895,21,smol1.7b,33,[],0,concise,1.0,3
64,0.045941807044410414,macro,1.1778088590143754,21,smol1.7b,33,[51],1,concise,1.0,6
4,0.026033690658499236,macro,1.0397207708399179,21,smol1.7b,33,[2],1,fewshot,1.0,3
16,0.1362940275650842,macro,1.9600951351245584,21,smol1.7b,33,"[1, 2]",2,fewshot,1.0,8
64,0.1562021439509954,macro,1.8181554244169096,21,smol1.7b,33,"[1, 51]",2,fewshot,1.0,9
4,0.0,macro,1.3862943611198906,21,smol1.7b,33,[],0,instruction,1.5,4
16,0.1362940275650842,macro,2.1873223188492537,21,smol1.7b,33,"[1, 2]",2,instruction,1.5,10
64,0.1562021439509954,macro,2.1971112594376305,21,smol1.7b,33,"[1, 51]",2,instruction,1.5,14
4,0.0,macro,1.3862943611198906,22,smol1.7b,33,[],0,instruction,1.0,4
16,0.0,macro,1.661322839318102,22,smol1.7b,33,[],0,instruction,1.0,7
64,0.0,macro,2.3934481864731114,22,smol1.7b,33,[],0,instruction,1.0,17
4,0.26548672566371684,macro,1.3862943611198906,22,smol1.7b,33,[178],1,concise,1.0,4
16,0.26548672566371684,macro,1.89468911715399,22,smol1.7b,33,[178],1,concise,1.0,9
64,0.26548672566371684,macro,2.219420638016694,22,smol1.7b,33,[178],1,concise,1.0,20
4,0.0,macro,1.3862943611198906,22,smol1.7b,33,[],0,fewshot,1.0,4
16,0.26548672566371684,macro,2.3933121229745242,22,smol1.7b,33,[178],1,fewshot,1.0,12
64,0.431858407079646,macro,2.91659844903261,22,smol1.7b,33,"[178, 191]",2,fewshot,1.0,28
4,0.0,macro,1.0397207708399179,22,smol1.7b,33,[],0,instruction,1.5,3
16,0.0,macro,1.8903627753388679,22,smol1.7b,33,[],0,instruction,1.5,8
64,0.0920353982300885,macro,3.003167007543461,22,smol1.7b,33,[203],1,instruction,1.5,28
4,0.0,macro,1.3862943611198906,23,smol1.7b,33,[],0,instruction,1.0,4
16,0.0,macro,1.8734517375545654,23,smol1.7b,33,[],0,instruction,1.0,7
64,0.0,macro,1.8577357704595383,23,smol1.7b,33,[],0,instruction,1.0,8
4,0.0,macro,0.6931471805599453,23,smol1.7b,33,[],0,concise,1.0,2
16,0.09494640122511486,macro,1.3862943611198906,23,smol1.7b,33,[20],1,concise,1.0,6
64,0.09494640122511486,macro,1.358477227241389,23,smol1.7b,33,[20],1,concise,1.0,8
4,0.0,macro,0.5623351446188083,23,smol1.7b,33,[],0,fewshot,1.0,2
16,0.09494640122511486,macro,1.5154125178887332,23,smol1.7b,33,[20],1,fewshot,1.0,5
64,0.09494640122511486,macro,1.7434172631199152,23,smol1.7b,33,[20],1,fewshot,1.0,10
4,0.0,macro,1.3862943611198906,23,smol1.7b,33,[],0,instruction,1.5,4
16,0.0,macro,2.0467385326945515,23,smol1.7b,33,[],0,instruction,1.5,9
64,0.0,macro,2.2427451844177253,23,smol1.7b,33,[],0,instruction,1.5,13
4,0.17364341085271318,macro,1.0397207708399179,24,smol1.7b,33,[61],1,instruction,1.0,3
16,0.40310077519379844,macro,1.2468296415485096,24,smol1.7b,33,"[61, 181]",2,instruction,1.0,6
64,0.40310077519379844,macro,1.9550655568705326,24,smol1.7b,33,"[61, 130, 181]",3,instruction,1.0,16
4,0.0,macro,1.0397207708399179,24,smol1.7b,33,[],0,concise,1.0,3
16,0.40310077519379844,macro,1.4183036843924253,24,smol1.7b,33,"[61, 181]",2,concise,1.0,6
64,0.40310077519379844,macro,1.8281657847296715,24,smol1.7b,33,"[61, 181]",2,concise,1.0,10
4,0.11317829457364341,macro,1.0397207708399179,24,smol1.7b,33,[1],1,fewshot,1.0,3
16,0.40310077519379844,macro,1.6886993130287196,24,smol1.7b,33,"[61, 181]",2,fewshot,1.0,7
64,0.40310077519379844,macro,1.7393949452520867,24,smol1.7b,33,"[61, 181]",2,fewshot,1.0,8
4,0.17364341085271318,macro,1.0397207708399179,24,smol1.7b,33,[61],1,instruction,1.5,3
16,0.40310077519379844,macro,1.8364223867541591,24,smol1.7b,33,"[61, 181]",2,instruction,1.5,8
64,0.40310077519379844,macro,2.614987676283074,24,smol1.7b,33,"[61, 130, 181]",3,instruction,1.5,21
4,0.0,macro,1.0397207708399179,25,smol1.7b,33,[],0,instruction,1.0,3
16,0.0,macro,1.3917397695183338,25,smol1.7b,33,[],0,instruction,1.0,5
64,0.0,macro,1.005850460494356,25,smol1.7b,33,[],0,instruction,1.0,5
4,0.20205479452054795,macro,0.5623351446188083,25,smol1.7b,33,[47],1,concise,1.0,2
16,0.20205479452054795,macro,0.8222653373287878,25,smol1.7b,33,[47],1,concise,1.0,4
64,0.20205479452054795,macro,0.7719695547885285,25,smol1.7b,33,[47],1,concise,1.0,6
4,0.0,macro,1.3862943611198906,25,smol1.7b,33,[],0,fewshot,1.0,4
16,0.0,macro,1.749778989184166,25,smol1.7b,33,[],0,fewshot,1.0,7
64,0.10102739726027397,macro,1.5479512752752198,25,smol1.7b,33,[1],1,fewshot,1.0,10
4,0.0,macro,1.0397207708399179,25,smol1.7b,33,[],0,instruction,1.5,3
16,0.0,macro,1.8734517375545652,25,smol1.7b,33,[],0,instruction,1.5,8
64,0.13013698630136986,macro,2.0644457794496858,25,smol1.7b,33,"[1, 105]",2,instruction,1.5,17
4,0.17563739376770537,macro,1.0397207708399179,26,smol1.7b,33,[123],1,instruction,1.0,3
16,0.17563739376770537,macro,0.8647400965276372,26,smol1.7b,33,[123],1,instruction,1.0,3
64,0.22096317280453256,macro,0.9480787588320596,26,smol1.7b,33,"[123, 180]",2,instruction,1.0,5
4,0.17563739376770537,macro,-0.0,26,smol1.7b,33,[123],1,concise,1.0,1
16,0.17563739376770537,macro,0.37677016125643675,26,smol1.7b,33,[123],1,concise,1.0,2
64,0.17563739376770537,macro,0.39006309770439546,26,smol1.7b,33,[123],1,concise,1.0,3
4,0.17563739376770537,macro,1.0397207708399179,26,smol1.7b,33,[123],1,fewshot,1.0,3
16,0.17563739376770537,macro,0.8222653373287878,26,smol1.7b,33,[123],1,fewshot,1.0,4
64,0.32577903682719545,macro,1.2956949790677317,26,smol1.7b,33,"[24, 123, 180]",3,fewshot,1.0,8
4,0.17563739376770537,macro,1.0397207708399179,26,smol1.7b,33,[123],1,instruction,1.5,3
16,0.22096317280453256,macro,1.4183036843924253,26,smol1.7b,33,"[123, 180]",2,instruction,1.5,6
64,0.22096317280453256,macro,1.5138420153609655,26,smol1.7b,33,"[123, 180]",2,instruction,1.5,11
4,0.0,macro,1.0397207708399179,27,smol1.7b,33,[],0,instruction,1.0,3
16,0.03400309119010819,macro,1.836422386754159,27,smol1.7b,33,[63],1,instruction,1.0,8
64,0.05255023183925812,macro,2.109209108065876,27,smol1.7b,33,"[63, 145]",2,instruction,1.0,13
4,0.0,macro,-0.0,27,smol1.7b,33,[],0,concise,1.0,1
16,0.02472952086553323,macro,1.5808185358593017,27,smol1.7b,33,[145],1,concise,1.0,6
64,0.02472952086553323,macro,1.5353260265180877,27,smol1.7b,33,[145],1,concise,1.0,8
4,0.02472952086553323,macro,1.0397207708399179,27,smol1.7b,33,[145],1,fewshot,1.0,3
16,0.10510046367851623,macro,1.7214023220140038,27,smol1.7b,33,"[18, 145]",2,fewshot,1.0,6
64,0.10510046367851623,macro,1.8723048637677981,27,smol1.7b,33,"[18, 145]",2,fewshot,1.0,10
4,0.02472952086553323,macro,1.0397207708399179,27,smol1.7b,33,[43],1,instruction,1.5,3
16,0.02472952086553323,macro,1.8946891171539901,27,smol1.7b,33,[43],1,instruction,1.5,9
64,0.05255023183925812,macro,2.3942969139368167,27,smol1.7b,33,"[63, 145]",2,instruction,1.5,16
4,0.22036727879799667,macro,0.5623351446188083,28,smol1.7b,33,[42],1,instruction,1.0,2
16,0.24040066777963273,macro,1.5481155268740174,28,smol1.7b,33,"[1, 42]",2,instruction,1.0,6
64,0.25375626043405675,macro,1.66311140054187,28,smol1.7b,33,"[42, 73]",2,instruction,1.0,9
4,0.25375626043405675,macro,0.6931471805599453,28,smol1.7b,33,"[42, 73]",2,concise,1.0,2
16,0.25375626043405675,macro,1.1626998334975678,28,smol1.7b,33,"[42, 73]",2,concise,1.0,4
64,0.25375626043405675,macro,1.2165064112571449,28,smol1.7b,33,"[42, 73]",2,concise,1.0,4
4,0.22036727879799667,macro,1.3862943611198906,28,smol1.7b,33,[42],1,fewshot,1.0,4
16,0.24040066777963273,macro,1.8195113489698564,28,smol1.7b,33,"[1, 42]",2,fewshot,1.0,7
64,0.337228714524207,macro,1.865318963165252,28,smol1.7b,33,"[6, 42, 73]",3,fewshot,1.0,10
4,0.0,macro,1.3862943611198906,28,smol1.7b,33,[],0,instruction,1.5,4
16,0.22036727879799667,macro,2.0467385326945515,28,smol1.7b,33,[42],1,instruction,1.5,9
64,0.25375626043405675,macro,2.124795967801214,28,smol1.7b,33,"[42, 73]",2,instruction,1.5,12
4,0.0,macro,1.0397207708399179,29,smol1.7b,33,[],0,instruction,1.0,3
16,0.0,macro,1.7868083399845722,29,smol1.7b,33,[],0,instruction,1.0,7
64,0.0,macro,2.5693679081387426,29,smol1.7b,33,[],0,instruction,1.0,19
4,0.0,macro,-0.0,29,smol1.7b,33,[],0,concise,1.0,1
16,0.0,macro,0.9002560512685369,29,smol1.7b,33,[],0,concise,1.0,3
64,0.0,macro,1.6315544930406387,29,smol1.7b,33,[],0,concise,1.0,11
4,0.0,macro,0.5623351446188083,29,smol1.7b,33,[],0,fewshot,1.0,2
16,0.24273504273504273,macro,1.488036044178116,29,smol1.7b,33,[155],1,fewshot,1.0,6
64,0.24273504273504273,macro,2.181248636270988,29,smol1.7b,33,[155],1,fewshot,1.0,17
4,0.0,macro,1.3862943611198906,29,smol1.7b,33,[],0,instruction,1.5,4
16,0.0,macro,2.067975912293976,29,smol1.7b,33,[],0,instruction,1.5,9
64,0.0,macro,2.9819296279440364,29,smol1.7b,33,[],0,instruction,1.5,25
4,0.0,macro,1.3862943611198906,30,smol1.7b,33,[],0,instruction,1.0,4
16,0.0,macro,1.89468911715399,30,smol1.7b,33,[],0,instruction,1.0,9
64,0.0,macro,2.577230867490287,30,smol1.7b,33,[],0,instruction,1.0,19
4,0.0,macro,0.5623351446188083,30,smol1.7b,33,[],0,concise,1.0,2
16,0.0,macro,0.6885673693022827,30,smol1.7b,33,[],0,concise,1.0,4
64,0.0,macro,0.7410199960943311,30,smol1.7b,33,[],0,concise,1.0,7
4,0.0,macro,1.0397207708399179,30,smol1.7b,33,[],0,fewshot,1.0,3
16,0.0,macro,0.8647400965276372,30,smol1.7b,33,[],0,fewshot,1.0,3
64,0.0,macro,1.0701614495561256,30,smol1.7b,33,[],0,fewshot,1.0,7
4,0.0,macro,1.3862943611198906,30,smol1.7b,33,[],0,instruction,1.5,4
16,0.0,macro,2.4260151319598084,30,smol1.7b,33,[],0,instruction,1.5,12
64,0.0,macro,3.113709264472655,30,smol1.7b,33,[],0,instruction,1.5,26
4,0.0,macro,0.5623351446188083,31,smol1.7b,33,[],0,instruction,1.0,2
16,0.10787172011661808,macro,1.628619830332818,31,smol1.7b,33,[4],1,instruction,1.0,7
64,0.282798833819242,macro,1.6266206533272298,31,smol1.7b,33,"[4, 132]",2,instruction,1.0,12
4,0.17784256559766765,macro,1.0397207708399179,31,smol1.7b,33,[132],1,concise,1.0,3
16,0.17784256559766765,macro,1.4729377586898837,31,smol1.7b,33,[132],1,concise,1.0,6
64,0.17784256559766765,macro,1.1346795599099346,31,smol1.7b,33,[132],1,concise,1.0,7
4,0.01020408163265306,macro,1.0397207708399179,31,smol1.7b,33,[2],1,fewshot,1.0,3
16,0.11807580174927114,macro,1.8195113489698564,31,smol1.7b,33,"[2, 4]",2,fewshot,1.0,7
64,0.282798833819242,macro,1.9313624902899478,31,smol1.7b,33,"[4, 132]",2,fewshot,1.0,12
4,0.0,macro,1.0397207708399179,31,smol1.7b,33,[],0,instruction,1.5,3
16,0.17784256559766765,macro,2.009709181894145,31,smol1.7b,33,[132],1,instruction,1.5,9
64,0.29591836734693877,macro,2.2574705087793614,31,smol1.7b,33,"[4, 63, 132]",3,instruction,1.5,16
